PassengerId,Survived,Pclass,Name,Sex,Age,SibSp,Parch,Ticket,Fare,Cabin,Embarked
1,0,2,"Perez, Mrs. Amy",female,21.170307440513938,1,1,13036,98.58462835928259,,S
2,1,2,"Cummings, Miss. Olivia",male,59.964322917711854,0,1,SOTON/O 962322,19.590832639153614,,S
3,1,1,"Williams, Master. Elizabeth",male,53.31950712719454,0,1,W.E.P. 936619,293.4344343183351,,S
4,0,3,"Evans, Mr. Elizabeth",female,40.23309607742209,1,0,SOTON/O 814869,58.65594396248176,,S
5,0,3,"Green, Miss. Benjamin",male,25.196936969620424,2,0,68328,52.43086195188956,,S
6,0,3,"Mcdonald, Miss. Danielle",female,46.80881525371612,0,0,71036,8.235275331162386,,S
7,0,1,"Le, Master. Joshua",female,14.131565053293581,1,0,CA 560522,47.06282778477469,,C
8,1,3,"Baker, Dr. Melissa",male,45.07205441341963,0,0,56880,8.428325678749275,C71,S
9,0,3,"James, Master. Angela",female,42.99162952388061,1,1,PC 256220,76.5322970045528,,S
10,1,3,"Mclean, Mr. Larry",male,27.88115971491007,0,0,STON/O 734929,7.448346731863166,,S
11,0,3,"Hawkins, Master. Hailey",male,45.948608386910806,1,3,46041,22.223243385498474,,C
12,1,3,"Williams, Mr. Clifford",male,23.7389041875061,1,0,67548,32.38315082418788,,S
13,1,3,"Porter, Master. Samantha",male,12.288801626624728,0,0,39737,81.78744236069126,,C
14,0,2,"Evans, Dr. Kathy",male,43.6915101819989,0,0,SC/Paris 903819,50.08701180428494,,S
15,0,3,"Taylor, Mr. Lisa",male,28.806598992047572,1,0,90037,68.90983392960753,,S
16,0,1,"Gonzales, Mr. Terri",female,38.42492844618135,0,0,SC/Paris 130397,13.98398289816461,,C
17,0,1,"Dean, Miss. Tyler",female,55.49241228183169,2,0,STON/O 639745,13.542129352296833,,Q
18,0,2,"Sanford, Master. Gina",female,19.888442986451842,0,0,28611,23.951809882403296,E82,C
19,0,1,"Lawson, Miss. Richard",male,27.992686932240346,2,0,60616,0.9428780255732485,,S
20,0,2,"Huynh, Mrs. John",male,51.974883064088,1,0,SC/Paris 728551,88.80537036432042,,C
21,0,1,"Bowman, Mr. Robert",male,39.36224423197397,0,0,47169,23.099285235338716,,S
22,0,1,"Anderson, Dr. Michael",male,20.20304158113565,0,0,20710,3.4971824670068505,,Q
23,0,3,"Castaneda, Dr. Ana",male,16.629752150447302,0,0,A/5 794727,102.87048776637569,,S
24,0,1,"Bailey, Mr. Michael",female,22.60687103855316,1,0,93622,171.83045610745148,,C
25,0,3,"Maddox, Miss. Brian",male,19.6621941327597,1,1,54246,52.005548377689195,A34,S
26,1,1,"Thomas, Mr. Tyler",male,33.32287367285343,0,0,25676,22.0485220923788,,S
27,0,3,"Martinez, Mrs. Kristy",male,31.098083100766395,0,1,CA 123303,26.70104383371999,,C
28,0,3,"Hess, Mrs. Sandra",male,33.90932855985492,0,0,STON/O 469972,14.796174557700773,,S
29,0,3,"Wells, Mrs. Michael",male,18.228620778163048,0,0,65750,62.114090797175145,,S
30,0,3,"Hernandez, Mr. Laura",male,29.00832529464643,0,0,SC/Paris 736964,22.00842389666145,,Q
31,0,1,"Moses, Master. Kimberly",female,1.2202031646129683,1,0,SC/Paris 402761,1.6511551567899974,,Q
32,0,3,"Schmitt, Miss. Maria",male,32.03008844305913,1,0,PC 140636,2.3630811558478553,,S
33,0,3,"Richardson, Dr. Mikayla",female,46.45616902938211,1,0,STON/O 443076,47.693083633878565,,S
34,1,3,"Fowler, Master. Michelle",male,10.053557269153476,1,0,SC/Paris 774440,17.15156552947324,,Q
35,1,3,"Brown, Mr. Jacob",male,36.767995229064454,1,0,20674,9.231709741668856,,S
36,1,2,"Smith, Miss. Luis",female,21.445799075352113,0,1,65228,40.18886112538976,,C
37,0,3,"Sanchez, Mr. Bryan",male,41.23501615170717,1,0,SC/Paris 580809,16.316744281783983,,S
38,0,2,"Valdez, Dr. Travis",male,32.221064316971905,0,1,SOTON/O 848603,3.8081738678670174,,S
39,1,3,"Tanner, Mr. Jonathon",female,35.66585757724617,0,0,25745,10.757677235792668,,S
40,0,1,"Jimenez, Mr. Danny",male,30.907534582576165,0,0,10457,75.2328902321208,,S
41,0,3,"Walker, Master. Sean",male,48.59664528938094,1,0,SC/Paris 993948,95.53102439687805,,Q
42,0,1,"Wilcox, Mr. Amy",female,34.863746687731435,1,0,A/5 731347,102.84395158084378,,Q
43,0,1,"Downs, Dr. Michael",female,20.124068003965682,0,0,SC/Paris 530745,38.26792655960559,,S
44,1,3,"Callahan, Master. Elizabeth",male,31.382010732494052,0,0,SOTON/O 203509,150.74690865359852,,S
45,0,3,"Petty, Mr. Alexander",male,24.83566539847531,0,1,SOTON/O 474280,8.224208962644388,,S
46,1,3,"Roberson, Mr. Melvin",female,32.273598691274245,2,0,21373,56.71552128130308,E42,C
47,0,1,"Carter, Mrs. Rebecca",male,24.123224026864623,0,1,25618,60.91399608329597,,S
48,0,1,"Smith, Mrs. Allison",male,20.524649702351596,0,0,PC 832551,2.732599223723452,,Q
49,0,3,"Williams, Master. John",male,32.78981097847824,0,1,57676,16.595468012880893,G121,S
50,0,3,"Hudson, Dr. Emily",female,30.78105480063175,1,0,CA 828917,148.8436962851337,A118,S
51,1,3,"Mccarthy, Mr. Julia",male,44.89538183064187,0,0,SC/Paris 994511,71.15391460862313,,S
52,1,3,"Williams, Miss. Richard",female,24.19061769214062,1,1,96715,2.812326001554488,,S
53,1,3,"Johnston, Master. Shelby",male,2.268046135065699,0,0,72603,38.9127999587986,,S
54,1,2,"Nunez, Master. Wayne",male,24.90580882151362,1,0,60285,52.294661461417434,,S
55,0,3,"Sanchez, Mr. Nicholas",female,7.229969375167922,0,0,SC/Paris 926974,180.75059498188344,E48,S
56,1,3,"Chase, Master. Joseph",female,35.819407637352064,0,0,60741,63.01554186807549,,C
57,0,2,"Smith, Miss. James",male,6.565429003116975,0,0,A/5 178809,50.89596028035055,,S
58,0,3,"Castro, Master. Shannon",male,16.162805126202578,0,0,SC/Paris 589116,119.58582554012212,,S
59,0,3,"Johnson, Dr. Joshua",female,24.92731758415192,1,0,24455,54.07850689390663,,S
60,0,2,"Bauer, Miss. Carolyn",female,51.61530846665603,0,0,A/5 740143,134.50220988346913,,S
61,0,2,"Mcconnell, Dr. Frank",male,14.979538379991155,0,0,22500,33.94014364772637,,S
62,0,1,"Nicholson, Mrs. Michelle",male,30.173669764052207,0,0,45917,63.39269367699666,,C
63,1,3,"Holmes, Mrs. Justin",female,38.119672077401624,0,0,11815,49.950293677842204,,S
64,0,1,"Freeman, Mr. Victoria",female,50.77684774508977,2,1,92708,40.20684479775631,B178,Q
65,0,1,"Moreno, Mr. Scott",female,40.88912652409974,1,0,STON/O 533230,19.585106781035712,,S
66,0,3,"Taylor, Master. Anthony",male,45.314697322854514,0,0,PC 867552,117.0550858910162,E48,S
67,0,3,"Mann, Mrs. John",male,42.10029882392158,1,0,SOTON/O 162887,15.738595711475497,,C
68,1,3,"Fisher, Master. Tracy",male,13.072278400454053,0,1,29972,8.681339162768593,F170,S
69,0,3,"Woods, Master. Charles",male,35.035689460438654,0,0,PC 888144,62.24844056820612,,S
70,1,3,"Newman, Dr. Jason",male,41.88125333041112,0,0,A/5 763982,39.54382649635142,,C
71,1,3,"Quinn, Miss. Rhonda",male,16.608995944563723,0,1,STON/O 672733,15.248917325403252,,C
72,0,3,"Porter, Dr. Robert",male,21.883361725863683,0,1,97499,102.12951097497074,,S
73,0,3,"Taylor, Dr. Dale",male,18.755307868221212,1,0,A/5 816508,16.858118828919864,,S
74,1,2,"Barber, Dr. Steven",female,40.81672180355247,0,0,CA 863681,3.2953501352559207,B1,S
75,1,3,"Lawson, Miss. Leah",female,29.030064315392153,0,1,53199,0.7743004387236315,,S
76,1,2,"Johnson, Dr. Eric",male,25.508157479308643,1,0,SOTON/O 448108,128.1034342696904,,C
77,1,1,"Crosby, Mr. James",male,12.056621166858172,0,0,27525,25.72311978037396,,Q
78,0,2,"Dalton, Master. Denise",male,29.056480455286906,0,1,A/5 338993,12.007422590207199,,C
79,0,1,"Carroll, Dr. Stephen",female,22.053763030213513,1,1,W.E.P. 994620,41.86258959388928,,Q
80,0,3,"Brown, Mrs. Daniel",male,33.406753913698275,0,0,72137,33.46036839280765,,Q
81,1,3,"Jones, Miss. Jose",female,13.998459218963688,0,0,PC 686624,437.8529513975868,,S
82,1,3,"Shaw, Master. Ronald",male,32.49068763308681,0,0,79314,109.6887655893574,,S
83,0,3,"Sanchez, Dr. Cristina",male,23.85468921301651,0,0,A/5 744709,15.811094238208248,F116,Q
84,0,3,"Hartman, Miss. Heather",female,12.509843039707949,0,0,STON/O 402434,59.81833641759555,F120,S
85,0,1,"Brown, Miss. Cameron",male,11.418023469705947,0,0,65904,24.4837688339045,,S
86,0,3,"Watkins, Mrs. Michael",male,13.521714567682281,1,0,93342,22.662255085362425,,C
87,1,3,"Leach, Miss. Darin",male,27.11041319583241,1,0,99321,22.87272135078465,,S
88,1,2,"Silva, Master. Stephanie",male,31.693936081089007,4,0,72284,50.97922074746791,,S
89,1,3,"Lewis, Miss. Jose",male,33.77753085328054,1,0,80524,38.60777372039177,C72,S
90,0,1,"Morrison, Dr. Mariah",male,34.30574084819827,1,0,A/5 845913,70.33504264160159,C152,S
91,0,1,"Gibson, Mr. David",female,19.380674346291194,0,1,30164,8.301893700295214,,S
92,1,1,"Whitney, Miss. Mark",female,44.81764071333246,1,0,97857,27.706410179919637,,S
93,1,2,"Reed, Master. Paul",female,23.80884263588586,1,0,STON/O 193616,98.42115314088406,,S
94,0,3,"George, Dr. Vanessa",male,36.30209664083625,0,0,98127,0.15847033686921946,,S
95,1,3,"Ross, Miss. Jennifer",male,27.701823931086565,0,0,SOTON/O 429921,48.840832224437285,,S
96,0,2,"Myers, Miss. Travis",male,35.25869724384258,0,0,SOTON/O 990463,77.02755731359213,C14,S
97,0,3,"Brown, Dr. Jennifer",male,26.999407073971206,3,0,CA 352224,24.21360482288669,,S
98,0,3,"Turner, Miss. Mike",male,35.51088827204393,0,1,SOTON/O 898134,107.54300550173869,C128,S
99,0,2,"Munoz, Dr. Alexa",female,29.89655582167547,0,0,70385,66.53195325255172,,S
100,0,1,"Andrews, Mrs. James",male,41.39376798910965,0,0,PC 530446,46.57633448983631,A96,S
101,0,3,"Martinez, Mr. Anthony",female,18.538409395043224,0,0,STON/O 604888,11.052442227714176,C130,C
102,1,3,"Gutierrez, Miss. Jared",male,5.221521297531904,0,0,42353,55.448882489200045,,S
103,0,3,"Sanchez, Mrs. Amber",male,16.372996127922647,0,0,W.E.P. 213705,89.71820316563176,,S
104,0,2,"Chan, Dr. Sarah",male,44.96485781333247,1,0,29107,65.44982521713597,,C
105,1,3,"Swanson, Mr. Cathy",male,27.836176521571645,0,1,SOTON/O 380267,42.76646867654089,,C
106,0,1,"Nunez, Miss. Sean",male,31.28887213765187,0,1,CA 831228,62.68912117936306,,Q
107,0,2,"Short, Mrs. Kevin",female,15.24908740335058,1,1,93479,188.37140570791243,,S
108,1,3,"Salinas, Dr. Shelby",female,30.917752152103898,0,1,CA 191246,0.5431565879959738,,C
109,0,2,"Combs, Miss. Nicholas",female,15.680622982982252,1,0,SC/Paris 781415,54.52158484361866,,S
110,0,1,"Hughes, Mrs. Timothy",male,17.73906214926143,0,0,68956,78.75003221917902,,C
111,0,2,"Haynes, Mr. Michael",female,24.365228440465675,1,1,62504,50.92884414250458,,Q
112,0,1,"Wood, Mr. Denise",female,36.231361609790035,0,0,12636,15.947774466479606,,S
113,1,3,"Matthews, Mrs. Nancy",male,37.72586612899514,0,1,W.E.P. 277083,86.51179219735451,A195,S
114,1,3,"Hopkins, Mr. Michael",female,38.10662857112972,0,0,W.E.P. 407799,122.26455906789893,,S
115,1,1,"Ford, Mr. Stephanie",male,7.766822389378763,0,0,A/5 942942,57.522349390992176,,S
116,1,1,"Goodman, Mrs. Nancy",male,29.90669699453634,0,2,50013,35.77211449285724,A14,S
117,1,1,"Thompson, Dr. Melanie",male,27.245054332641697,1,0,15572,22.81062845814698,,Q
118,0,3,"Hopkins, Master. Debra",male,8.549446174859625,0,0,25536,20.028114177682003,,S
119,1,1,"Fritz, Miss. Dustin",male,30.223772734110778,0,0,88358,64.22799677477113,,S
120,0,3,"Hobbs, Mr. Michael",male,26.49401895588534,1,0,SC/Paris 579687,46.71298457664109,,S
121,1,1,"Larson, Dr. Brandon",female,37.16135940965042,0,1,SC/Paris 283411,8.530554042123176,,S
122,1,2,"Huynh, Dr. Sharon",female,31.137459067357234,0,0,STON/O 880883,7.604943635427428,,S
123,0,3,"Anderson, Master. Peter",female,22.309512576034457,0,0,66944,3.687666565242167,D93,Q
124,0,3,"Sawyer, Mrs. Barbara",male,42.960674306397685,0,1,A/5 416814,57.52348484619916,,S
125,0,1,"Barajas, Mr. Michael",male,0.42,0,0,SOTON/O 378642,18.87044727219447,,S
126,0,3,"Clark, Miss. Kenneth",male,29.100288201985457,0,1,CA 902906,1.0225077623324403,D134,S
127,1,3,"Herring, Mr. Elizabeth",female,5.3144869521128975,0,0,SOTON/O 524817,20.601284263646537,,C
128,1,3,"Smith, Miss. Nicole",male,17.22929420311432,0,0,21464,89.22429489006343,,C
129,0,3,"Williams, Miss. Steven",male,37.3473918421309,0,0,53928,14.228514632601986,,S
130,0,3,"Jones, Master. Jessica",female,12.161235273828758,0,0,CA 525701,50.194577035505574,F198,S
131,0,3,"Anthony, Miss. Melissa",male,10.067950538144913,0,0,11471,28.961574712633915,C194,Q
132,0,1,"Dixon, Mrs. Steven",male,63.34722976781874,1,0,43987,39.80285582978868,G145,C
133,0,3,"Torres, Miss. Nicholas",female,10.969953280117696,1,0,49919,45.288897721464636,,Q
134,0,3,"Rosales, Dr. Cody",male,53.10729264323163,0,2,10322,30.33113601105959,,Q
135,1,1,"Gordon, Dr. Dawn",male,27.58916969589035,1,2,STON/O 213553,2.979849102274252,,S
136,0,1,"Allen, Mr. Ricky",male,22.652392299854345,0,0,85711,41.93124428839721,,S
137,0,1,"Rogers, Miss. Dennis",male,37.93500946823487,0,2,97494,25.335439841732306,,C
138,1,3,"Townsend, Master. Joel",male,48.71231705762299,0,1,89251,11.149672221877385,,S
139,0,3,"Brown, Miss. Michael",female,13.955048810483401,1,0,PC 414833,113.41314700665912,,S
140,1,3,"Garner, Miss. Howard",male,22.856502943800574,2,0,PC 807713,66.6030355147933,E188,Q
141,1,1,"Robertson, Miss. Paul",female,41.85617628557954,0,0,87311,16.70852170618704,,S
142,0,3,"Williams, Master. Laura",male,34.031920373978,0,0,CA 847294,38.71321732198365,,C
143,0,3,"Parrish, Mr. Joshua",male,45.426849628979355,0,0,STON/O 595227,164.99503609467277,,S
144,0,2,"Moore, Miss. Sean",female,37.21156736204491,0,0,A/5 688031,14.082453511411384,,S
145,0,3,"Snyder, Mr. Austin",female,55.31513612808807,0,0,37152,147.23720689609803,,S
146,0,3,"Flores, Master. Julie",male,32.500240383671105,0,0,SOTON/O 879345,57.49970226732114,,S
147,0,3,"Williams, Mr. Melissa",female,33.10535607663346,1,0,95465,38.9174621619443,G2,S
148,0,3,"Boyd, Mr. Allison",male,34.504099208221184,0,1,SC/Paris 675854,204.34171927124547,,S
149,0,3,"Pierce, Mrs. Paul",male,28.00515607582819,0,0,SOTON/O 939129,20.301427947896855,,S
150,0,2,"Cochran, Miss. Brian",female,41.87322022321294,2,0,84786,16.302519778573448,G61,C
151,1,3,"Boyd, Mr. Raymond",male,33.31857713408237,1,1,A/5 984547,20.744969192719505,F109,C
152,0,2,"Edwards, Miss. Andrew",male,41.034520128032014,1,0,CA 360326,69.48669385432639,G5,S
153,0,2,"Moore, Mrs. Daniel",male,43.22299795073824,0,1,W.E.P. 853694,20.549508214415145,,S
154,0,1,"Krause, Mrs. Victoria",male,35.998365541844585,0,0,W.E.P. 228121,5.421726030556581,,S
155,1,3,"Tate, Mr. Nancy",male,37.02402853927875,0,0,PC 598275,51.685080402583516,,S
156,0,2,"Brown, Mr. Jimmy",male,15.855382973648528,1,0,STON/O 604153,12.61469111578522,,C
157,1,1,"Duncan, Mrs. Marco",male,22.295049770522503,0,0,CA 102933,0.20858800147464807,F125,S
158,1,1,"Davenport, Dr. Drew",male,41.807368341870244,0,0,65326,11.10454507309427,,S
159,0,3,"Walter, Mr. Michael",male,49.93083654545919,0,3,44828,85.50310227510944,,S
160,1,3,"Green, Dr. Brandy",male,2.8339768428829544,0,0,59288,140.8777191465618,,S
161,0,3,"Smith, Master. Brittany",male,22.04991593848019,1,0,PC 266694,54.228487021043705,,S
162,1,3,"Schneider, Master. Jermaine",female,30.3306884338051,0,0,A/5 524912,18.588688267987717,,S
163,1,3,"Mcgee, Master. Marissa",female,17.69015753087051,1,0,43835,28.67916186335145,,S
164,0,2,"Chambers, Mr. Susan",female,18.484724981456438,0,0,STON/O 732001,10.817629418230165,,C
165,0,3,"Jordan, Mr. Robert",male,36.648878233113265,0,0,SOTON/O 374440,106.3383667496587,B98,S
166,1,1,"Jones, Master. Amanda",male,52.13926356840007,0,1,93067,54.76811320476385,,C
167,0,2,"Hayes, Dr. Nancy",male,1.5544702114900275,0,0,SOTON/O 222586,4.409472480093765,,S
168,0,2,"Adams, Mr. Amanda",female,27.613333914256252,0,0,32449,22.859004856893986,,C
169,0,3,"Gardner, Mr. Elizabeth",male,36.48592478506543,1,0,SC/Paris 550388,38.61196499538334,,S
170,0,3,"Gonzalez, Miss. Danielle",female,40.92299561080338,1,0,92995,79.80883190589125,,S
171,1,3,"Navarro, Miss. Kevin",female,34.46778280296654,0,0,36171,126.60280653227203,,S
172,0,1,"Baker, Miss. Christie",male,54.659635699105614,0,0,95531,7.1169849360911215,,C
173,0,3,"Valencia, Mrs. Paul",male,30.404692306561117,1,0,68568,89.95599258266526,D134,S
174,0,2,"Wang, Mr. Christine",male,48.36789906548937,0,1,15752,3.4023682628592193,,S
175,1,1,"Lawrence, Master. Chris",male,20.950852615156432,0,1,SOTON/O 934505,13.754120519886733,,C
176,0,1,"Gillespie, Mrs. Samantha",male,30.811761252243898,1,0,49068,1.0618096143467428,C146,S
177,1,3,"Taylor, Mrs. Michael",female,13.02198893881609,0,0,98508,3.297823459232449,,S
178,0,2,"Berry, Mrs. Perry",male,42.61210216768592,0,0,STON/O 811634,1.6478680607062497,,C
179,1,3,"Moore, Master. Anna",male,28.31379992302353,1,0,SC/Paris 954707,7.891664446174255,F123,S
180,0,3,"Greene, Mrs. Fernando",male,35.00949487527857,0,0,46795,104.58707395463011,,C
181,0,3,"Meyers, Miss. Jared",female,25.612839162008967,1,0,53755,16.691647245129037,,S
182,0,3,"Munoz, Mrs. Shannon",female,38.209999023226224,0,0,A/5 109895,32.66896013855396,,C
183,1,2,"Stewart, Dr. Denise",female,35.56407563398053,0,0,34430,33.38531490875261,B184,C
184,1,2,"Miller, Miss. Carla",female,16.07487998040311,0,0,49905,267.6168615860887,,S
185,0,3,"Aguirre, Mr. Christopher",male,16.885255943837855,1,1,36694,22.680765574385394,,S
186,1,3,"Wilson, Mr. Jamie",male,29.611237775221074,0,0,57470,15.40099647003291,,C
187,1,3,"Gay, Miss. Tracey",male,39.234035403693206,0,0,SOTON/O 586016,165.17364207351307,,S
188,0,3,"Wheeler, Mr. Steven",male,56.080537743593865,1,1,SC/Paris 450902,44.88886429720304,B140,S
189,0,1,"Anthony, Master. Steven",female,34.2418719933202,0,0,50508,17.088010392057853,,S
190,0,1,"Schwartz, Master. Larry",male,44.10543963483956,0,0,W.E.P. 302642,16.947781448054926,,S
191,0,3,"Ramirez, Mrs. Yvonne",male,7.420086913301638,3,0,SC/Paris 401329,4.516081125730279,,S
192,1,2,"Mcdonald, Dr. April",male,58.181381892075756,0,0,29980,40.694451210412545,,S
193,1,1,"Villanueva, Mrs. Kathleen",female,38.4796069558087,0,0,STON/O 246722,64.31121004686085,G56,S
194,1,3,"James, Dr. Margaret",female,29.305536843777084,1,0,79408,32.190600905808026,,S
195,0,1,"Bennett, Mr. George",male,27.694255335589045,0,0,STON/O 615307,107.89692185190121,,S
196,0,3,"Montgomery, Miss. Bryan",female,14.499202829974024,0,1,PC 418128,33.07901337690665,,C
197,1,3,"Campbell, Mrs. Dakota",male,18.501984859917606,1,0,SOTON/O 513678,21.25979974673189,,Q
198,1,3,"Green, Master. Megan",male,56.74609884986779,0,1,SC/Paris 913616,14.436320862941333,,Q
199,1,1,"Wong, Mrs. Dean",female,16.15393786399582,1,0,SC/Paris 257192,13.938979295542328,,S
200,1,1,"Curtis, Master. Aaron",female,15.884251389871169,1,1,CA 571757,19.02745289037576,,S
201,1,3,"Goodwin, Miss. Jennifer",male,20.168913194941894,0,1,SOTON/O 316362,241.25905670364335,,S
202,0,1,"Smith, Miss. Dillon",male,13.225469458542182,0,1,55078,22.378969171345574,G116,S
203,0,2,"Kelly, Miss. Jennifer",male,30.21429204783714,1,0,SOTON/O 297421,37.179925199251585,E83,C
204,1,2,"Cunningham, Mrs. Tim",male,45.24474717731334,1,0,SOTON/O 410252,16.05678153745666,,C
205,0,1,"Santiago, Master. Patrick",female,21.45310743219153,0,1,16295,7.747141761827642,,S
206,0,1,"Jimenez, Mr. Andrew",male,10.7734600833485,0,0,75341,51.89939842387121,,C
207,0,3,"Mayo, Dr. Jeffrey",female,34.08605838220515,3,0,STON/O 630225,39.39707919709452,C68,S
208,1,1,"Jones, Miss. Charles",female,29.219159272482617,1,0,86184,3.511810106759193,,Q
209,0,1,"Wyatt, Mr. David",male,44.038143701142744,0,1,SC/Paris 483727,107.18808550030172,,Q
210,0,3,"Ayala, Mrs. Ronald",male,23.636883809768214,1,0,STON/O 928897,35.43435628355734,E6,C
211,0,3,"Payne, Dr. Cheryl",male,26.35780508522655,2,0,SOTON/O 874090,20.42246151409282,,S
212,1,2,"Klein, Mr. Maria",male,27.906574896394233,0,0,A/5 835034,75.56092750345782,D87,C
213,1,1,"Valdez, Mr. Felicia",male,31.246057547748748,0,0,PC 675864,5.944256687646076,,C
214,0,3,"Reid, Miss. Jorge",male,24.504136516993743,0,0,SC/Paris 216732,32.101812322892656,,S
215,1,3,"Reynolds, Mr. Shane",female,22.234982487355875,0,1,A/5 775376,39.78918039515341,,S
216,0,3,"Scott, Mr. Jessica",male,4.094712411654221,0,0,77566,74.61052673039454,,S
217,0,3,"Turner, Dr. Lydia",female,22.084579072318363,0,0,10525,23.121191358475222,,Q
218,1,2,"Roberts, Dr. David",male,40.01312575314453,0,0,SOTON/O 420734,96.53866016668337,C185,S
219,1,3,"Chan, Mrs. Linda",female,41.9034372711644,1,0,STON/O 172789,59.81228840354448,,S
220,1,1,"Martinez, Miss. Angela",female,23.40441766972179,1,0,PC 480802,73.71812083036863,,S
221,1,3,"Turner, Miss. Zachary",male,48.19280397454467,1,0,27580,173.81379112211766,G110,Q
222,0,3,"Petersen, Mr. Barbara",female,29.598142996195033,1,0,A/5 556824,93.13708302127645,C11,C
223,0,3,"Cruz, Miss. Jeffrey",male,11.270150794576729,1,0,PC 715616,21.292705537166114,D188,C
224,0,2,"Hill, Miss. Marisa",female,6.866623209640419,0,0,78965,51.896239022577475,,S
225,0,1,"Johnson, Master. Jonathan",female,47.05561091667617,1,0,SC/Paris 217218,101.47986973846237,,C
226,0,3,"Bennett, Mr. Jason",male,24.777947846344965,0,0,57525,37.234823709046815,,S
227,1,3,"Cooper, Master. Victor",male,13.003096676983894,0,1,90338,57.41111583586779,,S
228,0,3,"Levy, Mrs. Robert",male,0.42,0,0,SOTON/O 468107,9.452880333152475,,S
229,1,1,"Moore, Dr. Jennifer",male,24.459974447748,0,0,99635,84.61768711855473,,S
230,1,2,"Dean, Miss. Scott",female,35.66651202594906,0,0,78872,70.82956183170441,,C
231,1,3,"Stewart, Miss. Christy",female,20.232323983353137,0,0,CA 370306,109.86347139185678,,S
232,0,2,"Crane, Master. Matthew",male,15.254567758125798,0,0,STON/O 930765,61.91937125677853,,C
233,0,3,"Robles, Miss. Melissa",female,22.308739239505815,0,0,36397,104.7381535502661,,S
234,0,3,"Little, Dr. Katherine",female,47.40468826802798,2,0,SC/Paris 232358,8.849754188190762,,S
235,0,3,"Hoover, Mr. Jimmy",male,10.49825735254733,2,0,STON/O 475386,84.00572383728829,,C
236,1,3,"Underwood, Master. Ryan",male,21.01618557408476,1,0,31296,152.8455639556837,E8,S
237,0,3,"Jenkins, Miss. Ashley",male,46.95060835464626,1,1,92840,84.50739212710666,,C
238,0,2,"Newton, Dr. Shane",female,36.91846805193255,0,1,97550,47.75520752661528,,S
239,1,3,"Cox, Miss. Duane",female,32.50778939290539,1,0,SC/Paris 554822,130.52356431323207,,S
240,0,2,"Lewis, Miss. Jennifer",male,20.921754104172518,0,0,48109,4.96264506919574,,S
241,1,3,"Kerr, Mr. Aaron",male,30.427067403005992,0,0,STON/O 176265,0.8504212033022103,,S
242,1,1,"Day, Master. John",female,22.47039304165379,1,0,37989,168.0799166811463,,S
243,1,3,"Smith, Master. Connor",female,17.968594165009485,0,0,W.E.P. 497562,57.44349436029802,,C
244,0,2,"Acosta, Dr. Shane",female,14.879195345775637,0,0,18012,6.0613110767311085,G75,C
245,0,2,"Jones, Master. Michael",male,40.977338349214975,0,0,A/5 753050,20.776702777505097,,S
246,1,3,"Hall, Mrs. Lisa",male,29.154314148974102,0,1,21834,69.07570696048694,,S
247,0,1,"Thompson, Mr. Eric",male,34.40319241323775,2,0,SOTON/O 658362,69.39229131301155,C138,S
248,1,3,"Kennedy, Miss. Steven",male,32.123424601219654,2,0,86163,9.315969399180906,C152,S
249,1,3,"Hall, Master. Arthur",female,36.17286358931703,0,1,68931,31.75784635684081,,S
250,1,1,"Jackson, Mrs. Peter",male,26.433936940197515,0,0,94608,82.33391459152716,B147,S
251,0,3,"Anderson, Master. Shaun",female,23.25679568523596,0,1,A/5 789635,170.25615074815326,B128,S
252,0,2,"Mercado, Miss. Todd",male,18.586075388524286,1,0,30346,48.717923407679926,,S
253,1,1,"Cooper, Master. James",female,10.204432132300411,1,0,W.E.P. 539672,50.82397493874019,,C
254,0,2,"White, Miss. Melissa",male,14.29153561127917,1,0,61111,31.682564319403912,,S
255,0,3,"Hill, Dr. Carolyn",male,24.884151904596898,0,0,STON/O 829008,38.72415227738663,C169,C
256,0,1,"Armstrong, Master. Deanna",male,7.557447217903302,1,0,CA 809651,5.208815333825855,A104,S
257,1,3,"Carlson, Mr. Melissa",male,10.647997342095575,1,0,85356,21.507470260539787,E161,C
258,1,3,"Chaney, Miss. Ronald",female,44.589958496892486,0,1,A/5 276982,35.392101244536086,,S
259,0,3,"Contreras, Mr. William",male,33.1385127879531,0,0,CA 224814,16.077886867359528,,S
260,0,1,"Clark, Dr. Raymond",male,23.67428580515071,1,1,CA 448299,22.300999992234303,,S
261,0,3,"Faulkner, Mr. Adrienne",female,61.802042424663846,1,0,32783,177.36317110388723,E69,S
262,1,3,"Thomas, Mr. Mark",female,6.9245039380175974,0,0,22385,0.2608014382740623,,S
263,0,3,"Ferguson, Dr. John",male,43.65855787046551,0,0,PC 670482,18.022921742239635,,S
264,0,3,"Horton, Master. Thomas",female,28.439474841088174,3,0,PC 637453,43.84797432087306,E67,S
265,1,3,"Martinez, Dr. Victor",male,40.99065832077937,0,0,PC 739461,16.353510590611172,,S
266,1,1,"Stevens, Mrs. Lauren",male,31.5253520417913,1,0,SC/Paris 975212,56.42222197830022,G85,S
267,1,3,"Jenkins, Miss. Justin",male,3.788569128566394,0,0,39229,17.78199402050461,F179,C
268,1,2,"Kirk, Miss. Brandon",male,31.3364465458236,0,1,CA 741369,50.83424986656774,,S
269,0,2,"Ingram, Master. James",male,34.69778196495437,0,0,66065,94.81021900917214,,S
270,0,3,"Greer, Dr. Matthew",male,0.42,0,0,83981,53.741459297376096,,C
271,1,2,"Gutierrez, Miss. Anthony",male,57.216676113226576,2,0,80577,2.558588384208624,,S
272,1,2,"Ramirez, Miss. Victoria",female,34.35690631841881,0,0,W.E.P. 206080,79.28933346351342,,C
273,1,3,"Odom, Mr. Benjamin",male,39.40782836191094,1,0,CA 276629,11.963733850210778,,S
274,1,1,"Jackson, Dr. Jeffrey",female,13.682588545931637,1,0,W.E.P. 749394,50.36436529987913,D178,S
275,0,3,"Lopez, Mr. Jonathan",female,39.668645310038656,0,0,88451,52.026653240722574,A38,S
276,0,3,"Roman, Mrs. Rachel",male,45.25306243388278,1,0,A/5 398661,81.415010681915,,C
277,1,3,"Johnson, Mrs. Jacob",male,33.54995519392984,0,0,36374,35.24308850127802,A44,Q
278,1,3,"Estrada, Mrs. Ethan",male,29.868798180709298,0,0,A/5 917233,23.577310880395387,,S
279,1,2,"Stevens, Master. Jennifer",female,17.489766251422168,0,0,W.E.P. 483447,36.49348590203342,G26,S
280,1,2,"Davis, Dr. Andrea",male,26.97310315103344,0,0,74709,39.456141623956945,G133,S
281,1,2,"Mora, Master. Michael",male,22.831586800370076,0,1,PC 436396,86.16901964784161,G36,S
282,0,2,"Rogers, Mrs. Gabriel",female,38.007938923497576,1,0,SOTON/O 222975,11.47512452620656,A74,S
283,0,3,"Montgomery, Master. Kristin",male,18.101737048356362,0,0,SC/Paris 560747,93.81103358067566,C60,Q
284,0,3,"Mcdonald, Miss. Heather",male,37.9051101010498,1,0,72545,22.76226248202735,,Q
285,0,1,"Alvarez, Master. Dorothy",male,18.254202121784807,2,1,SOTON/O 646477,68.10200677228181,B168,S
286,0,1,"Crosby, Dr. Angela",female,26.327064241759743,1,1,STON/O 871962,20.452018448127628,,C
287,0,2,"Lutz, Mr. Laura",female,38.624621558179435,1,1,SOTON/O 319701,61.70190499619945,,S
288,0,1,"Perez, Dr. Randall",male,20.146845920195386,1,1,W.E.P. 244401,80.2671455187974,E91,S
289,0,3,"Griffith, Mr. Angelica",male,39.10751084568643,0,1,STON/O 948243,40.829676459138,E183,S
290,0,1,"Vazquez, Master. Eugene",female,37.74191820739915,0,0,SOTON/O 891010,48.319319156056515,,S
291,0,3,"Hunter, Master. Ryan",female,26.206690572722792,2,0,26480,61.50909249832932,,C
292,0,1,"Neal, Dr. Ryan",female,46.264964818981056,0,0,65095,58.306138943168776,,S
293,1,2,"Conway, Mr. Jodi",male,31.0889807876796,1,0,STON/O 677035,64.99034028937476,,S
294,0,3,"Houston, Mrs. Edward",female,45.4318713721949,0,2,59901,94.74789611553418,,S
295,0,3,"Wilson, Mrs. Donald",male,55.1085089482805,0,0,62715,12.456182659145739,,C
296,0,3,"Allen, Master. Bruce",male,26.62178569618164,0,0,56918,12.086479602416093,,S
297,1,3,"Glover, Master. Christina",female,39.029369776383554,2,0,18505,176.4783904736834,,S
298,0,2,"Miller, Miss. Guy",male,21.074049045479743,1,0,A/5 697649,95.29816731455392,D19,S
299,1,1,"Medina, Master. Dylan",female,15.540598266885226,1,0,14937,44.788282907385216,,S
300,0,3,"Perez, Master. Paul",male,27.263564796590003,1,1,W.E.P. 114925,0.4106213221529866,D163,S
301,0,3,"Hoffman, Miss. Ashley",female,10.923596083507519,0,1,SOTON/O 128820,96.46777766549118,,C
302,0,3,"Gross, Miss. Tina",male,16.873491084937662,1,0,PC 675545,69.63505610141361,,C
303,0,1,"Anderson, Dr. Bryan",female,38.28005639049495,1,0,24199,156.60760069605269,,C
304,1,3,"Hughes, Master. Kayla",male,22.808913783716264,0,0,15678,0.6624604376178351,,C
305,1,2,"Barnett, Mrs. Margaret",male,39.94719721970606,1,0,13116,1.4470254272871355,,S
306,1,3,"Hawkins, Master. Carmen",female,34.19176713224482,0,0,85883,36.43358966833007,,Q
307,0,3,"Smith, Master. Nancy",male,55.91615686826761,0,0,19673,96.91418844902361,B23,C
308,0,1,"Crane, Mr. Danielle",male,37.340721998064645,0,0,STON/O 471517,237.31582489054603,,C
309,1,3,"Johnson, Mr. Mariah",male,45.5990529839104,0,2,59355,19.284979137482264,E71,S
310,0,2,"Atkinson, Dr. Timothy",female,35.62638528378565,0,0,67762,1.852066153652533,F145,S
311,0,3,"Hardy, Mrs. Heidi",male,34.35950901509302,1,0,67065,10.877214266155738,,S
312,0,2,"Yates, Mr. Vincent",male,46.30626258958641,2,0,PC 902769,104.7827615318346,,C
313,0,3,"Baker, Mrs. Christopher",male,39.363164522113706,0,1,CA 363162,31.410160083002953,,S
314,1,1,"Chapman, Miss. Scott",female,32.94089058140399,0,0,CA 382192,95.97065065589481,C167,S
315,1,3,"Miller, Master. Andrea",male,32.879165323016046,0,0,CA 340499,29.341102752078974,C17,S
316,1,3,"Perez, Dr. Larry",male,37.53521036562582,0,0,15290,2.7433950028771275,,S
317,0,3,"Stevens, Mrs. Antonio",female,20.60077072756161,2,0,STON/O 633056,48.06116627185115,,S
318,0,1,"Henderson, Mr. Kayla",female,20.006807474058224,0,0,A/5 432072,28.606734583429372,G120,S
319,0,3,"Farmer, Master. Michelle",male,49.95568305322105,0,0,STON/O 984194,33.80007051040791,,C
320,0,1,"Kirk, Master. Jeremy",female,56.10179129403997,1,2,SC/Paris 835245,148.76780813710522,,S
321,0,3,"Logan, Master. Morgan",male,16.99564558225768,1,0,SC/Paris 108209,30.539203456470315,,S
322,1,2,"Mclaughlin, Dr. Alexander",male,20.63407794584414,1,0,SC/Paris 893817,79.61121414161254,,C
323,1,3,"Dougherty, Miss. Brenda",male,45.995319473058025,0,1,37020,3.035961171624774,E129,S
324,0,1,"Smith, Master. Rachel",female,37.46927990399355,0,0,55854,32.60400016456479,,S
325,1,1,"Massey, Master. Jasmin",male,39.46999347449291,1,1,A/5 839592,44.178452937710496,F148,Q
326,1,2,"Hanson, Master. Matthew",male,42.5524181279428,1,0,A/5 602270,6.008543157361722,,S
327,0,2,"Smith, Miss. Tina",male,26.62974973558294,0,0,71645,17.993525031520637,,S
328,0,1,"Cruz, Mr. Samantha",female,34.619578949862614,0,0,STON/O 243875,67.27559922425289,,S
329,0,3,"Norris, Mrs. Ann",male,33.53069010977329,0,0,21876,10.161326841973516,A82,C
330,0,3,"Morris, Master. Manuel",male,17.981117596563553,0,0,75550,6.8741809004032355,A117,S
331,0,3,"Jenkins, Master. Derek",male,34.41127320501985,3,0,46539,17.78202469359227,G174,S
332,1,3,"Jefferson, Mr. Holly",female,47.327949746095356,0,0,PC 903675,97.93618290799135,,S
333,0,1,"Sellers, Miss. Brian",female,25.32213465619294,0,1,99587,71.97283841520895,C10,Q
334,0,3,"Thompson, Miss. Jose",male,32.13596948237308,0,0,CA 161653,74.98470587728167,,S
335,0,1,"Wolfe, Mrs. Joshua",female,32.89392482415198,0,0,61669,19.46415154420017,G129,S
336,0,3,"Snyder, Miss. Bradley",male,26.014696293906212,1,0,SC/Paris 608660,5.20911960067269,,S
337,1,2,"Allen, Miss. Kimberly",female,39.47661732772101,0,0,PC 748410,1.6237189344783105,E124,C
338,1,2,"Melendez, Mr. Sean",male,20.479081162430177,0,0,W.E.P. 515188,44.11843527096204,G3,S
339,0,2,"Miller, Mr. Emily",male,48.65703726174308,0,1,A/5 288801,60.58103042168198,,S
340,0,3,"Cook, Mr. James",female,38.76687786285144,2,0,SOTON/O 390775,23.732009138913156,,S
341,0,1,"Sullivan, Mrs. David",female,16.885239590579474,1,0,74923,37.63018706499915,,S
342,0,3,"Bentley, Miss. Kendra",male,53.77213558840755,0,0,55281,16.356075515450723,F144,S
343,0,1,"Neal, Mr. Hannah",male,32.35342045766234,0,0,STON/O 457024,22.65160070334183,,S
344,0,3,"Anderson, Dr. Megan",male,19.878734758709278,1,1,W.E.P. 418437,65.43262876451232,E72,C
345,0,3,"May, Master. Alisha",female,45.46376334987668,0,0,PC 481815,63.33147186688226,C105,C
346,0,2,"Williams, Dr. Frederick",male,36.92540127227235,0,0,SC/Paris 247516,1.424691338785153,E190,S
347,1,3,"Kim, Mrs. Anna",male,5.192564140723466,0,1,43392,144.32736309841835,,S
348,0,3,"Gomez, Miss. Courtney",male,22.64075555858605,1,0,38437,15.667906043018686,,S
349,0,3,"Sanchez, Miss. David",female,33.90736272110161,2,0,39942,119.07411050377803,,S
350,1,3,"Norman, Master. Wanda",male,0.42,0,1,SOTON/O 647318,35.861424508738914,,Q
351,0,3,"Day, Mrs. Mark",male,31.190981195423515,0,0,20076,34.575627472667925,C29,C
352,1,3,"Lane, Mrs. William",male,32.21171121787364,0,0,A/5 615260,29.94762328242391,G49,S
353,1,1,"Palmer, Dr. Adam",male,13.431113646738485,0,0,SOTON/O 620241,127.82704398589959,,C
354,0,3,"Carney, Mrs. Jeanette",male,33.78902840763949,0,0,SC/Paris 686799,11.666512020978095,F52,S
355,0,2,"Gray, Miss. Kimberly",female,30.10449374775047,1,2,76495,47.29179262277406,A4,C
356,1,1,"Young, Miss. Mark",female,13.321882517609794,1,0,11875,19.120272434099327,,S
357,0,3,"Rich, Miss. Patricia",male,42.873847656079555,0,0,SC/Paris 258582,123.39576300185398,,S
358,0,2,"Smith, Miss. Claudia",female,41.729953126749265,0,0,34260,9.276768385281882,A97,Q
359,1,1,"Lewis, Dr. David",male,25.94368078406694,0,0,SOTON/O 613107,56.379882607556894,E158,S
360,0,3,"Brewer, Miss. Sandra",male,27.219861472514467,0,0,PC 236141,27.38817860717132,,S
361,0,3,"Schmidt, Miss. Sydney",female,40.167695126334834,0,1,W.E.P. 219819,54.12064043871156,,S
362,1,3,"Wiggins, Master. John",male,27.190715996434708,0,0,85468,8.575462085001714,D118,S
363,0,3,"Stanley, Dr. Jill",male,2.967285192717835,0,2,58475,25.015644326060837,G139,S
364,0,3,"Mcconnell, Dr. Susan",female,36.81711180359898,1,0,SC/Paris 450705,5.673135637759315,A57,S
365,1,1,"Johnson, Mrs. Chelsea",male,18.614369509660882,1,1,68522,173.32998545646754,,S
366,0,2,"Torres, Mrs. Jessica",female,24.54219723815369,0,0,59924,12.03944113489246,D82,C
367,1,3,"Bryant, Mr. Mike",female,50.410187951320665,2,1,91762,249.73410798639222,,S
368,1,2,"Kane, Miss. Jacqueline",male,28.124301363876828,0,0,A/5 757539,27.107056938408164,,S
369,0,3,"Stanley, Miss. Janet",male,30.024289102234224,0,0,A/5 876716,3.7118904763453267,,S
370,0,3,"Rocha, Master. Vanessa",male,37.13534185649036,0,0,CA 948868,0.8865729929597708,,S
371,0,2,"Turner, Dr. Cynthia",male,37.07467521423645,0,2,99598,45.684252980706766,B64,S
372,0,3,"Hammond, Dr. Kayla",male,17.131231256711033,1,0,SOTON/O 280330,47.690499985882354,,S
373,0,3,"Rose, Master. Mary",female,29.15582078251876,0,1,52165,37.200256296488945,D71,S
374,1,3,"Myers, Dr. Jimmy",male,30.50613539096158,0,0,64352,3.435315727605323,,C
375,0,3,"Marshall, Master. Mary",male,33.80837655280358,1,0,28798,20.13627087507125,,S
376,0,3,"King, Miss. Patricia",male,34.04910717283267,1,0,91515,22.241814523608745,,S
377,1,1,"Burnett, Miss. Chad",male,66.2241772028844,1,0,40226,61.00794352689146,,S
378,0,3,"Reid, Master. Melissa",female,13.537963211778575,1,0,SC/Paris 908889,27.137725535010794,,S
379,1,3,"Jones, Miss. Jeffrey",male,43.72128268277139,1,0,SC/Paris 291598,42.544712169415824,,S
380,0,3,"King, Mrs. John",female,46.56726128166282,0,0,11630,16.866754367540867,,S
381,0,3,"Lewis, Mrs. Michael",male,36.89897563492938,0,0,SOTON/O 309740,64.7280257994173,,S
382,1,3,"Brandt, Mr. Cindy",male,20.89558447177695,1,1,69607,2.3947387896488013,,C
383,1,2,"Moran, Master. Brian",male,53.30535242374677,0,0,STON/O 188858,223.28892369883647,,Q
384,1,3,"Martinez, Dr. Sarah",male,0.42,0,0,CA 157101,51.29029715442217,D95,S
385,1,3,"Martinez, Dr. Rachael",male,20.43426623895043,0,0,26846,8.059001673827602,,S
386,1,1,"Hill, Mr. Scott",male,46.40355076111936,1,1,STON/O 970874,63.20221114707599,,C
387,0,1,"Hess, Mrs. Gail",female,24.81843755208475,0,0,37775,77.21931211690693,,C
388,0,3,"Serrano, Master. Michael",male,52.3505033472026,0,0,CA 761497,77.69921280541897,,S
389,1,3,"Prince, Mr. Henry",female,8.834733574502394,0,0,87837,15.78571028438446,,S
390,1,3,"Morrison, Mrs. Michele",male,14.430573484727887,0,0,PC 985780,159.26928872002273,,S
391,1,3,"Adams, Master. Daniel",male,22.557065618222353,0,0,PC 948233,0.8948541198139025,,S
392,0,3,"King, Miss. Kyle",male,35.843589885511406,0,0,PC 503816,23.8888439064045,,C
393,0,3,"Stevens, Mrs. Stephanie",male,26.89171789467968,0,0,A/5 563293,5.502919457631527,,S
394,1,3,"Rodriguez, Master. Sarah",female,23.134410464126105,1,1,22316,24.29522146402587,,S
395,0,1,"Mercado, Mrs. Patrick",male,49.88555003537934,1,0,PC 216441,2.9463810995334585,,S
396,1,3,"Simpson, Mrs. Rachel",male,51.18822965544811,1,1,90058,51.779019551303406,,S
397,1,3,"Vargas, Mr. Michael",male,24.198683280094222,0,0,72994,3.2248544643502477,,S
398,0,3,"Wood, Miss. Michael",male,6.063250697384724,1,0,SOTON/O 855227,47.835691380359755,,S
399,1,3,"Reid, Master. Mark",female,0.42,0,0,STON/O 404017,13.334155693039861,,S
400,1,3,"Nelson, Mrs. John",male,33.35006160692499,0,0,80993,9.870615109340633,,S
401,0,1,"Irwin, Dr. Robert",female,39.18337871106316,0,1,89345,21.308973635825062,,S
402,1,2,"Thomas, Miss. Hannah",male,30.88196899809964,2,0,74136,51.216217085451824,,C
403,0,1,"Gutierrez, Mrs. Stephanie",female,29.00728650086938,1,0,24555,43.161258432537075,,S
404,1,1,"Long, Dr. Joseph",female,18.736403394282846,1,0,12514,57.045455332694075,,C
405,0,3,"Lee, Mr. Jeffrey",male,39.169717114793734,0,1,60020,125.65356678575783,A89,S
406,1,1,"Jensen, Master. Lorraine",male,53.49459530458474,0,0,94851,11.364053610112254,D122,S
407,0,2,"Jones, Miss. James",female,0.42,3,0,87198,26.666950681852807,,S
408,0,3,"Phillips, Miss. Jacob",male,28.914983356971984,0,0,SC/Paris 195403,15.45009442033159,A127,C
409,1,3,"Hill, Master. Brandon",female,16.415123108209595,0,1,93198,44.136511262653556,,S
410,0,1,"Fitzgerald, Mrs. Brandon",male,9.133476083246077,2,0,W.E.P. 992189,16.661929083914153,,Q
411,0,3,"Ramirez, Master. Matthew",male,14.180337809018175,1,1,49418,40.824159269543046,,S
412,1,3,"Lee, Master. Jacob",female,35.31541997958166,0,1,STON/O 749932,86.62657047047972,,S
413,1,1,"Chandler, Miss. Connor",male,35.669470766276326,0,0,PC 210558,40.03054614818193,,S
414,0,2,"Mitchell, Mrs. Richard",male,50.4440286564472,0,2,32713,91.0478196795371,,S
415,1,3,"Johnson, Master. Jose",male,30.122941660036457,1,0,W.E.P. 483466,47.253830318901414,,C
416,0,3,"Sanchez, Mrs. Victoria",male,5.384897181825899,1,0,97956,102.12649569762833,,C
417,0,3,"Sexton, Mr. Cynthia",female,26.665626406736397,0,0,SC/Paris 647438,133.2618133321488,B88,S
418,0,1,"Miller, Miss. Susan",female,10.590692988979026,1,0,73651,35.44481442152687,,S
419,1,2,"Cole, Miss. Desiree",female,13.104857590091932,1,0,19531,78.18643461100979,B26,S
420,1,3,"Vazquez, Mr. Martha",male,38.12782681769093,4,1,SC/Paris 200640,31.632287876290878,,C
421,1,1,"Martinez, Master. Hector",male,32.71853267832188,1,1,78447,61.07185068542298,E168,C
422,1,2,"Fernandez, Mr. Amy",female,38.22591833609463,0,0,15056,1.9114692748337405,A96,C
423,0,3,"Colon, Mr. Kimberly",male,24.99510013819581,1,0,60109,170.42990922976193,,S
424,0,2,"Watkins, Miss. Michael",male,41.067413887954984,0,0,SC/Paris 538259,112.37334983469016,F93,S
425,0,3,"Callahan, Dr. Steven",female,24.212359423938445,1,2,SOTON/O 187707,111.88078457304694,,C
426,0,3,"Ochoa, Miss. Kenneth",male,45.63355965839146,1,1,18676,16.51217396986704,,S
427,0,2,"Sanders, Mr. Brittany",male,34.82494515260159,0,0,SOTON/O 190118,16.64563604794101,E32,S
428,1,3,"Gardner, Miss. Daniel",male,27.102043813215356,0,0,PC 883528,25.75848186767587,,S
429,0,1,"Smith, Dr. Jamie",male,32.969302618465356,1,0,PC 876549,106.09221541757967,,S
430,0,3,"Bird, Mr. Holly",male,29.749950186351153,2,0,37532,97.82196717376645,,S
431,0,1,"Williams, Miss. Denise",female,52.34549121438092,0,1,50910,17.08649971937818,,C
432,1,1,"Phillips, Master. Luis",male,33.43612671610305,0,0,CA 813975,39.01987500444115,,S
433,0,3,"Lopez, Mr. Katherine",male,29.97742258647688,1,1,26862,32.234057891605154,,C
434,0,3,"Garcia, Dr. Tammy",female,26.66112800128881,0,0,PC 981848,52.58765438982403,C40,S
435,0,3,"Ramsey, Miss. Nicole",male,41.804579069430154,0,1,PC 511702,12.033557664373348,,S
436,1,2,"Berry, Mr. Paul",male,39.91078674674907,1,0,STON/O 573825,4.444327545318218,D109,Q
437,0,2,"Kemp, Miss. Todd",male,26.166217175623206,0,1,84217,1.3816716512111749,F120,S
438,1,3,"Thompson, Mrs. Jason",female,13.82101879528068,2,1,SC/Paris 674973,24.016220457207414,,S
439,1,3,"Lynch, Mr. Kayla",male,17.372446062703048,0,0,81285,146.50830173497474,,S
440,0,2,"Solis, Mr. Pam",male,27.421724446409254,0,0,SC/Paris 558377,57.72966613951239,,Q
441,0,3,"Whitney, Mrs. Kristy",male,48.88498508566717,0,1,CA 974560,69.14105414802437,C58,C
442,1,3,"Evans, Miss. Sharon",male,26.497527190543206,0,1,86636,145.17007781507175,E56,S
443,0,3,"Thompson, Master. Laura",male,21.682269460482097,0,0,SC/Paris 679983,27.413528811912386,G41,Q
444,0,3,"Perez, Master. Richard",female,5.3499296145189525,0,0,26824,32.15768956744359,,C
445,1,2,"Small, Master. Samantha",male,51.18958009843215,0,0,60993,22.278516360018582,,S
446,1,3,"Baldwin, Mrs. Debra",female,37.966394043740436,0,1,W.E.P. 753726,10.00631599305226,A59,S
447,1,2,"Alexander, Dr. Andrew",male,41.14413958008201,1,0,37871,72.70595520941461,E152,S
448,1,3,"Parrish, Mr. Nicholas",male,43.463632727011245,0,0,58854,118.58914548708684,,S
449,0,3,"Weaver, Dr. Regina",male,27.693776797374515,0,0,W.E.P. 624349,84.0669918193625,,C
450,0,3,"King, Mr. Kenneth",female,31.184268872465495,0,0,CA 603755,2.444816951296144,,S
451,1,3,"Sanchez, Dr. Spencer",female,50.84042718732792,1,0,W.E.P. 815558,17.772694741343134,,S
452,0,3,"Cooper, Dr. Harry",female,32.51413245046792,0,0,SOTON/O 578064,44.83489454386955,,S
453,0,3,"Johnson, Mrs. Jean",female,38.225354060895924,2,1,CA 492236,19.814250608443484,,S
454,1,3,"Reed, Mrs. Matthew",female,42.18771004080716,0,1,SC/Paris 474476,8.132939988898228,,S
455,0,3,"Davis, Dr. Sara",male,39.00103865391701,2,0,A/5 706338,38.648831106730505,F21,S
456,0,3,"Martinez, Mr. Chase",male,28.205631616269088,0,0,37284,36.854135502874065,D155,C
457,0,2,"Lynch, Miss. Leslie",male,29.525626200605124,1,2,W.E.P. 706279,61.875496847938635,,Q
458,0,2,"Morgan, Dr. Kenneth",male,40.886966131663186,1,0,17405,446.3335053818922,,S
459,0,1,"Juarez, Mrs. Cody",male,40.86404003908617,0,0,STON/O 624545,52.24008483345523,,S
460,0,3,"Mathews, Mr. Patricia",male,46.355256386272465,0,0,PC 648032,19.05464340585282,,S
461,0,3,"Washington, Miss. Joshua",male,37.71535776633774,1,1,A/5 211712,156.6133024208444,,S
462,1,3,"Compton, Dr. Kim",male,38.35247859028877,1,0,SOTON/O 113317,42.349950804272915,,C
463,1,3,"Blackburn, Mrs. James",male,23.752732865017745,0,0,STON/O 633186,51.88565999216552,B175,S
464,0,3,"Walker, Master. Angel",male,21.863906844993377,0,1,72602,22.124168641967593,,S
465,1,1,"Potts, Mr. Marissa",female,40.92882944092092,1,0,SOTON/O 229057,30.059073287797077,,C
466,0,2,"Warren, Miss. Cheryl",male,21.96140904777075,0,0,17888,27.118475780554903,,S
467,0,2,"Arroyo, Mrs. Dustin",male,29.710185956363933,0,0,CA 860427,137.6124614328778,C195,Q
468,1,2,"Adams, Master. Angela",female,49.30632537359807,1,0,94090,82.92881709818063,,S
469,0,3,"Mclean, Dr. Joseph",male,47.08798409283125,0,0,SC/Paris 339989,4.754233814712157,,C
470,1,3,"Carroll, Mr. Russell",male,34.225043631160574,0,0,75567,18.834143681809465,F94,S
471,0,3,"Hood, Miss. Michael",male,25.85404588232806,2,1,PC 170246,2.8649615520482024,B120,S
472,1,3,"Sullivan, Mrs. Daniel",male,28.272695255190936,0,0,50295,36.36202575314522,C56,S
473,0,3,"Jones, Dr. Scott",male,42.14724197477861,1,1,79041,16.385239513533833,,C
474,1,1,"Mason, Mrs. Christine",male,29.489010115753683,0,0,85973,3.811675766649145,,S
475,0,3,"Buck, Master. Jon",male,22.184046497856304,0,0,58758,73.92247823687332,B42,S
476,1,2,"Lawson, Dr. Kendra",female,47.02084658971164,0,1,W.E.P. 251708,4.777562748938452,,S
477,0,2,"Gonzales, Mrs. Michele",male,32.542401947809935,1,1,A/5 687171,15.842765150806937,C102,S
478,0,1,"Sims, Mr. Ashley",male,21.91841850611555,0,0,69506,73.84099059493366,,S
479,1,3,"Huynh, Mr. Tony",male,36.70516264505683,0,1,51537,35.828150074257,,S
480,0,2,"Palmer, Miss. Robert",male,43.59705778469511,2,0,SC/Paris 843672,84.94512362373345,,S
481,1,2,"Lynch, Mr. Debbie",female,15.892577092971353,1,0,STON/O 745462,26.762854366739607,,S
482,1,3,"Kelly, Mr. Becky",male,27.193645213058915,1,0,SC/Paris 412283,84.33274727397779,C14,Q
483,0,3,"Harding, Miss. Christina",female,26.54643285376223,0,0,A/5 121102,38.6272387167189,F166,S
484,1,2,"Leonard, Dr. Juan",male,36.33202032096867,0,0,STON/O 321379,4.603234767053632,,C
485,0,1,"Morgan, Mrs. Tammy",female,38.84811652003802,0,0,80097,31.884724538890175,,C
486,1,3,"Thompson, Dr. Denise",male,22.279365242087202,2,0,37975,40.320678772649046,,S
487,0,1,"Molina, Mrs. Michele",male,9.101483537315652,0,0,18707,47.35060143381358,,S
488,0,3,"Thompson, Mr. Christopher",female,44.44518256439161,1,1,W.E.P. 115380,131.4734714471932,,S
489,1,3,"Murillo, Master. Andrea",female,14.32076621191902,1,0,62164,10.139924607952336,,S
490,1,2,"Johnson, Miss. Jon",male,33.79657887061428,0,0,13920,46.57377057547667,,S
491,0,2,"Cooper, Dr. Michael",female,28.15226741777045,1,0,W.E.P. 561858,69.72084883783172,,S
492,1,1,"Jackson, Mrs. Julie",male,32.274214672857056,0,0,CA 930824,110.34329022494462,G138,S
493,0,1,"Roach, Master. Brianna",male,53.11727560389602,1,0,SC/Paris 203566,37.25425444062503,C17,S
494,0,1,"Mccarthy, Mrs. Catherine",male,72.5359425907056,0,0,53612,12.036777591743185,,S
495,0,3,"Hawkins, Miss. Heather",female,7.13187624041948,0,0,SOTON/O 718064,85.10017989338384,,S
496,0,1,"Johnson, Dr. Christine",female,43.77468617466093,0,1,PC 899350,117.71912557118051,,C
497,0,3,"Baker, Miss. Melinda",male,27.812531182512956,0,0,STON/O 323484,5.623066961277648,,C
498,0,3,"Woodard, Dr. Howard",male,44.66996319197573,1,0,CA 773901,13.049854335739028,,S
499,1,2,"Williams, Miss. Christopher",male,43.40168306650829,1,0,81063,102.5770256455724,,C
500,1,1,"Gutierrez, Dr. Lisa",male,49.73642730077429,0,0,90989,33.122709934589786,,Q
501,1,1,"Williams, Mr. Derek",male,33.98950881227776,1,0,82607,9.26231712870109,,C
502,0,1,"Lynn, Dr. Nicole",male,17.545929210629666,0,0,41070,51.8233842086009,B150,S
503,0,3,"Nelson, Mr. Andrew",male,42.98709284193468,0,0,CA 453066,30.651124577656386,,C
504,1,2,"Andrews, Master. Paul",male,31.6519660660169,0,0,50865,172.03756283762183,,C
505,1,3,"Webb, Dr. Alicia",male,26.726194988122145,1,0,29831,12.597355841131996,,S
506,0,2,"Matthews, Mrs. Connie",female,23.33286567013053,1,0,W.E.P. 163036,22.483537013875438,,S
507,1,3,"Cuevas, Dr. Billy",female,44.08869796747181,0,0,67283,9.08515987741164,,S
508,1,3,"Butler, Dr. Sara",male,52.44717288810328,3,0,26065,2.5505899206826816,,C
509,1,3,"Young, Master. Anna",male,13.265064178205119,0,0,SC/Paris 290717,16.003605701850237,B186,S
510,1,2,"Andrews, Mrs. Bethany",male,38.70733139470503,0,0,94721,85.69214990094136,,S
511,0,1,"Valentine, Mr. Ashley",male,24.786579404082968,1,1,12240,15.546372820936122,,S
512,0,3,"Carpenter, Dr. Veronica",female,9.458186425310409,1,1,25838,59.5928354046478,A27,C
513,1,2,"Maldonado, Dr. Paul",female,32.06788149068211,0,0,83429,37.32987182316017,,S
514,1,2,"Miller, Mrs. Robert",female,18.33607107734615,0,0,96566,36.66826133001923,,S
515,0,3,"Martin, Master. Margaret",male,7.911454810797235,1,0,STON/O 457449,76.05836293460536,,C
516,0,3,"Horton, Mrs. Brenda",male,19.055633388856517,0,0,W.E.P. 587880,48.08635852061378,G149,S
517,0,3,"White, Mrs. Mary",male,15.611165149206048,0,0,75226,8.709082525930691,,S
518,1,3,"Fisher, Miss. Ethan",female,20.946384057112525,0,0,SC/Paris 844527,12.472083204014789,G163,S
519,1,3,"Austin, Mr. Ruth",female,11.437622922648352,0,0,15636,39.23951909045381,,C
520,0,3,"Williams, Master. Jonathan",male,24.468038479233005,0,1,SC/Paris 655370,93.31811133060316,,Q
521,0,3,"Martinez, Dr. Jeremy",male,20.014512206824385,0,0,PC 359058,8.26256014504333,,S
522,0,3,"Sanford, Master. Selena",female,35.258594280039205,0,1,76986,5.652574307926605,,S
523,1,3,"Shah, Master. Mary",male,38.30954580957642,0,0,PC 350779,36.442709372447204,A16,S
524,1,2,"Anderson, Mrs. Robert",female,33.64208007489819,0,0,STON/O 983729,10.452845062308125,,S
525,1,2,"Blackwell, Dr. Brian",female,26.703777589770873,1,0,SC/Paris 253115,257.80324212242147,,S
526,0,3,"Oneill, Dr. Shannon",male,26.326013660307595,0,0,34518,0.2183908117159073,,C
527,0,3,"Saunders, Miss. Mason",female,18.280950176240886,1,0,21916,29.788613990693797,,S
528,0,1,"Smith, Dr. Brittany",female,18.618074768260882,0,0,STON/O 515138,8.869175735338521,,Q
529,0,3,"Molina, Miss. Jason",female,39.850454153102305,1,0,23581,57.140570409104974,,S
530,1,1,"Silva, Mrs. Tina",male,5.3641636188935,2,0,STON/O 378211,49.73079500413563,,S
531,1,3,"Hines, Mr. Robert",male,28.869850863618808,0,0,15281,82.27083227336458,E144,S
532,1,3,"Williamson, Master. Elijah",male,25.470593138143183,0,0,49136,41.43723519708355,A47,S
533,1,3,"Stevens, Master. James",male,38.3878494192485,0,0,66536,10.497089047792155,,C
534,0,1,"Thomas, Dr. Courtney",male,10.049832232087091,1,0,SOTON/O 477306,2.739429245880818,G111,C
535,1,3,"Taylor, Dr. Matthew",male,30.174729876803152,0,0,W.E.P. 274483,64.03311344637301,B162,S
536,1,2,"Duran, Master. Donald",female,34.801780779027496,0,1,64601,28.983948719743335,G22,S
537,1,2,"James, Mr. Erin",male,3.333762939264073,0,0,SOTON/O 746603,12.565117852992147,F130,C
538,0,1,"Kelley, Mr. Richard",male,14.95940837993568,0,0,95279,14.505704682533748,B16,S
539,0,3,"Cook, Mr. Alejandra",male,28.714942144620924,0,0,69449,8.068729953325906,,S
540,0,3,"Lee, Dr. Pamela",female,37.198056706880266,1,0,53379,16.674457928662477,,S
541,1,1,"Jones, Dr. Tina",female,32.5549903555778,0,1,29924,78.51600273873642,,S
542,0,3,"Romero, Mr. Nancy",male,37.8463595412973,0,0,STON/O 155800,48.46612748684224,,Q
543,0,3,"Perry, Master. Larry",female,14.888784823030836,0,0,SC/Paris 640292,218.69621603044993,,S
544,1,3,"Reynolds, Miss. Mariah",male,7.757495103807628,0,0,46891,37.14642147370796,,S
545,0,3,"Kelly, Master. Larry",male,31.18308128059505,0,0,A/5 201604,36.85387154020027,,C
546,0,2,"Li, Miss. Dylan",female,12.789054665002393,0,0,A/5 724914,10.62168419478906,,S
547,0,3,"Moore, Mr. Randall",female,17.885487435330756,0,1,50735,44.14951107048325,,C
548,1,3,"Gonzalez, Dr. Cheryl",male,43.05189696756923,0,1,43115,46.8715897714352,A72,S
549,0,2,"Fernandez, Mr. John",female,32.64739379473592,1,0,29196,11.567044395766176,,S
550,1,1,"Bush, Mrs. Nancy",female,22.045971326424198,1,0,SOTON/O 273586,4.603904514319412,,S
551,0,2,"Bell, Dr. Michelle",male,20.22755893502651,1,0,12320,23.00435148697722,D190,C
552,1,2,"Jackson, Miss. Dean",male,38.69290179644831,0,1,52641,9.443354064619209,,C
553,0,3,"Sosa, Dr. Daniel",male,32.967593099099766,3,0,91854,34.97884892223814,,C
554,0,3,"Henderson, Mr. Colin",male,12.996207007482326,0,0,SC/Paris 815014,37.33898427071305,,C
555,1,3,"Scott, Miss. Ashley",male,2.7304677365867356,0,1,48800,46.844556927917466,F84,Q
556,0,3,"Jordan, Mrs. Andres",female,56.3452256569621,2,0,SOTON/O 391419,46.16966942871763,,C
557,0,1,"Brown, Master. Dawn",male,12.885290845554191,1,1,18368,56.17775910616785,,C
558,0,3,"Elliott, Mrs. Larry",female,37.38775104620172,0,0,CA 496475,13.097785073620319,,S
559,1,2,"Fischer, Master. Erin",male,51.14970105273444,0,0,SC/Paris 633948,65.62302720648049,D87,C
560,1,3,"Burton, Dr. Wesley",male,32.066365963664175,0,0,W.E.P. 645773,37.203431211360545,F45,Q
561,1,1,"Valencia, Mr. Benjamin",male,21.593886529459134,0,0,81790,28.750962287618613,,S
562,0,3,"Stout, Mr. Shelby",male,10.035313416260031,0,0,SC/Paris 516707,52.19135256981448,,C
563,0,1,"Stein, Master. Shannon",male,9.839852491519576,0,0,PC 337985,34.783587220302906,,Q
564,0,1,"Lewis, Mr. Amber",female,35.273727881469405,0,1,34732,37.292392222500986,F143,S
565,0,1,"Duncan, Dr. Amber",male,50.31366852129979,1,1,95900,1.1761150297208987,,S
566,0,3,"Miller, Mrs. Kayla",male,24.46357264613659,0,0,SC/Paris 973579,80.9837141318784,,C
567,0,3,"Stephens, Dr. Amy",female,22.2199135299089,0,0,W.E.P. 292912,27.59764920851051,,C
568,0,2,"Nichols, Dr. Daniel",male,39.764735271356614,1,0,20815,36.49849366288728,,S
569,1,3,"Carter, Mrs. Laura",male,20.396738445333547,1,0,SOTON/O 744316,24.707482922368982,B36,C
570,0,3,"Hammond, Miss. John",male,33.8427607067979,0,0,72639,40.09572737057634,,S
571,0,3,"Clark, Miss. Charles",female,30.585220301197175,0,0,40991,2.7778758319489882,,C
572,1,3,"Stewart, Master. Matthew",male,24.267447179907222,0,0,SC/Paris 365317,24.218034937333364,,S
573,0,2,"Harrington, Master. Pamela",male,29.782465777688714,0,0,32449,55.23319697012858,D34,S
574,1,2,"Beck, Miss. Peter",male,54.684129605099706,0,1,43088,139.39210636290122,,S
575,1,3,"Daniels, Miss. Danielle",female,38.46346121741338,0,1,W.E.P. 317977,94.58349060758357,F198,Q
576,1,3,"Fischer, Dr. Joshua",male,45.2950112595837,0,0,29375,164.5965664278894,,S
577,0,3,"Davis, Mr. Christina",female,17.138278947119147,1,1,43055,76.05181597025017,,S
578,1,3,"Hughes, Master. Sara",female,45.343106066506046,0,0,36641,50.067556049010776,,S
579,0,1,"Liu, Mr. Kimberly",male,38.94628665656579,0,0,PC 100444,27.519264726131738,D120,S
580,0,3,"Riggs, Mrs. Leah",female,9.00565464816885,0,0,55200,6.570533209112055,,C
581,0,2,"Campbell, Miss. Danielle",female,37.5570702671954,0,0,49960,14.437608041655514,,S
582,1,3,"Moreno, Dr. Michelle",male,22.814162084874518,1,0,78743,15.816084716736,,C
583,0,3,"Hoffman, Mrs. Dalton",male,8.358748531441371,0,0,33050,27.92058981228504,,Q
584,0,3,"Rodriguez, Master. Nicholas",male,31.81686025258667,0,0,56944,47.06004283615576,,S
585,1,3,"Flynn, Dr. Christine",male,37.546596274876535,0,0,16198,48.20343772872506,F148,C
586,0,2,"Hill, Mrs. Kimberly",female,32.12251296102388,1,1,SOTON/O 414421,30.398282267469,E112,S
587,0,1,"Suarez, Mrs. Justin",male,28.472059812159426,3,0,CA 603393,16.054618896015104,,C
588,0,3,"Rodriguez, Mr. Misty",male,25.371805261583354,0,0,SC/Paris 107883,2.90764957047701,,S
589,0,3,"Campbell, Miss. Trevor",female,64.53223213078178,0,2,78521,224.75477374303523,,S
590,0,1,"Caldwell, Dr. David",male,13.444028560598959,1,0,25241,140.30512279868606,,S
591,0,3,"Ewing, Dr. Andrew",male,42.220907753000844,2,1,PC 601581,10.101278154460097,,S
592,1,3,"Gross, Dr. Christopher",female,30.215921592445774,0,0,W.E.P. 922885,46.49361044994335,,S
593,0,2,"Vargas, Mrs. Pamela",male,18.037468912261552,0,1,W.E.P. 999170,17.52430247816768,,S
594,0,2,"Pope, Miss. Christopher",female,29.322413291199894,0,1,76514,10.810157291097557,,S
595,1,3,"Hall, Dr. Adam",male,10.498943073759357,0,1,A/5 937431,57.66577879471788,B39,S
596,0,3,"Miller, Mrs. Peter",male,21.66313430470405,2,0,SOTON/O 677940,77.13401948950361,D134,C
597,1,3,"Boyer, Miss. James",male,29.34291943830152,0,1,77948,26.093734383996498,,S
598,0,3,"Brooks, Mrs. Megan",male,8.284361179612183,0,1,W.E.P. 146692,3.0439910484860984,A182,S
599,0,1,"Zuniga, Dr. Lisa",female,37.08935553883282,0,0,A/5 451307,25.666088659830244,,C
600,0,3,"Young, Mr. Ann",female,16.507345427238548,0,0,STON/O 643239,37.98507638222538,D21,C
601,0,1,"Johnson, Dr. Angelica",female,9.675906587810267,0,0,67420,111.84760249564,,S
602,0,1,"Thompson, Master. Vincent",male,14.874151698402814,2,0,PC 330952,53.47248171242344,,S
603,0,3,"Turner, Master. Tiffany",female,60.46335826569681,1,0,98251,61.97938374335228,F97,S
604,0,3,"Moore, Mr. Renee",female,2.307102013836243,1,0,SC/Paris 711159,11.32190388979173,D41,S
605,0,2,"Smith, Dr. Robert",male,36.10572324277707,0,1,SOTON/O 216187,63.6968116825567,B21,C
606,0,1,"Perez, Dr. Patricia",female,19.47709220572999,0,0,10236,34.840178550068764,,Q
607,0,3,"Meyer, Miss. John",male,25.098205598754138,0,2,88968,85.8543724994833,,S
608,0,3,"Wilson, Master. Christina",male,38.455033001524654,2,0,SC/Paris 159261,12.190880864506164,,C
609,0,3,"Williams, Mr. Lisa",female,37.76746200774488,1,0,92615,36.166135810914405,C43,S
610,1,3,"Ortega, Miss. Evan",female,20.47025013173493,0,0,SC/Paris 383810,11.753032692086588,,Q
611,0,3,"Cooper, Mrs. Eric",male,10.990463907133883,1,0,63730,16.837765308714523,F46,C
612,1,3,"Benson, Mrs. Victoria",male,38.70997363180895,0,0,W.E.P. 676273,89.25034130650701,,C
613,1,1,"Mcguire, Miss. Collin",female,37.73328070213082,1,0,86565,58.20465356567944,,C
614,0,2,"Becker, Mr. Cheryl",male,26.010426876965365,0,0,21775,65.18745477583975,,C
615,1,2,"Rivera, Miss. Michelle",male,36.18722137331729,0,1,STON/O 597518,3.5499586721398533,,S
616,1,3,"Lloyd, Mr. Robert",male,23.758387266342503,0,0,CA 206812,65.23692771312552,,C
617,0,3,"Wilkins, Dr. Sarah",male,18.421474089512966,1,0,W.E.P. 624372,33.80536886831432,F79,S
618,0,3,"Vaughn, Mrs. Tiffany",female,30.055470535695054,0,1,17039,30.73009131037096,,S
619,1,1,"Ryan, Mrs. Brandon",male,37.266458375281246,2,0,30556,26.604755230272296,,S
620,1,1,"Miller, Miss. Todd",male,34.329503773734075,1,0,SC/Paris 565951,95.45790064533797,,Q
621,0,2,"Mclaughlin, Master. Kathy",male,37.128277521073414,1,0,75770,9.768147708879377,,S
622,0,2,"Brown, Miss. Aaron",female,19.351895773952236,0,1,SC/Paris 827760,84.13127252465587,,S
623,0,3,"Wilson, Dr. Elizabeth",male,52.146335746615534,1,1,82136,131.77986093688233,D111,C
624,0,3,"Wolf, Miss. Nicholas",female,25.206668025259255,0,0,79509,9.210496332178021,C82,S
625,0,3,"Jones, Mr. Kristen",male,28.33518087932772,0,0,95305,390.7046169336948,,C
626,0,3,"Bryant, Dr. Jerry",male,11.538817270949849,0,0,25968,233.0037213569375,,S
627,0,3,"Sanders, Mrs. Stephanie",female,27.286027811838025,0,1,12631,48.553046490791004,,S
628,1,3,"Randall, Mr. Jessica",female,37.45132831592124,0,1,W.E.P. 836862,15.63528865792356,E170,S
629,0,1,"Gillespie, Miss. Allison",female,40.67514857769731,0,0,58221,28.07306938916627,E22,C
630,0,3,"Dawson, Master. Danielle",female,51.867170320614946,0,0,W.E.P. 619053,9.339571303967656,,S
631,1,3,"Rodriguez, Master. Grace",female,37.28328854155645,0,0,SOTON/O 195803,6.403158072827203,,C
632,1,3,"Stevenson, Mr. Bonnie",female,33.87678474119585,2,0,79649,60.874797395590605,,S
633,0,1,"Coleman, Miss. Jacob",female,23.751868438799534,0,1,PC 236629,43.35670143565839,,S
634,0,2,"Lewis, Master. Travis",male,20.735634284737905,3,0,53424,41.45681113228931,,S
635,0,2,"Turner, Mr. William",male,43.58347920535418,1,1,29419,14.23505108193965,,S
636,0,3,"Lopez, Master. Marissa",male,43.31498492434472,0,0,15992,13.387844842814628,,S
637,0,2,"Garcia, Mr. Christopher",female,14.921822188117183,0,1,67733,228.94708840987747,,S
638,0,3,"Martin, Mr. Juan",male,40.12334242014874,0,1,CA 198504,49.5471864752639,F117,S
639,0,3,"Santana, Miss. Kevin",female,39.10537167954179,1,0,62929,85.58891714156752,,S
640,0,2,"Li, Master. Robert",male,14.40667560980128,2,2,31669,23.781927521406566,,S
641,0,3,"Mendoza, Mr. Isaac",male,37.56639526704848,0,0,63316,92.79285441285296,D140,S
642,0,3,"Hernandez, Mrs. Kevin",male,15.306349567254697,0,0,PC 258722,64.075234753405,,C
643,0,3,"Frey, Mr. Lindsay",male,0.42,1,2,68226,21.548717451629283,,S
644,0,3,"Vaughn, Mr. Heather",male,27.758566208311304,1,1,STON/O 180210,63.23826388364444,,C
645,0,1,"Williams, Dr. Eric",male,33.60940587356985,0,0,51178,129.93024312022084,F40,S
646,1,1,"Bates, Mr. Terri",female,28.389008731636416,0,0,64242,12.022846352420471,C190,S
647,0,3,"Macias, Miss. George",male,70.13949544063163,0,0,56051,39.66303115278513,,S
648,1,3,"Cain, Miss. Lindsey",male,35.303917209289644,1,1,STON/O 806828,170.03545579217402,,S
649,1,3,"Carr, Mr. Ebony",male,32.05998547018181,0,2,PC 449901,86.12975382745431,,Q
650,0,3,"Smith, Miss. Dennis",female,36.014278246397275,0,0,CA 508868,48.41752937795687,A34,S
651,0,3,"Miles, Mr. Theresa",male,23.821533938398634,0,0,SC/Paris 149610,3.615925349144534,,C
652,0,3,"Rodriguez, Miss. Patrick",female,43.01270686930954,1,2,64324,26.071010525389323,,Q
653,0,3,"Reynolds, Mrs. Ronald",male,35.05402724647942,0,1,SC/Paris 790420,52.600578537518714,B83,S
654,1,3,"Porter, Mr. Ariel",male,34.41240385449487,1,0,64102,26.352988938982286,,C
655,0,2,"Townsend, Mr. Paul",female,21.26231687986285,2,1,13801,291.87370902538515,,C
656,0,3,"Long, Mrs. Yolanda",female,8.099375429712694,0,1,SOTON/O 250239,69.99792458657305,G36,S
657,0,2,"Henderson, Miss. Tony",male,22.98059475291793,1,0,69388,10.35624063057863,,Q
658,0,3,"Henry, Miss. Douglas",male,33.956873987638495,0,0,90733,33.70511941762187,,Q
659,1,2,"Russell, Master. Kevin",male,23.774207283570753,1,0,PC 699823,24.223159834521358,F7,S
660,0,3,"Martinez, Mrs. Christina",male,34.08418033894319,1,0,53956,45.05079687330241,,S
661,0,3,"Christensen, Mrs. Gabriel",female,26.746933724011733,1,0,W.E.P. 479498,29.580504698314908,,C
662,1,1,"Reynolds, Dr. Jessica",male,36.02811278477133,0,1,W.E.P. 675100,13.58392187918533,C75,S
663,0,3,"Smith, Miss. Nicholas",male,16.3244622377456,0,0,A/5 824964,64.43502415151919,,S
664,0,2,"Williams, Mr. Valerie",male,32.70046016639114,0,0,STON/O 141581,5.639458330800183,,S
665,0,3,"Stephens, Mrs. Wesley",female,21.026641951080443,0,0,41359,37.97866637936602,,S
666,0,1,"James, Dr. Dana",female,8.464038810171093,0,1,49745,18.564778344762765,,S
667,0,1,"Sullivan, Miss. James",female,27.68784227760275,0,0,55918,169.85683441776646,,S
668,0,2,"Miller, Mr. Anthony",male,51.50844603345266,0,1,23169,18.08877901996852,,S
669,0,3,"Buck, Dr. Christine",male,9.579930290156245,0,0,92156,20.8471522521084,,S
670,0,1,"Hill, Mrs. Jimmy",male,31.67149150551879,0,1,SC/Paris 664570,61.39401125577043,,S
671,0,3,"Lee, Mr. Gregory",male,41.16607888569914,0,0,SOTON/O 920265,6.875550314667528,,S
672,1,1,"Levine, Mr. Jason",male,62.20042959202232,0,1,SOTON/O 123398,19.62436668701738,,S
673,0,1,"Jones, Master. Heather",male,23.09893824574637,0,0,94860,59.52237160396694,A185,S
674,0,1,"Mcdaniel, Dr. Daniel",male,21.15199153553962,0,2,65499,1.5618280866046914,,S
675,0,1,"Phillips, Mr. Julia",female,13.666309256850269,0,0,W.E.P. 266043,18.62574604897912,,S
676,1,3,"Gibson, Mrs. Barry",male,45.96722868784707,0,0,82606,0.4144966555901673,,Q
677,0,3,"Barker, Mr. Amanda",male,17.856199390652947,0,1,A/5 673580,8.139430498996985,D60,S
678,0,3,"Frazier, Master. Tammie",male,24.8116499551451,0,0,71779,46.341983093310304,C72,S
679,1,1,"Dixon, Master. Deborah",male,4.114869716802428,0,0,93300,30.50604891096796,,C
680,1,2,"Gaines, Mr. Ronald",male,42.37560579749936,0,0,26291,8.48167446164238,,Q
681,1,3,"Adams, Miss. Maria",male,46.21561593089237,0,1,76253,4.061882300913512,,S
682,0,3,"Hicks, Mr. Lisa",male,41.840850890181116,3,0,92646,2.898644439647023,F20,S
683,0,2,"Graham, Master. Jordan",male,7.525446061047948,0,0,22795,4.461136008441268,B86,S
684,1,3,"Hendricks, Master. Margaret",male,38.50011457091029,1,0,26336,5.0505435617461085,B74,S
685,1,2,"Thompson, Mrs. Sandra",male,6.582614613863985,0,0,57973,4.513343586459081,D61,S
686,0,2,"Anderson, Mrs. Linda",male,30.812564228899365,0,0,35583,2.832762257397762,,S
687,0,3,"Miller, Miss. Grace",male,32.87108611977316,0,0,W.E.P. 716687,59.70619418873675,,S
688,0,1,"Vance, Mrs. Jeffery",male,34.34256505351571,0,1,A/5 585220,141.73742783222949,,S
689,1,3,"Boone, Mr. David",female,37.48491145692456,2,1,95406,96.88976786484541,,S
690,0,2,"Hayes, Mr. Victoria",male,29.88752955017019,1,0,STON/O 149863,15.452338317136691,,S
691,0,3,"Randall, Master. Francis",male,2.5259868218002666,0,0,81580,11.425360952746358,F127,S
692,0,1,"George, Mr. Kevin",female,37.491694123193454,1,0,47216,2.4548933157892754,,S
693,0,3,"Richmond, Master. Kevin",female,31.36651397578847,0,0,53159,8.48213452173842,,C
694,0,1,"Reynolds, Mr. Kathryn",female,17.363322920802734,0,1,PC 556067,41.94002080368547,E169,S
695,0,3,"Nash, Mr. Robert",female,8.028436104087476,0,0,15132,313.9533790872795,,S
696,0,3,"Pollard, Mr. Katrina",male,51.560310602941016,0,0,W.E.P. 554330,97.96197193800575,F147,C
697,0,3,"Stewart, Mr. Julie",male,47.23820753606956,2,0,77590,36.172230401481485,,S
698,0,3,"Stanley, Mrs. Michele",female,39.88340370230436,0,1,A/5 664983,27.535084184089303,C109,S
699,0,3,"Bates, Mrs. Samantha",female,20.531801242714156,2,0,PC 875447,7.998220577281144,,S
700,0,2,"Bruce, Master. Cindy",male,0.42,0,0,SOTON/O 774801,27.11506069063369,D59,S
701,0,1,"Williams, Dr. Katherine",female,40.70550845609329,0,0,PC 903251,45.175905405732884,G91,S
702,0,2,"Little, Mr. Tina",male,35.13361483397105,0,0,SOTON/O 983220,45.25202618701696,,S
703,0,1,"Perez, Master. Denise",male,24.754727672989528,1,0,SC/Paris 519704,40.770993331245705,,S
704,0,3,"Simon, Master. Jason",female,45.74728829377027,1,0,A/5 971481,86.86891577353379,,S
705,0,1,"Saunders, Mr. Theodore",female,41.8719654754799,0,0,W.E.P. 691785,35.67605365897417,,S
706,1,3,"White, Mr. John",female,32.465336835231895,0,0,82918,32.013466861349485,A184,S
707,0,3,"Webster, Master. Tracey",female,30.490817850195594,0,0,SOTON/O 529655,18.247879335462493,,C
708,1,3,"Melendez, Master. James",male,30.713548046395537,0,0,CA 701417,9.937288893996634,,S
709,0,3,"Weeks, Mrs. Katie",male,39.519158219686446,0,0,77916,0.0702466492949775,,S
710,1,1,"Orr, Mrs. Kenneth",female,17.995331148398165,1,0,77181,19.437648987972654,,C
711,1,3,"Williams, Mr. Robert",male,35.96376370499051,0,0,28539,50.13067622076605,,S
712,0,2,"Nelson, Master. Dominic",male,17.11172677742573,0,2,SC/Paris 297909,40.92390129928463,,S
713,0,3,"White, Mr. David",male,48.711772404531274,0,2,STON/O 463074,37.80611294540968,D134,S
714,0,3,"Payne, Miss. Chelsea",male,37.44980000205329,0,1,CA 957295,74.00317617405004,B23,S
715,0,3,"Hernandez, Mr. Natasha",male,20.364804337054984,0,0,CA 142641,13.253436704436927,,C
716,1,1,"Thomas, Mr. Reginald",female,31.1283415364165,0,1,18279,56.74379766818336,A18,S
717,1,2,"Patterson, Master. Joshua",male,18.04699067960743,1,0,85389,46.71826103433038,,C
718,1,1,"Powell, Master. Katelyn",male,51.057579727811145,1,1,A/5 755808,20.69942355862541,E28,S
719,0,1,"Pierce, Mrs. Douglas",female,52.72026378259693,0,0,A/5 719859,12.32979621984585,F165,S
720,1,2,"Powers, Dr. Brooke",male,39.747131555879875,0,0,STON/O 997348,41.355632746798484,,S
721,1,3,"Bailey, Mr. Michele",female,51.79319194716408,0,1,SC/Paris 310725,145.1558948258466,,S
722,0,1,"Gibson, Mrs. Brittany",male,32.12514328421501,0,1,SOTON/O 300787,3.971148936210176,,S
723,0,3,"Glenn, Miss. Paul",female,40.68917594044716,0,0,STON/O 717080,152.86425805424773,,C
724,1,3,"Hebert, Mr. Sarah",male,47.146143306736576,2,0,SOTON/O 425258,31.251828336922337,,S
725,0,3,"Baker, Dr. Melissa",male,29.919589662777163,0,0,72525,61.901218517089774,E146,S
726,1,2,"Bryan, Miss. Jacob",female,30.995454002442834,0,0,PC 943493,81.27955046267486,,S
727,0,2,"Wolf, Mr. John",female,43.071192420004564,0,0,55694,8.215131675569772,B75,S
728,1,3,"Brewer, Master. Michael",male,39.0509715183439,1,0,A/5 469458,2.3000012044123963,D160,S
729,0,1,"Griffin, Dr. Elizabeth",female,19.423549917185262,0,2,STON/O 594221,6.876496035145628,,S
730,0,3,"Smith, Master. Jason",male,0.42,0,0,57325,20.84801294281696,,S
731,0,2,"Moore, Miss. Sheryl",female,27.542607123641325,0,0,CA 340196,156.81208880843465,,Q
732,1,3,"Rivera, Mrs. Keith",male,0.6432014908474919,1,2,CA 669509,2.185863146482074,G151,S
733,1,3,"Owens, Master. Mark",male,16.125757294522323,3,0,A/5 577514,126.16040344692196,,C
734,0,3,"Raymond, Dr. Alyssa",male,17.759982599194622,0,0,45264,41.19636851362814,,S
735,0,2,"Humphrey, Master. Brandon",male,22.03900764683823,1,0,85687,5.398248632252449,,S
736,1,1,"Griffin, Mrs. Mary",male,41.486134018289576,0,1,77376,8.287884382003165,F148,C
737,0,3,"Wilson, Mr. Mark",male,44.52751357022365,2,1,30593,58.45138976569042,E22,S
738,1,3,"Martin, Mrs. Pamela",male,37.1223700773009,0,0,SOTON/O 938046,46.88254475182096,,S
739,0,1,"Obrien, Miss. Austin",male,38.855097664865276,0,1,86250,9.163488478845187,C143,C
740,0,1,"Barker, Mr. Claudia",male,39.18568638916105,2,1,78905,117.34309409284742,,S
741,0,1,"Kelley, Master. Katie",female,0.42,0,0,A/5 849235,7.13027523577787,,C
742,0,3,"Jones, Master. Cameron",male,30.14276754809963,0,0,STON/O 430225,35.82832277997004,G145,S
743,1,1,"Miller, Mrs. Shannon",female,4.849577903619927,0,1,CA 332354,37.57000477225041,,S
744,0,3,"Howard, Mr. Patricia",female,37.12795265940157,0,0,SOTON/O 280900,102.20462978695643,,S
745,0,3,"Thompson, Mrs. Alexis",female,0.696485937524244,1,2,22627,1.1199607911953802,,S
746,1,3,"Zimmerman, Mr. Ian",female,27.47386050509021,0,0,74536,7.33527244317039,F23,S
747,0,3,"Goodman, Mrs. Michael",male,37.668776864274214,0,2,SC/Paris 255711,9.357379974610192,E76,S
748,0,3,"Fleming, Dr. Karen",male,14.351388723571631,0,0,SC/Paris 121264,3.2472713969686913,,Q
749,1,3,"Andrade, Dr. Tina",male,43.464023447185085,0,0,48825,49.913460317444205,,S
750,1,1,"Ingram, Mr. Jeffrey",male,37.09271037932446,1,1,SOTON/O 931821,13.042261884358139,,C
751,0,2,"Williams, Mr. Logan",female,35.331545741730736,0,0,57528,42.98014357195438,,C
752,1,3,"Fitzpatrick, Mrs. Jennifer",male,39.772022225147445,0,0,10454,76.30362200752177,,C
753,1,3,"Dunn, Dr. Jacob",male,24.97119877126682,0,0,SC/Paris 977080,26.257088398266653,F171,C
754,0,3,"Garrison, Mrs. Raven",female,32.126864092595326,1,0,64190,73.23448076770282,,C
755,0,1,"Williams, Master. Cassandra",male,30.14072201127879,0,0,96379,75.22429790612004,G16,S
756,1,3,"Young, Mr. Matthew",male,29.824314775373974,1,0,33772,15.287079462772773,A17,C
757,1,1,"Sloan, Dr. Alicia",male,20.59156492694092,0,0,SOTON/O 738683,0.7934930061945378,,C
758,0,3,"Lyons, Master. Julian",female,12.604550393882121,0,0,50994,5.450684196068528,,C
759,1,2,"Logan, Mr. James",female,25.283983109947346,2,0,80221,86.72844584361906,,S
760,1,3,"Mclaughlin, Dr. Kristi",male,24.51272929928026,1,0,35193,25.985525134423863,G120,S
761,0,1,"Flowers, Master. Herbert",male,19.685766174763543,0,0,74953,91.34737326528365,A134,S
762,0,2,"Livingston, Mrs. Lisa",male,41.92875294534034,1,1,38891,39.64995817591023,C72,S
763,0,3,"Montoya, Mrs. Elizabeth",male,13.589107350021418,1,0,SC/Paris 384332,10.994653724732597,,S
764,1,1,"Smith, Dr. Erica",female,27.59887177552262,0,1,SC/Paris 429066,62.28094738588864,,C
765,0,3,"Archer, Miss. Cassandra",male,46.32875596185753,0,0,PC 425886,40.84335377324175,,S
766,0,3,"Thomas, Miss. Jeffrey",male,42.72781093639373,0,0,STON/O 566751,21.678201463109772,C176,S
767,1,3,"Elliott, Mr. Pamela",female,47.02811439136195,0,1,34860,4.590251251876231,C191,S
768,1,2,"Baker, Mr. Christopher",female,21.729071916760823,0,0,92504,5.3958755524331865,,S
769,0,3,"Miller, Master. Marissa",male,40.9800337601879,1,0,90799,10.444260203930938,D150,C
770,1,3,"Ferguson, Master. Kayla",male,15.118414442306157,0,1,SOTON/O 862080,55.879224289757104,C146,S
771,0,3,"Lopez, Mrs. Karen",male,26.137764618568436,0,0,PC 348110,65.0924076227882,,S
772,1,3,"Odonnell, Miss. Jessica",male,27.4554186490773,0,2,98418,49.8365309826227,,S
773,0,2,"Burns, Mr. Martha",male,21.938237029227857,1,0,96155,20.569258937370524,,S
774,0,1,"Molina, Miss. Mark",male,24.934604166816648,2,0,CA 440355,29.03291052462023,,C
775,1,1,"Hall, Master. Jennifer",female,23.092737015037063,2,1,35933,61.817874996421295,,S
776,0,1,"Hester, Miss. Perry",female,16.246486644576265,0,0,SC/Paris 938638,53.919174379982536,E196,S
777,0,2,"Love, Mrs. Rebecca",male,41.98978908408108,0,0,43516,74.14324354111895,,C
778,1,3,"Johnson, Mr. Joyce",male,27.44569995976023,0,2,85513,13.79673743556025,C118,Q
779,1,3,"Cole, Mrs. Taylor",female,32.820111614842,0,0,CA 363857,0.22494983122877252,,S
780,1,1,"Perry, Mr. Mark",female,32.292876196699964,2,1,W.E.P. 477732,15.492437449909296,,S
781,1,3,"Sandoval, Mrs. Julia",female,30.7661699515403,2,2,62943,21.377213261236083,,S
782,0,3,"Murphy, Master. Rachael",male,31.29926364479,1,0,98648,161.5897766670237,,C
783,0,3,"Wells, Dr. Travis",male,25.7241589195657,0,0,SC/Paris 404322,12.277911776575973,,S
784,0,3,"Johnson, Mrs. Michelle",female,49.85755615920808,2,0,W.E.P. 392925,87.55132694532001,B6,C
785,0,3,"Robinson, Mrs. Kelly",female,40.65042666289502,0,0,CA 541952,48.71076255560454,,C
786,1,1,"Waters, Miss. Breanna",male,30.257348458794276,1,0,30241,9.168303979868092,A136,S
787,0,1,"Griffith, Master. David",male,23.741237896475113,0,0,72119,25.83420511554668,,C
788,0,1,"Kramer, Dr. Carlos",female,28.336508201792874,0,0,PC 538801,35.68368653097333,,S
789,0,3,"George, Dr. Patricia",male,35.84670122920444,0,1,CA 228447,21.091171212320507,,C
790,1,2,"Garcia, Mr. Christopher",female,50.999161295508365,0,0,CA 430151,12.818868760624877,D138,S
791,0,3,"Stevens, Mr. Renee",male,10.777334374689378,1,0,46678,14.574528423760146,F42,C
792,0,2,"Steele, Dr. Steven",female,39.236846620984885,1,0,SC/Paris 500776,43.998635089834174,C189,S
793,0,3,"Duarte, Dr. David",male,45.77413091490088,0,2,14509,58.2546030558155,,S
794,0,1,"Bishop, Master. Keith",male,9.185941421326753,0,0,51571,31.646956618200438,,S
795,0,1,"Willis, Dr. Joshua",female,27.463887725762152,1,1,15469,142.13840350533528,,C
796,1,2,"Martin, Mr. Michael",female,15.096748376837454,0,0,STON/O 331198,65.20189165706108,,S
797,1,2,"Manning, Mr. Lori",female,36.02741456347848,0,0,64777,111.1692751406925,D93,S
798,0,2,"Davis, Miss. Jonathan",male,24.98308694702227,1,1,CA 121867,32.281085673745544,,S
799,1,3,"Rice, Dr. Sharon",female,28.17805306367824,0,0,SC/Paris 253872,0.7497395002764158,,S
800,1,1,"Wheeler, Master. Seth",male,24.24521869810136,0,1,30144,44.83304931027074,,S
801,1,2,"Howell, Mrs. Jennifer",male,40.08228805875576,0,1,SOTON/O 548118,85.25873851835226,F30,C
802,0,3,"Fields, Mr. Joshua",female,33.206461448373936,0,0,40186,38.451226858015524,,S
803,0,1,"Ball, Mrs. Patricia",male,33.232974696555175,0,0,SC/Paris 529484,41.95503309103943,A173,Q
804,0,3,"Martin, Mr. Wayne",male,32.24870555114035,0,1,CA 752800,184.38579822477394,,C
805,0,3,"Stewart, Master. Tiffany",male,38.01487232632992,0,0,STON/O 767978,22.79653076359484,,Q
806,1,1,"Kim, Mrs. Randy",male,26.332394032011475,0,0,PC 490683,80.94230627805263,,S
807,1,2,"Quinn, Miss. Brianna",female,53.810847025572976,1,0,98416,35.16737532008386,E70,S
808,1,2,"Davidson, Master. Jennifer",female,12.712873482940726,0,0,A/5 443347,31.154104562521606,D1,C
809,0,3,"Nelson, Mr. Kelsey",male,5.837141725624917,0,0,99547,7.866448276025157,G134,C
810,0,3,"Garza, Dr. Sheila",female,4.678472039479974,0,0,W.E.P. 928909,68.99476068654472,,S
811,1,3,"Phelps, Mrs. William",male,0.8857663299058984,0,0,SOTON/O 523687,86.66351668910247,,S
812,1,3,"Howard, Dr. Jeffrey",male,39.42437740748353,0,0,PC 254918,28.182974077005497,,C
813,0,1,"Ballard, Mr. Sharon",male,37.71914778995697,2,0,76155,72.09682191462934,,C
814,1,3,"Lang, Mrs. Patrick",male,46.90887088485833,0,0,86130,43.50863373021062,E80,Q
815,1,3,"Rivera, Mrs. Dawn",male,15.207064994122693,0,0,67296,14.890278100484231,,Q
816,0,3,"Henry, Mrs. Joshua",female,40.43646036643701,0,0,SC/Paris 866385,128.66429361922036,E145,Q
817,0,3,"Manning, Master. Tabitha",male,30.795536870090285,1,0,67246,59.66341738281466,A192,Q
818,0,3,"Watson, Master. Travis",male,32.33221098818203,1,0,W.E.P. 971904,105.32403851934986,,S
819,0,1,"Dawson, Master. Adriana",male,38.75872053489451,0,1,18875,16.527003134768872,,S
820,0,2,"Wiley, Master. Becky",male,19.41205548512579,0,1,11590,124.06357684911922,F136,C
821,1,3,"Jones, Mr. Linda",female,66.22148789566282,0,0,60297,22.68028948199723,,C
822,0,1,"Stevens, Miss. Christopher",male,48.64632425985495,0,0,PC 410045,0.47888025558094915,,S
823,0,3,"Clark, Mr. Joseph",female,22.556116644064954,0,0,W.E.P. 138337,3.8996142844040738,,C
824,0,1,"Johnson, Mrs. Tanya",male,14.72966719187313,0,0,A/5 723256,4.679200167186566,,S
825,0,3,"Campbell, Master. Jacob",male,28.769341734734315,1,0,PC 226935,11.60564329402018,,S
826,1,3,"Jackson, Mrs. Scott",male,32.55161821014859,0,0,61378,10.321818942485194,,S
827,0,1,"Peters, Master. David",female,44.918613635916344,0,1,STON/O 506512,2.9818738930780198,B137,C
828,0,3,"Hardy, Dr. Cindy",male,13.637907238043436,1,0,W.E.P. 858357,112.87696906675977,F49,S
829,1,3,"Avila, Dr. Christopher",male,33.99681720478833,1,0,A/5 442461,88.10326206997341,,S
830,0,3,"Hopkins, Master. Angela",female,8.593789658192954,1,0,11169,71.9474781803449,,S
831,0,1,"Williams, Dr. Cassidy",female,36.109006307755664,0,0,CA 878010,32.613065430999264,,C
832,0,1,"Gomez, Master. Karla",male,28.494940913587293,2,0,SOTON/O 836776,27.68214651029281,,Q
833,0,2,"Oneal, Miss. Seth",female,57.113516672000685,0,0,48922,27.70096634172446,B144,S
834,0,2,"Bryant, Mrs. Curtis",female,8.355964380924522,0,1,SC/Paris 275888,15.174817062603807,E177,C
835,0,3,"Jackson, Mr. Garrett",male,49.188517340861466,0,0,A/5 619987,46.85754162683045,,S
836,0,3,"Lindsey, Mr. Mark",male,6.14636130767294,0,0,22590,3.0448394043720635,,Q
837,1,3,"Joseph, Mr. George",male,11.41905615830894,0,1,STON/O 929981,53.76196550028357,,S
838,0,3,"Barajas, Master. Alexander",male,6.520676181389685,0,0,PC 637997,36.06267069141995,E148,Q
839,0,3,"Reyes, Master. Lori",female,33.50493651831476,0,0,72690,84.78254051940789,G75,S
840,1,3,"Mooney, Miss. Tiffany",male,13.56821664944773,1,0,PC 565738,180.1202952748878,,S
841,0,3,"Klein, Master. Manuel",male,11.123358926072466,0,0,SOTON/O 670310,104.62031627249154,,C
842,1,3,"Henry, Mr. Christian",female,32.838746422727326,0,0,96386,63.63474004469225,D28,S
843,0,3,"Mccoy, Dr. Stacie",male,36.32485540224567,0,0,60769,28.35070299547183,F184,S
844,1,2,"Jensen, Mrs. Dakota",female,30.55789025810456,0,0,SC/Paris 506162,12.073285457362765,A199,S
845,0,1,"Roach, Master. Jeffery",female,27.72893191369826,0,0,CA 252857,54.66233305242931,,Q
846,0,3,"Brown, Mr. Andrew",female,55.604734854120494,1,0,PC 945178,11.257221900564566,D118,S
847,0,3,"Nguyen, Mrs. Antonio",female,32.04170772738758,0,0,84646,1.0233488426356474,,S
848,1,3,"Fuentes, Mrs. Tiffany",male,41.279680634911486,0,1,70534,42.575851903535636,,S
849,0,3,"Sullivan, Master. Yesenia",male,32.00090975965942,0,0,PC 726677,25.05452585064084,,S
850,0,1,"Meyer, Master. Erika",male,14.629731964434422,0,1,94255,104.38121299725817,D138,S
851,0,3,"Jackson, Master. Gabriel",male,37.69842754662824,0,0,STON/O 832670,51.89186314056617,,S
852,1,2,"Bennett, Miss. Nancy",male,20.81883763942291,0,0,55775,52.099799091731654,B91,C
853,0,3,"Simmons, Mr. Diana",male,28.72619406745069,1,0,83310,77.53323196210732,,S
854,1,3,"Robles, Master. Bailey",female,34.275637546507966,0,1,15473,20.44745860609236,F115,C
855,0,2,"Mcdonald, Mrs. Jody",female,2.8201470635869974,1,0,34891,158.70940754601634,,S
856,0,3,"Smith, Miss. Michael",male,7.466970265515798,0,0,40289,12.507850796917625,,C
857,0,3,"Knapp, Mr. Bridget",male,42.73242841496589,0,1,84718,102.66136654131144,,S
858,0,1,"Larson, Dr. Frank",male,20.707549747614785,0,0,SC/Paris 491644,120.86670024356737,,C
859,0,3,"Woods, Master. William",female,21.371492152475945,0,0,23001,1.991144318107152,,C
860,0,3,"Clark, Master. Christina",female,32.330137563191485,1,1,STON/O 169537,49.95945217837482,,S
861,1,3,"Lee, Dr. Kristie",male,24.600583640293827,1,0,SC/Paris 919937,69.19902001964113,,S
862,0,2,"Buchanan, Master. Lisa",male,35.84623734299905,0,0,99695,153.771690315998,,S
863,0,1,"Jones, Mr. Joel",male,29.284294957737384,0,0,12273,14.476114840530347,,S
864,0,3,"Watts, Miss. Brian",female,32.78044130252628,2,0,49967,41.25971810107957,,S
865,0,1,"Peters, Mrs. Morgan",male,20.173982536608463,0,1,PC 772809,74.1661437306769,,S
866,0,3,"Harrison, Dr. Kendra",male,32.71032752593299,0,0,68723,8.029305778024968,,S
867,0,1,"Jackson, Mr. Jason",female,45.471247215696216,0,0,42042,95.86005659740464,,C
868,0,3,"Reynolds, Mr. Timothy",female,22.051524974401218,2,0,STON/O 773021,25.845373321672792,,Q
869,1,3,"Cabrera, Dr. Justin",female,42.81445620381012,0,1,W.E.P. 134944,51.047969549735086,,S
870,1,2,"Lucas, Miss. David",male,29.27815554348291,1,0,SC/Paris 731570,2.1473635537123474,,S
871,0,1,"Gordon, Miss. James",female,40.28274318369113,1,0,75837,12.61163712409282,,C
872,0,3,"Miller, Mrs. Dean",male,31.802798456943552,0,1,PC 507101,32.52210723507757,,C
873,1,3,"Butler, Mrs. Jacqueline",male,29.53224711862903,1,0,31499,17.068880391481184,,S
874,0,2,"Sharp, Mrs. Brian",male,34.896215549069126,0,1,38202,158.31802667044457,,C
875,0,3,"Myers, Miss. Elizabeth",male,46.990365872231486,2,0,CA 260010,79.22080513264808,F90,S
876,0,2,"Kerr, Master. Doris",male,33.30536211901106,0,0,CA 338728,100.0795707219934,B89,Q
877,1,2,"Walker, Master. Thomas",female,36.69943163271756,0,2,82900,31.39774732444438,,S
878,1,3,"Cox, Master. Robert",male,24.84121120992618,0,1,STON/O 777281,32.08869089923646,,S
879,0,1,"Gillespie, Dr. Jerry",female,51.992410635930355,1,0,W.E.P. 350368,81.78627432323347,C149,Q
880,0,3,"Bell, Dr. Justin",male,38.9647195530154,0,0,W.E.P. 381990,24.51298961677622,,S
881,0,2,"Prince, Dr. Nathaniel",male,31.087918440350087,1,1,52153,32.77805389346352,,S
882,1,1,"Rivera, Dr. Tiffany",male,28.282848588434558,1,2,A/5 438177,37.60132535379952,,S
883,0,2,"Lamb, Miss. Stacie",female,43.69071576982355,4,0,98705,46.717348180350484,,S
884,0,3,"Diaz, Dr. Jeffery",male,21.513142921366367,0,0,W.E.P. 766564,52.48689089305753,,S
885,1,3,"Rogers, Mrs. Daniel",female,5.03974977220134,1,1,CA 715761,57.08931121045613,,S
886,0,3,"Moore, Dr. Vincent",male,31.013594391942373,0,0,76628,29.35018210539142,,S
887,1,1,"Davis, Mr. Sean",female,46.66006402360081,1,0,35777,17.488290147496656,,Q
888,0,2,"Zavala, Master. Sonya",male,52.27832335658543,1,0,CA 979491,126.382862002357,F184,Q
889,0,3,"Moore, Mr. Jamie",female,28.49788479192568,0,0,A/5 171961,87.64281465737324,G127,S
890,0,1,"Aguilar, Mr. Tricia",male,30.610227295184966,0,1,59737,0.17216572886665615,A83,C
891,1,3,"Kramer, Mrs. Elizabeth",female,37.27342605522337,0,0,A/5 940832,35.9666960920279,,S
892,1,1,"Tucker, Miss. Erik",female,26.29910813590729,0,0,SOTON/O 989989,16.051812550976553,,S
893,1,3,"Dean, Mrs. Colton",male,37.229683277476084,0,1,W.E.P. 775676,51.463032527483485,,Q
894,0,2,"Thornton, Miss. Lisa",female,28.80437548504425,0,0,79742,34.92204190114628,,S
895,1,3,"Sanders, Mrs. Jessica",male,44.159155600662515,1,0,59988,1.0696845253609806,B11,C
896,0,1,"Long, Miss. David",male,40.12172718336953,0,0,12489,65.05586344761622,D188,S
897,0,1,"Fisher, Dr. Susan",female,41.34318965223406,2,1,STON/O 199008,16.105862042283302,F163,S
898,1,1,"Vasquez, Mrs. Cynthia",male,27.12555297277077,4,1,SC/Paris 508260,15.071238216218866,,S
899,0,1,"Robertson, Mr. Melanie",male,56.96298248703165,0,0,SC/Paris 505038,1.6223434821570095,B12,C
900,0,2,"Johnson, Mrs. David",male,36.77476719331261,1,0,73945,88.11085828350811,,S
901,0,3,"Ramirez, Mr. Kimberly",female,33.46211674881564,0,0,SC/Paris 147754,43.23706540035887,D109,S
902,0,3,"Bowen, Miss. Michael",male,19.346798272062397,0,0,W.E.P. 156679,33.16415104826331,C76,S
903,0,3,"Scott, Dr. Jason",male,28.640994517920245,0,0,CA 584231,56.321708764292666,,S
904,0,3,"Sanders, Dr. Kenneth",female,31.601316649836903,1,0,SOTON/O 597846,21.18426103686567,,S
905,0,3,"Herman, Dr. Hailey",female,18.9725178500598,0,0,PC 231587,42.1374337305876,,S
906,1,2,"Miller, Mr. Laura",female,25.90755995923277,1,0,92637,14.335687608611552,,C
907,1,3,"Newton, Master. Adrian",female,27.678799746557864,1,1,A/5 627709,3.251206290474873,,Q
908,0,2,"Lee, Master. Adrian",female,30.782889252925056,0,0,SOTON/O 292303,41.20191474588125,,C
909,0,3,"Orozco, Mrs. Tyler",male,5.322102139417542,0,1,65717,12.499518675318892,,S
910,0,1,"Robertson, Master. Eric",male,28.1062124301403,0,0,SC/Paris 144014,69.32315496284471,,S
911,0,1,"Williams, Master. Ashley",female,24.717153436880956,0,1,63962,30.059691362403605,,C
912,0,3,"Atkins, Master. Amy",female,29.707621905251404,2,0,SOTON/O 472073,14.410675985391567,,Q
913,1,1,"Morgan, Master. John",female,44.49387192652358,0,1,A/5 838636,46.868807241955615,,C
914,0,3,"Cross, Mr. Jackie",male,58.73353688969688,0,0,W.E.P. 382220,6.200035608701164,,S
915,0,3,"Schultz, Dr. Michelle",male,39.49728079502478,0,0,48654,71.65334303813279,,S
916,0,1,"Jackson, Miss. Peter",male,12.718089591071294,0,0,PC 443037,30.090239126708713,,S
917,0,1,"Flynn, Mr. Eric",female,25.16430267434452,1,0,SC/Paris 741921,83.73767098087205,,S
918,1,3,"Meyer, Master. Carla",female,38.343486323635275,1,0,88772,7.430590638015847,,S
919,1,3,"Kramer, Master. Christopher",male,36.766066950006326,1,1,74630,24.107233853086143,,S
920,0,2,"Ross, Mr. David",male,43.82256029634304,0,0,35122,9.924357097626256,,S
921,1,3,"Delgado, Miss. Erica",female,28.63708607993166,1,1,SC/Paris 286622,3.157404775100615,,C
922,0,3,"Klein, Dr. Kayla",female,24.910996578882923,0,0,SOTON/O 928518,155.44240340851437,,S
923,1,2,"Peters, Master. Daniel",male,54.533936054824544,0,1,59094,64.84984799351238,B61,S
924,1,1,"Norman, Mrs. Manuel",male,30.821388447174925,0,0,SC/Paris 588693,19.6969848891085,,S
925,0,3,"Lyons, Miss. Matthew",female,15.766558735704393,0,0,23792,14.12811803426092,,C
926,0,1,"Madden, Master. John",female,50.651871198460896,0,0,PC 968603,11.42802966650506,,S
927,0,3,"Peters, Mrs. Debbie",male,9.054663120477773,0,0,A/5 286093,2.1981405103910876,,S
928,0,2,"Miller, Mr. Tracy",male,0.42,1,0,PC 560417,5.416543908667918,,Q
929,1,3,"Nguyen, Dr. Chris",male,40.77141461252603,0,0,SC/Paris 565635,5.429796502285151,,S
930,0,3,"Craig, Mrs. Laura",male,42.749813594344836,0,0,STON/O 448486,54.87039763823485,,C
931,0,3,"Cohen, Master. Shelia",male,35.79618118722567,1,0,25116,45.157327883869115,E168,S
932,1,2,"Santana, Mrs. David",male,11.765614824111303,0,1,22688,41.98887268543673,,Q
933,1,1,"Carroll, Mr. Amber",male,29.17582202660751,0,0,60453,66.30005622433433,E81,S
934,0,3,"Gonzalez, Master. Melissa",female,26.105639970245804,1,2,STON/O 595159,14.462315159420644,,S
935,0,2,"Marshall, Miss. Lauren",male,22.477953847506548,0,0,74034,20.963625329874777,,S
936,0,1,"Sanchez, Mrs. Timothy",male,49.76897203132991,0,1,71386,6.7739030298091825,G143,Q
937,0,3,"Ward, Miss. Brian",male,15.346675179156355,1,0,PC 537435,44.30151947582744,F30,S
938,1,1,"Bass, Mr. Andrew",male,34.4254623434896,1,0,PC 738756,135.08270447308894,B31,S
939,0,1,"Hudson, Mrs. Michelle",male,46.71665777127605,0,0,91793,99.43904700347514,,S
940,0,1,"Moore, Dr. Joyce",female,35.34018135446653,0,2,PC 565236,40.48391628931667,,S
941,0,3,"Boone, Mr. Eric",female,47.37565721493523,1,1,STON/O 601740,51.726655752306904,,S
942,0,3,"Miller, Mrs. Brittany",female,37.892006114005014,0,0,66456,243.38505745523116,,S
943,1,2,"Davenport, Mrs. Andrew",female,36.01089538688841,1,0,80094,36.42366542312821,,S
944,1,2,"Gonzalez, Dr. Vanessa",female,35.13568816365006,0,0,PC 422227,102.23779021080566,,S
945,0,2,"Smith, Mrs. Amy",female,38.5882057331021,0,0,STON/O 110662,34.72312850559044,A3,Q
946,0,3,"Crawford, Mrs. Peter",male,24.602452636228353,2,1,A/5 118287,2.452600372186565,,S
947,0,1,"Morgan, Miss. Donna",female,11.773766073780987,0,1,10184,136.40864715193362,,S
948,1,3,"Alvarado, Miss. Lori",male,43.35660776048633,0,0,SC/Paris 176682,5.932436162395359,C60,S
949,1,1,"Ramirez, Master. David",male,46.264392207080725,0,1,57695,60.90155962140088,,S
950,0,3,"Adams, Mrs. Erin",male,33.52770335268461,0,0,39116,13.587742802810254,,S
951,0,1,"Henson, Mr. David",female,22.322741325118816,0,0,36111,115.6503088638444,,S
952,1,3,"Hill, Mr. Haley",female,8.191960368585068,1,0,73723,11.187739120183144,,S
953,0,1,"Thomas, Mrs. Corey",female,31.201299398927432,1,0,82970,7.545469457572969,,S
954,1,1,"Mcclain, Master. John",male,11.114695173948402,1,0,13415,28.8761421374557,,S
955,0,3,"Williams, Miss. Christina",male,9.154174963069043,0,0,A/5 867437,34.32653243847088,,Q
956,0,3,"King, Miss. Lori",female,29.7097586077803,0,0,SOTON/O 342643,85.44288461175078,,S
957,0,2,"Hernandez, Master. Susan",female,19.307226983367798,2,0,SC/Paris 504147,71.85891463257461,,C
958,0,3,"Joyce, Mrs. Gary",female,34.834333786306786,0,1,CA 585408,19.894851950425412,,S
959,0,3,"Roberts, Master. Michael",male,27.76986156413376,0,1,PC 251637,24.302570457387763,,S
960,1,3,"Mitchell, Mr. Jessica",male,21.50711607288346,0,0,91230,42.98020582011016,,C
961,0,2,"Porter, Mrs. Morgan",female,6.131188869794482,1,0,49532,40.100806124394325,G62,S
962,0,3,"Ryan, Mrs. Edwin",male,18.059566238374995,0,0,A/5 712672,99.04196564008528,,C
963,0,3,"Rogers, Master. Teresa",female,18.57408913928473,1,1,STON/O 350550,31.97783662540222,,S
964,0,2,"Smith, Master. Kevin",male,12.845692570790533,1,0,93027,111.98474369596032,,Q
965,0,3,"Anderson, Dr. Dawn",female,25.39337986660661,1,0,PC 112945,11.475166342468203,,S
966,0,1,"Ellison, Dr. Richard",male,13.938472123554877,0,1,95243,101.1061086883184,,S
967,1,1,"Miller, Miss. Angela",female,27.707601537922987,1,0,77392,18.141305879979964,,S
968,0,3,"Flores, Dr. George",male,33.36575699136119,2,2,75945,77.85595058633795,,Q
969,0,3,"Harris, Miss. Paul",male,18.43362063855151,0,2,STON/O 316679,41.665009683905964,,C
970,0,1,"Garza, Mr. Michael",male,35.95572081186019,0,2,STON/O 197749,104.19733054483635,,S
971,1,2,"Phillips, Dr. Michele",female,10.940989802532147,2,0,CA 589272,13.149717892893722,A80,S
972,1,3,"Reyes, Master. Edward",female,14.429516422451933,0,0,40564,60.449098731106986,B196,C
973,1,2,"Mendez, Miss. Jared",male,28.414957833253233,1,0,SC/Paris 918197,94.51042806315827,,S
974,0,3,"Baker, Miss. Robert",female,39.61857528644094,1,1,A/5 369864,74.95982597107164,B6,S
975,0,3,"Ferguson, Mr. Stacey",male,42.14359358084973,0,1,47818,41.735460936485104,,C
976,0,2,"Miller, Dr. Leslie",male,52.57346871020583,0,0,SC/Paris 403328,56.25795874710675,,S
977,0,3,"Cox, Master. Nicholas",male,24.727755752554856,1,0,41522,10.939968862436425,,S
978,0,3,"Benton, Miss. James",female,28.214981538503736,1,0,90067,12.196891954522998,,S
979,0,3,"Clark, Mr. Carlos",male,15.542542593748182,0,0,STON/O 849457,15.550300291284946,,C
980,0,3,"Wells, Mr. Robert",male,12.447271352125679,0,0,STON/O 667256,88.01702105025042,G67,S
981,0,3,"Bush, Dr. Mary",female,33.20000920858535,0,0,SC/Paris 270747,9.16247811328088,,C
982,1,3,"Frank, Master. Jessica",female,19.1377990077526,0,0,54368,17.756850733461096,,C
983,0,3,"Peterson, Dr. Wesley",male,47.25330880024207,0,0,SC/Paris 154261,126.55856640358161,D167,Q
984,0,2,"Morrison, Miss. Ryan",female,9.52659975385653,0,0,35418,70.37291549334353,,S
985,1,2,"Lopez, Master. Melanie",female,36.80894488154575,0,0,59407,66.0488745038063,,S
986,0,1,"Black, Dr. Grace",male,15.919650656561592,0,0,85262,30.361451577183633,,C
987,1,1,"Wilson, Master. Jesse",female,18.51372146519083,2,0,86549,60.593790488522146,,S
988,0,1,"Ramirez, Mr. Rhonda",male,37.54756891352843,1,0,A/5 631627,41.704190579187525,,C
989,0,3,"Bell, Mr. Edward",female,20.537673894489284,1,0,W.E.P. 181028,3.707339653973804,,S
990,1,3,"Moreno, Mrs. Robert",male,22.7790230547214,0,2,36999,42.96317446765344,,S
991,1,3,"Tran, Mr. Jonathan",female,18.62978291027804,1,0,42202,30.096566723139162,,S
992,1,3,"Hall, Dr. Kathryn",male,54.99041708258818,0,0,PC 903790,6.049815054095179,F48,Q
993,0,3,"Moses, Mr. Kevin",female,21.355191644879866,1,1,SC/Paris 963411,21.09992790857443,,S
994,0,3,"Pacheco, Miss. Holly",male,30.721731044058686,0,0,PC 375019,112.59335142733423,,S
995,0,3,"Hunter, Mr. Wanda",male,27.17320959606496,0,0,82442,81.40619091666782,,S
996,0,2,"Baker, Dr. Troy",male,33.099838864139656,0,1,SOTON/O 883917,122.61418772695694,,C
997,1,3,"Rivera, Miss. Sarah",female,21.39368274247691,0,1,43342,63.12951101394603,,S
998,0,3,"Munoz, Mrs. Lisa",male,27.1885587164169,3,0,CA 532177,50.058899515213575,,C
999,1,2,"Powers, Mr. David",male,35.51532812591509,0,0,59315,7.496839980973396,G166,S
1000,0,3,"Mathis, Mrs. Gina",male,17.917900067958115,0,1,52119,5.670174023432398,G119,S
1001,0,3,"Bowen, Dr. Michael",female,45.25049899279416,0,0,A/5 778523,14.1681337822073,,S
1002,0,1,"Miranda, Master. Jaclyn",male,46.59672726658285,0,1,26220,18.858256121060723,D72,S
1003,1,3,"Rogers, Dr. Joseph",female,38.49089676622235,0,0,SOTON/O 458361,46.70180112188915,,S
1004,1,2,"Vaughan, Mr. Holly",male,30.978269370350766,0,0,CA 656287,104.9043468470532,F81,S
1005,1,1,"Hull, Mrs. Elizabeth",male,0.42,0,0,W.E.P. 603881,110.69694454835985,,C
1006,1,3,"Alexander, Dr. Tamara",male,35.940075857162476,0,0,41007,57.34130821431983,D144,S
1007,1,3,"Hernandez, Mrs. William",female,24.5213743267959,0,0,SOTON/O 258437,42.655700020395706,,C
1008,1,3,"West, Miss. Edward",male,26.552158240154444,1,1,PC 105901,14.01140405739231,G192,S
1009,0,3,"Smith, Mrs. Patricia",male,3.436717372680569,1,0,CA 858934,138.9863066432176,,S
1010,0,2,"Carpenter, Dr. Stephanie",male,36.910238802238695,1,0,SC/Paris 175366,55.602026544311144,,S
1011,0,3,"James, Miss. Jeffrey",female,9.719865344422637,0,1,52518,38.12027513665141,B85,S
1012,1,3,"Diaz, Dr. Ralph",male,31.65794364387952,0,0,SOTON/O 172143,5.488309218328135,G24,S
1013,1,3,"Graham, Master. Tracey",female,42.66520474673777,2,0,91037,87.40147861398303,G170,S
1014,0,2,"Valdez, Mr. Melody",male,23.429405461554268,0,1,CA 439756,21.461698390901862,,C
1015,1,3,"Brown, Dr. Michael",male,47.024724153198164,0,1,75896,115.4234647918249,,S
1016,1,3,"Wright, Miss. Jeremy",male,19.54213470509948,0,0,SC/Paris 862916,9.221079767865922,,S
1017,0,3,"Baker, Master. John",male,38.40606307423403,1,0,63664,2.4907738598195275,,C
1018,0,3,"Estrada, Mrs. Anthony",female,11.732999479580617,0,1,86885,28.522420324135293,,C
1019,1,2,"Benson, Dr. Jesse",male,44.435826085527324,0,1,PC 527433,4.076948459473396,,S
1020,0,3,"Mueller, Dr. Melvin",female,42.26386535611006,0,0,67415,3.1897646693964212,C79,S
1021,1,3,"Jackson, Mrs. Mark",male,36.557010921492214,0,0,89831,62.54138690451728,G123,C
1022,0,1,"Gillespie, Miss. Savannah",female,24.49402208740664,0,0,56584,14.878247714671883,E173,S
1023,1,3,"Moore, Mrs. Diana",male,10.371991272006433,0,0,SOTON/O 664170,50.9231931161201,,S
1024,1,3,"Jensen, Master. Tina",male,24.531035586927594,1,0,10933,42.29541655164753,,S
1025,1,3,"Watson, Dr. Jennifer",female,45.54430046047372,0,0,SOTON/O 865226,7.584927332765782,,S
1026,0,3,"Ward, Mrs. Eric",female,31.819466201967614,1,2,86730,24.370027197438894,A85,S
1027,1,1,"Wheeler, Dr. Austin",male,8.257482986825703,0,0,15787,3.417362185040549,,S
1028,1,3,"Clark, Dr. James",male,14.253813048120822,0,0,A/5 145238,27.38081705942596,,S
1029,0,3,"Preston, Dr. Jason",male,47.54411961193192,0,0,SOTON/O 101355,10.066784702589622,,S
1030,1,1,"Waters, Mrs. Hannah",female,36.8307785297904,0,0,45882,5.063406035559959,,S
1031,0,2,"Atkinson, Mrs. Tina",male,12.723998309641011,0,0,24127,19.061939690476525,,S
1032,0,1,"Brady, Mr. Andrea",female,5.27835905355569,0,1,28457,0.17125561564401448,,S
1033,0,2,"Clark, Mrs. Robert",male,21.24941011559907,1,0,STON/O 871819,70.8931771447215,,Q
1034,0,3,"Carey, Master. Christopher",male,4.08097808814113,2,0,W.E.P. 266260,8.609673647063886,D167,S
1035,0,3,"Anderson, Miss. Steven",male,27.818317139901993,1,2,76346,49.15315110145009,,S
1036,1,3,"Johns, Mr. Megan",male,64.32275520570826,0,1,SC/Paris 502254,89.36314653070102,,S
1037,0,3,"Sparks, Dr. Bryan",male,7.642614940211594,1,0,CA 754005,124.58948226759145,,S
1038,1,2,"Gray, Mrs. James",male,27.39564071511299,0,0,10767,40.774189583018696,,S
1039,0,3,"Patterson, Miss. Caleb",female,48.366972054637515,0,0,PC 256451,77.6254350792611,C169,S
1040,0,3,"Knox, Miss. Erin",male,40.48723001620134,0,1,CA 311509,30.327536691747582,,Q
1041,0,3,"Chen, Miss. Christie",female,27.917629992812063,0,0,33046,33.68495398396619,,C
1042,1,3,"Moore, Dr. Lisa",male,27.95111861764524,0,0,STON/O 510456,39.56801938090061,,S
1043,0,3,"Williams, Mr. Lisa",female,13.817263046055892,1,1,W.E.P. 183876,55.453898540957105,,Q
1044,1,3,"Harris, Miss. Steven",female,26.25281921992225,1,0,SOTON/O 457047,55.42061597701138,,C
1045,1,2,"Faulkner, Mr. Matthew",female,33.40816999936182,0,0,STON/O 398574,76.94382916333383,,C
1046,0,3,"Green, Master. Vincent",female,45.471589605837266,0,0,95218,47.978702310845236,,S
1047,0,1,"Brown, Master. Jill",male,21.317541270793416,2,1,16713,107.12297325738345,,S
1048,0,2,"Young, Miss. David",female,27.342308207111525,0,0,W.E.P. 767865,61.7621790934035,C69,S
1049,1,2,"Lane, Miss. Margaret",female,16.71101126940645,1,0,99002,132.2204516251961,,S
1050,0,1,"Patterson, Master. Mike",male,33.154552513567076,0,1,SC/Paris 667226,69.40214997591056,,S
1051,1,1,"Gonzalez, Mr. Rebecca",male,40.97291230432549,0,0,11670,67.10513679726265,,S
1052,0,1,"Martin, Mr. Darrell",male,38.815072188018526,1,0,STON/O 932700,98.44770196015187,G60,S
1053,1,3,"Dixon, Mr. Philip",male,13.617380943807024,0,0,STON/O 638659,53.32809705721123,,S
1054,1,3,"Garcia, Mrs. Peter",male,32.05608493238981,0,0,CA 528172,9.89665844635525,,S
1055,1,3,"Hahn, Master. Paul",male,20.517624604497364,1,0,STON/O 711939,4.33066382296872,,S
1056,0,2,"Holt, Mrs. Jeremy",male,44.15470021913967,2,0,24757,18.97715956885079,A20,Q
1057,1,3,"Marshall, Mrs. Joshua",female,27.741621881170467,0,0,W.E.P. 324196,84.2064214478561,,S
1058,0,3,"Baker, Master. Javier",male,8.72681326462482,1,0,53208,1.097346908617066,,S
1059,0,1,"Kelly, Mrs. Felicia",female,26.922762121491736,0,2,38602,8.128276714275538,,S
1060,1,3,"Weber, Mrs. Jacob",male,36.41861596878434,2,0,21295,5.608952421542249,,C
1061,1,3,"Thompson, Dr. Jon",male,33.41608488399919,0,0,16539,1.8941787901932985,,S
1062,1,1,"Kelly, Master. Melanie",male,22.834855808872277,0,0,STON/O 775982,83.1113102008424,,Q
1063,1,3,"Hall, Miss. Leslie",male,21.806172541803953,2,0,26391,16.39645068687329,,S
1064,0,3,"Reed, Miss. Sharon",male,16.17493842497157,1,0,49912,65.26818059272928,,S
1065,0,1,"Kelly, Mr. Judy",male,24.47350531530571,0,0,36023,7.652437496087732,G146,S
1066,1,1,"Ramsey, Mr. Keith",male,18.020494468638763,1,1,86876,26.29135687148303,G179,S
1067,0,1,"Stokes, Miss. Jennifer",male,43.58120380648241,1,0,A/5 378726,6.191252653600728,G62,S
1068,0,2,"Rodriguez, Mr. Joshua",male,17.384076529757372,1,0,SOTON/O 631183,0.12417442458784475,B77,S
1069,0,3,"Pruitt, Mrs. Walter",male,31.711982473070815,0,0,35381,47.487494374000235,,S
1070,0,3,"Chung, Miss. Alexis",male,30.760254646568658,0,0,CA 924667,32.790828857693434,C20,S
1071,0,2,"Roberts, Miss. Brian",male,43.239344270388756,1,0,36392,26.947218075831593,,S
1072,0,3,"Miller, Mr. Nancy",male,45.25115604541719,1,2,SC/Paris 249296,4.096283643150376,,Q
1073,0,2,"Valencia, Mr. Michael",male,39.743579205938595,1,0,W.E.P. 510624,44.361459764207574,,S
1074,0,1,"Yang, Mrs. Jamie",male,34.94099680606182,0,0,W.E.P. 759564,75.70662209773838,,S
1075,1,2,"Simmons, Mrs. Jerry",male,15.318953954683188,0,0,A/5 108777,3.4806070856289386,B180,S
1076,0,3,"Cox, Dr. Anthony",male,15.035818771664395,0,0,93867,26.675579165030378,D9,Q
1077,0,2,"Garcia, Miss. Victor",male,18.160328523290715,1,0,STON/O 417717,18.666099673770184,,S
1078,1,2,"Hughes, Mrs. Shane",female,40.52689399479081,0,0,89011,111.22412573218816,,S
1079,0,1,"Daniel, Mrs. Timothy",male,31.0266189955089,1,0,91607,15.235022632025839,A28,C
1080,1,3,"Lindsey, Mrs. Andrew",male,42.161201370297874,0,1,29901,144.37140468750502,C77,S
1081,1,3,"Kramer, Mrs. Angela",female,44.03923828048116,0,0,STON/O 794967,88.13016263144844,G48,C
1082,0,2,"Norman, Miss. Adam",female,19.83667339581053,0,0,CA 245868,5.276853435763324,,S
1083,0,2,"Holland, Mr. Joshua",male,30.44904058580062,2,1,SOTON/O 414742,32.757681988385116,,S
1084,1,3,"Webb, Mr. Michelle",female,29.818088498429738,0,0,91989,52.34866338824274,B24,C
1085,1,3,"Woods, Master. Clifford",male,25.410972345260987,1,2,SC/Paris 354865,44.95592152169737,,S
1086,0,2,"Simpson, Mr. David",male,22.51220003665404,0,0,29321,56.85159610082442,,S
1087,0,3,"Nelson, Mr. Kathryn",female,46.586577047754794,0,0,W.E.P. 361807,27.78299719192801,,S
1088,0,3,"Williams, Master. Matthew",female,30.727604174017014,1,1,10093,117.55869973349971,E186,Q
1089,1,3,"Anthony, Dr. Casey",male,30.18402703983675,1,0,PC 649885,15.76025894678005,,S
1090,0,3,"Leblanc, Dr. Kevin",female,18.76111255183966,1,0,13346,4.941363405688845,,S
1091,1,3,"Anderson, Master. Nicholas",female,39.45297402578906,1,0,SC/Paris 230872,190.77634043157397,,S
1092,1,3,"Patrick, Master. Jacqueline",male,15.92849498826779,0,0,29461,52.771725154186846,,S
1093,0,1,"Waller, Miss. Erin",male,36.36867740382555,2,0,CA 477837,53.822613872834204,,S
1094,0,2,"Martin, Master. Colleen",male,36.75121104077227,0,1,SC/Paris 319927,85.05755310888892,,S
1095,0,3,"Santana, Miss. David",female,24.22478930947004,1,0,81203,27.3607760862203,,S
1096,0,2,"Mata, Dr. Matthew",male,34.44712913656451,2,1,CA 842911,24.407203992798927,,C
1097,0,3,"Adams, Miss. Nicole",female,32.599373826622816,0,0,47250,148.93884893529437,,S
1098,0,3,"Davis, Mr. Samuel",male,29.448951252657906,1,0,59573,24.45168638536754,,S
1099,1,3,"Kim, Mr. James",male,30.181215722033254,0,0,SOTON/O 880222,4.0864225673337575,,S
1100,0,3,"Rush, Master. Michael",male,30.8649455247093,0,2,36333,18.396147670822398,D125,S
1101,0,2,"Lopez, Dr. Sharon",female,31.818763417408675,0,0,A/5 717221,103.39198647145822,A184,Q
1102,1,3,"Byrd, Master. Megan",male,30.843388438811893,0,0,50547,4.98880967855682,,S
1103,1,3,"Montes, Dr. Danielle",male,14.545901337030015,0,0,62558,63.06337657342584,E79,S
1104,1,2,"Lopez, Miss. Joseph",male,27.869046685921532,0,0,18618,15.489644750036621,,S
1105,1,3,"Hernandez, Mr. Tiffany",male,33.70928041675621,0,1,SOTON/O 150703,68.47586857218585,,S
1106,0,1,"Moore, Mrs. Becky",male,31.362042199550082,0,0,40675,36.13440835782293,,Q
1107,0,3,"Richards, Mrs. Anthony",female,43.35250363153194,0,0,W.E.P. 880510,50.609215728615084,,S
1108,1,3,"Short, Miss. Douglas",male,38.68121225299236,1,0,STON/O 969725,13.932564466334973,,S
1109,1,2,"Wright, Mrs. Derek",male,17.814266509256097,1,0,A/5 878641,9.203270456380222,,Q
1110,0,3,"Cervantes, Dr. Regina",male,27.667220487238474,0,0,98177,3.270064511862717,E103,S
1111,1,3,"Gardner, Miss. Marisa",female,25.64128685173937,0,0,26812,87.31353481140067,F157,S
1112,0,1,"Hernandez, Mrs. Caleb",male,29.939121187219424,1,0,STON/O 752009,61.97734007364443,,C
1113,0,1,"Holland, Mrs. Ralph",female,29.9582604022582,0,0,84389,17.36114078601108,,C
1114,0,2,"Reese, Mr. Samantha",male,38.56130336935788,0,0,CA 236150,90.67368592036247,,S
1115,0,3,"Flowers, Dr. Stephanie",male,32.48259708397601,0,1,29216,89.6970915818358,,C
1116,0,3,"Mitchell, Mrs. Brittany",male,47.22763007291971,0,0,82180,7.4110316109603795,,S
1117,0,3,"Hill, Mr. Garrett",male,33.37404392727304,0,0,STON/O 116867,62.53355881826956,,Q
1118,1,3,"Coleman, Mr. Brent",female,18.371732715278128,0,0,25600,17.28547112827656,F170,S
1119,0,3,"Rivera, Mrs. Kathryn",male,23.458071317644926,2,0,W.E.P. 579871,31.479460607237353,,S
1120,0,2,"Ward, Master. Shane",male,38.453046990244616,0,0,A/5 906353,28.118650389643435,,S
1121,1,3,"Sanchez, Mrs. Kimberly",male,7.401644296920406,1,1,CA 219044,45.83751056361276,,Q
1122,1,1,"Watts, Mr. Barbara",male,11.15767419335937,0,0,56294,21.31901720263481,,C
1123,1,2,"Baxter, Mr. William",male,30.149760899753225,2,0,42301,3.8037856207969045,,S
1124,1,3,"Edwards, Mrs. Cody",female,43.312909659296324,0,1,51081,55.836291324324186,G127,C
1125,1,1,"Ramirez, Master. Douglas",female,48.29849604736829,0,0,A/5 217438,161.66263180631896,,S
1126,0,3,"Hines, Miss. Patricia",female,26.9605195416952,0,0,W.E.P. 479484,55.11110104690695,,C
1127,0,3,"Lopez, Master. Cheryl",male,44.85160161780237,0,0,CA 528163,38.78355615475051,,C
1128,0,2,"Miller, Master. Brandon",female,31.01175073676457,0,0,76566,8.933703585301252,,S
1129,0,2,"Martin, Master. Brittany",male,8.560190248594772,0,0,A/5 979672,49.06517622089909,,S
1130,0,3,"Johnson, Mrs. Angela",female,29.886928489302825,0,0,12137,47.219962831882114,,C
1131,1,3,"Garcia, Miss. Katherine",female,21.335286255298286,0,0,SC/Paris 444901,48.21540729772756,,S
1132,0,2,"Love, Master. Joshua",male,42.85523232668837,3,1,45866,111.42635400086405,,S
1133,0,2,"Sutton, Master. Lisa",male,29.640546355037184,0,0,W.E.P. 714814,62.99543366845505,B116,S
1134,0,3,"Dean, Dr. Diane",female,12.109216508209414,1,1,12803,76.4851163754952,A158,C
1135,1,3,"Hall, Master. Cynthia",female,9.003992647280171,0,0,A/5 259511,18.795720590835664,,S
1136,0,1,"Wright, Dr. Elizabeth",male,29.706280596197686,0,0,A/5 624451,15.761229765279289,,Q
1137,1,2,"Shepherd, Miss. Thomas",female,0.42,1,1,A/5 393623,11.582791013569489,C154,S
1138,0,3,"Taylor, Master. Alexa",male,22.745685942409388,0,1,STON/O 991500,75.33750126624591,F24,S
1139,0,3,"Scott, Mr. Christina",male,33.23442456039979,0,1,W.E.P. 716178,59.96393993847756,,S
1140,0,3,"Morgan, Mrs. James",male,15.201768943224987,0,1,SOTON/O 127319,20.93465837559946,,C
1141,1,3,"Watson, Mr. Matthew",female,43.915820196674616,1,0,A/5 706910,7.6054921887461395,,S
1142,0,3,"Foster, Master. Caitlin",male,46.67409169650969,1,0,SOTON/O 734048,93.75726237868611,,S
1143,1,1,"King, Master. Vincent",male,15.766186661472677,1,0,33839,24.247984589808475,G72,S
1144,0,3,"Hamilton, Dr. Justin",male,25.827381561249187,0,0,W.E.P. 280943,10.520573348903405,E38,S
1145,0,1,"Olson, Miss. Rebecca",male,43.9257041185006,3,0,SC/Paris 930129,7.7982352436810025,,C
1146,1,3,"James, Mr. Carl",female,29.981694520428753,0,0,W.E.P. 336776,126.08674665606657,B156,S
1147,1,3,"Rodriguez, Master. Amanda",male,10.477299906613723,0,0,72125,6.972486789096173,,Q
1148,1,2,"Taylor, Mrs. Shawna",female,27.993505040099055,0,0,SOTON/O 539599,22.28885003284747,,S
1149,1,3,"Lopez, Mrs. Michael",female,18.05900348785825,0,0,64005,50.00964282182262,G8,S
1150,1,3,"Friedman, Miss. Jacob",male,45.51477054996239,0,1,PC 976363,26.218878019883924,,S
1151,1,1,"Thomas, Mr. Paul",female,38.48304932054424,1,0,17197,32.452731780364566,A98,S
1152,1,3,"Duncan, Dr. Courtney",female,25.607402766281208,1,0,PC 792478,81.13167637710127,C102,C
1153,1,2,"Spencer, Dr. Joseph",female,31.99007217542057,0,1,83599,358.7477936900524,,S
1154,1,2,"Olson, Dr. Jessica",female,11.68629792238519,1,0,PC 237571,31.48212674206038,,S
1155,0,3,"Rowe, Dr. Keith",male,19.44711558019344,4,1,83304,23.8072811250549,E82,S
1156,1,2,"Hamilton, Mrs. Victoria",male,51.7459086276949,0,0,A/5 530354,26.108056879346336,,S
1157,0,3,"Martinez, Mrs. Justin",male,30.749205136115343,0,0,59170,23.031074362733907,,S
1158,1,1,"Smith, Master. Frank",female,43.02120126707911,0,0,PC 522469,32.10097526162448,,S
1159,1,3,"Mitchell, Master. Logan",female,33.2481832377124,2,0,30402,20.256369942293524,,S
1160,0,3,"Guerrero, Mr. Tiffany",male,48.39994580241334,0,0,SOTON/O 500591,31.052167549240895,A64,S
1161,1,2,"Bell, Mr. Jason",male,2.0162745436109226,0,1,16544,145.4384609624424,,S
1162,0,2,"Berger, Miss. Tyler",male,27.36495382373391,0,0,40044,16.858549588591636,,S
1163,0,3,"Ramsey, Mrs. Brian",female,53.02694304702945,0,0,SC/Paris 755810,52.75964324754695,E122,S
1164,1,3,"Hill, Miss. Thomas",male,43.38642809784902,1,0,15851,33.36749780640056,G186,S
1165,0,2,"Young, Dr. Tim",male,48.555211623062675,0,0,STON/O 282040,65.91241597561964,C77,S
1166,1,3,"Holt, Master. Kristen",male,29.90529568880913,0,1,40081,31.96061442588415,,S
1167,1,1,"Kelly, Master. Jennifer",male,22.480510184212633,1,0,W.E.P. 978383,8.749960996321402,,C
1168,0,1,"Olson, Miss. Danielle",male,15.619697564369003,1,1,PC 727565,102.95008751412445,G147,Q
1169,0,3,"Walters, Miss. Ashley",female,14.643006716738856,0,0,STON/O 249758,56.31465502492847,A84,C
1170,0,1,"Mueller, Mrs. Darren",male,41.29884787091927,1,0,21944,37.313774510330845,G151,S
1171,0,3,"Dennis, Dr. Maria",female,37.184954705891926,0,0,59656,88.91760353239188,,S
1172,1,3,"Hart, Mr. John",male,29.06797170937496,1,0,PC 659341,186.87322583605263,,S
1173,1,3,"Martin, Mr. Deanna",male,37.11466916792353,0,0,PC 955229,26.330762016462867,,S
1174,0,3,"Smith, Miss. Shane",male,31.99432462672885,0,0,74897,21.775178810821654,,Q
1175,1,3,"Wright, Miss. Jamie",female,43.47104781959277,0,1,65610,70.0383777233654,,S
1176,0,3,"Henson, Miss. Robert",female,43.337614568714386,1,1,82863,30.312297277438134,,C
1177,1,3,"Pierce, Mr. Mark",male,15.077762593212206,1,1,PC 121808,4.483593238368081,,C
1178,0,3,"Johns, Master. Anthony",female,33.83104382457706,0,0,39732,21.879913912168085,,C
1179,1,3,"Neal, Master. Audrey",male,6.63586549728285,0,0,62811,82.67787786958097,A35,S
1180,0,1,"Thomas, Mr. Sarah",male,31.862290333268348,0,1,32657,61.32697334129765,G61,S
1181,1,3,"Wilson, Master. Debra",male,38.46025991582219,0,0,SOTON/O 381061,99.33171224728477,,S
1182,0,3,"Wilson, Mrs. Carmen",female,11.607929172895748,1,0,90724,7.927899776050089,,S
1183,1,3,"Roth, Miss. Alicia",male,24.169521703548348,0,0,31958,13.980511128841968,,C
1184,1,3,"Miller, Dr. Jennifer",male,30.133369281077233,1,0,68322,12.086718882277484,,C
1185,0,3,"Briggs, Dr. Francisco",male,33.27480882922745,0,0,CA 459792,177.60012320142744,,S
1186,1,3,"Long, Master. Erin",male,26.09954815485231,0,0,A/5 754244,9.25172632749244,G41,C
1187,1,1,"Parks, Mr. James",male,13.587965866334592,0,1,SC/Paris 667897,45.556460729563305,,S
1188,0,3,"Perez, Mrs. Joseph",male,29.243899173130384,0,0,55574,50.107901618494076,,C
1189,0,2,"Jimenez, Dr. Jennifer",male,6.868590062826307,1,0,62547,48.233810220248046,,C
1190,1,3,"Long, Dr. Stephen",female,26.74301988644997,1,0,STON/O 751393,58.82810340689737,,C
1191,0,3,"Andrade, Master. John",male,23.820769408242985,1,0,CA 194495,33.07483378644914,,Q
1192,0,1,"Merritt, Mr. Michael",male,28.12028057184811,0,0,54555,4.369933438936481,B143,S
1193,0,1,"Myers, Dr. Jennifer",male,22.169492315340438,0,0,SC/Paris 680428,60.405084057346755,,C
1194,1,3,"Watson, Mrs. Amy",male,8.892468265813196,0,0,85494,16.50198904558905,,S
1195,0,1,"Greene, Miss. Lindsay",female,24.871193511746828,2,2,SOTON/O 597872,3.94523099908121,,C
1196,1,2,"Rogers, Mr. Carrie",male,43.03148175052247,1,1,34863,9.30358788013489,,S
1197,1,3,"Richards, Miss. Sarah",female,47.66045125584327,0,0,98438,16.92909518907138,,S
1198,1,2,"Bowman, Miss. Faith",female,64.15067990206973,0,2,21907,28.320402783132103,,C
1199,1,3,"Bowers, Mr. Jonathan",female,53.6831057175673,0,0,81289,98.78058034652092,F84,C
1200,0,3,"Stone, Mrs. Andrea",male,13.242869026646542,1,1,SOTON/O 828081,38.447720611809984,D11,S
1201,1,1,"Lamb, Mrs. Carrie",male,24.281873582182765,1,0,68357,31.929848988313065,,S
1202,0,2,"Kirk, Master. Alyssa",male,29.681001112271122,0,1,SOTON/O 547308,10.613753947058532,E135,S
1203,0,3,"Valdez, Mr. Jessica",female,28.802162320728204,1,0,A/5 273320,160.030579541745,,S
1204,0,3,"Holmes, Mr. Cody",male,30.973466618547164,0,0,73440,119.57952013645436,,S
1205,0,3,"Martinez, Master. Jason",male,63.70627990166582,0,0,30066,84.66196691347115,G172,S
1206,1,3,"Gregory, Mrs. Andre",male,14.851278358906438,0,0,73130,19.515370550953733,,C
1207,1,3,"Cunningham, Mr. James",female,20.010564092999818,1,0,35913,41.234327848129624,,S
1208,0,1,"Cisneros, Mr. Sara",female,53.0135630212473,2,0,33783,24.62039703983191,F109,Q
1209,0,1,"Lowe, Miss. James",male,21.37626119681207,1,1,A/5 321482,25.784718316311455,,C
1210,1,2,"Lyons, Miss. Gregory",male,35.51012910470002,0,1,31003,3.743255168698942,,C
1211,0,1,"Stewart, Mrs. Evan",male,44.48520317815492,1,0,85949,7.543736552203217,B29,Q
1212,0,3,"Little, Miss. Rebecca",male,36.81098623424842,0,1,CA 537071,162.4265437882062,,S
1213,0,3,"Morrow, Miss. Adam",female,32.68471886343489,0,0,35485,47.09117433466648,,S
1214,1,1,"Fletcher, Mrs. Ryan",female,43.140550775715774,0,0,A/5 973276,0.31647989687443234,,C
1215,1,3,"Porter, Mrs. Matthew",male,17.497040208930414,0,0,63188,82.82279628367792,,C
1216,0,2,"Pineda, Master. Carolyn",male,23.050916187055982,0,0,32065,4.553249229586446,,C
1217,0,2,"Myers, Mr. Gabriella",female,37.49892623851229,0,1,44680,61.57675186005388,B79,S
1218,1,3,"Fitzgerald, Mr. Jessica",female,1.0278503710004863,1,0,A/5 564829,48.49103966994604,E99,S
1219,1,2,"Miller, Mrs. Kimberly",female,49.8321735268257,0,2,24546,3.250999083059193,F99,S
1220,0,2,"Stokes, Mrs. Lisa",female,34.24749325276893,0,0,SOTON/O 563240,37.85114093761237,,S
1221,1,1,"Washington, Dr. Walter",male,32.142444538936104,1,0,81506,2.4298628161947713,,S
1222,0,2,"Lyons, Miss. David",female,7.1728197130251985,2,0,98547,3.32781441952992,,C
1223,0,3,"Lewis, Dr. Brenda",female,11.98747224440367,0,0,PC 652898,2.626747358515747,,S
1224,1,3,"Ross, Mr. Brandon",female,24.419828699787935,0,0,CA 442698,14.748175021382135,,S
1225,0,2,"Roberson, Mrs. Katherine",male,41.304017904138384,1,0,77306,80.91618423516246,D139,S
1226,1,2,"Armstrong, Master. Mary",female,0.9273758292198053,0,0,57883,22.506499894396356,,S
1227,0,3,"Luna, Mr. Kevin",male,41.037107210882986,2,1,37979,51.01847100129338,,S
1228,0,3,"Jimenez, Mrs. Joshua",male,24.959561462482867,1,0,48164,6.667942531892591,,S
1229,1,2,"Brown, Mr. Latoya",male,26.872071381616873,0,0,STON/O 212156,135.0522974734947,G105,S
1230,0,2,"Howard, Dr. Robert",female,33.550301183671294,0,0,47216,35.08324522277068,,S
1231,1,3,"May, Mrs. Rose",male,33.77044132984976,0,0,57151,1.2451202907780317,,S
1232,0,3,"Charles, Miss. Stephen",male,20.02599974088764,1,0,98769,38.54534669485418,,Q
1233,0,1,"Vasquez, Master. Jonathan",female,38.748741238563795,1,1,STON/O 903543,10.199539959783282,F193,S
1234,0,3,"Myers, Mrs. Debra",female,0.42,1,0,PC 951595,10.896385184566505,,S
1235,1,1,"Dalton, Mr. Michael",female,23.694135588052834,0,0,41556,45.86137148963432,,C
1236,0,3,"Avery, Mrs. Michael",male,32.151544684476654,0,0,STON/O 784489,12.833950064806842,,S
1237,1,3,"Wells, Miss. Cindy",female,25.170709586997354,1,1,86802,12.038720234859026,B1,S
1238,0,3,"Campbell, Miss. Amy",male,4.423255744476254,0,0,A/5 180545,38.930878716708115,,C
1239,1,3,"Williams, Mrs. Emily",male,40.61238330264659,0,0,69161,13.424010783749473,,C
1240,0,2,"Park, Dr. Ashley",male,12.52257063022127,0,0,11171,5.855497126740961,,S
1241,1,1,"Best, Master. Michelle",female,29.054803894603946,0,0,81632,26.2341358472749,,C
1242,1,3,"Johnson, Master. Samuel",male,32.14248435894672,3,0,20575,2.6699564627009904,,S
1243,1,1,"Hill, Miss. Sharon",male,30.27758015271514,0,0,91584,117.8642560233395,,S
1244,1,2,"Peterson, Mr. Donald",male,46.36615296209341,2,0,W.E.P. 477742,30.03181083034474,,S
1245,1,1,"Carter, Miss. Andrea",male,29.254324160088384,2,0,A/5 697289,0.6590589034052647,,S
1246,1,3,"Clark, Dr. Carlos",female,35.98437566575716,0,1,50102,12.72217134431096,,S
1247,0,3,"Williams, Miss. Sarah",female,29.217343535882627,0,0,46005,158.28790392356726,C196,C
1248,0,2,"Kaufman, Dr. Jason",male,38.58138517832785,1,0,37955,34.29774548731593,,C
1249,1,2,"Banks, Dr. Stephanie",male,49.508934158665326,1,0,CA 185004,22.22768570856935,,S
1250,0,3,"Williams, Mr. Molly",male,31.925585612610714,0,0,SOTON/O 721328,18.924961947874934,,S
1251,1,3,"Gaines, Mrs. Joseph",female,40.94590500616199,0,1,19471,26.97588768635537,,S
1252,0,3,"Davis, Mr. Elizabeth",male,50.37460508835076,0,0,SC/Paris 434151,11.897912691314692,C50,S
1253,0,3,"Willis, Mr. Stephanie",male,49.0005794576398,2,0,SOTON/O 499806,69.14043263173552,,C
1254,0,3,"Hensley, Mrs. Anthony",male,24.60594834944305,0,1,SC/Paris 776502,35.494853809028484,,S
1255,1,2,"Mathis, Mrs. Richard",male,44.51005298043234,0,1,PC 379894,69.60227781242757,A76,S
1256,0,3,"Peters, Mrs. Luis",male,33.4827962406607,1,1,PC 536327,14.67707483168102,,C
1257,0,1,"Webb, Mr. Christina",male,45.6412199682748,0,0,A/5 465853,0.07267404572632795,A159,S
1258,0,2,"Powell, Miss. Sarah",male,37.9608841698813,0,0,27424,169.40764386123286,,S
1259,0,3,"Thompson, Miss. Logan",male,33.859353064506635,0,0,CA 531482,35.87876642718092,,S
1260,0,2,"Schmidt, Mr. Christopher",female,36.07560912484896,0,0,SC/Paris 263346,4.154910971903455,A35,S
1261,0,2,"Owens, Mrs. Mary",male,33.573331384545035,0,0,STON/O 996051,5.476862618900142,,S
1262,1,2,"Wall, Mr. Cody",male,34.120662631911145,1,0,CA 225136,28.518002299616008,,S
1263,0,3,"King, Miss. Crystal",female,27.776346951853277,1,2,CA 301983,59.415509283172675,,S
1264,0,2,"Jennings, Mrs. Sharon",female,26.47585923149476,0,0,93209,25.262215022563367,E86,S
1265,0,3,"Schneider, Mr. Alexandra",male,54.68444901121737,0,0,W.E.P. 167174,85.78229959630407,,S
1266,0,3,"Rodgers, Miss. Joe",female,36.685390755556575,2,0,A/5 337765,19.95373956870035,,S
1267,0,3,"Graves, Mrs. Mike",male,21.973731088760402,0,0,SC/Paris 414637,2.3339032422436112,A147,S
1268,0,1,"Ewing, Mrs. Ashley",female,26.11615595998499,0,0,CA 755561,0.4162863461246305,,S
1269,0,3,"Patel, Master. April",female,44.787618348271316,1,1,77719,98.10756897710314,,S
1270,0,2,"Griffin, Mrs. Rebecca",male,19.693386058759327,1,1,20143,208.22421996967938,,S
1271,1,1,"Mcconnell, Miss. Bryan",male,9.251612454645851,0,0,32702,7.124216231578649,C74,S
1272,1,1,"Marshall, Miss. Darren",male,10.281712031571377,2,0,STON/O 317041,3.2024395274900472,,Q
1273,1,3,"Cordova, Dr. Michelle",male,5.79434159713297,0,0,A/5 355179,122.90796214042898,E41,C
1274,0,1,"Valdez, Miss. Bonnie",male,11.816591984297588,1,2,W.E.P. 610217,5.3100656484299105,,S
1275,0,1,"Hernandez, Miss. Michael",female,13.467876842788655,0,0,34456,12.964721246695026,,S
1276,0,2,"Lee, Miss. Rachel",male,49.39332331451394,0,0,14794,80.88537327806662,,C
1277,0,2,"Marsh, Mrs. Joseph",male,29.353491022770243,0,0,33727,310.3400159182324,,S
1278,1,3,"Blake, Dr. David",male,24.914310452085957,0,0,A/5 245397,33.277951806088645,,Q
1279,0,3,"Eaton, Dr. Michelle",male,9.792217117739966,1,1,60474,11.834924605744732,,S
1280,0,3,"Jones, Mr. Rachel",male,27.996230435401237,0,0,STON/O 179596,94.10106611565652,,S
1281,0,2,"Ritter, Mr. Amber",male,5.677407124101304,2,1,PC 740077,25.06947330888849,,S
1282,1,2,"Carter, Dr. Rhonda",female,24.828159601990894,4,0,50176,15.916843190482135,,C
1283,0,3,"Sosa, Dr. Dustin",male,58.902921457811445,1,1,CA 338710,33.708083284510465,,S
1284,0,1,"Medina, Mrs. Matthew",female,39.29325010188911,2,0,A/5 988619,96.8271029447198,,C
1285,0,3,"Watkins, Miss. Danielle",male,27.06282575503657,0,0,STON/O 623996,13.263477237540835,E53,S
1286,0,1,"Riddle, Dr. Brett",female,39.77373047568899,1,1,84215,27.568020965598127,,S
1287,0,3,"Riggs, Master. Allison",female,22.698395506214045,0,0,43786,29.3712683525036,,C
1288,0,2,"Elliott, Mrs. Melissa",male,18.79051159969137,1,0,STON/O 824703,89.41753565217967,,S
1289,0,2,"Owens, Mr. Leah",male,53.8578148134598,0,0,A/5 364668,56.35138855050834,,S
1290,0,3,"Phillips, Mrs. Matthew",male,14.00815484511617,0,1,46782,75.81710425065135,B143,C
1291,0,3,"Harris, Dr. Rachel",female,25.04230270051709,0,0,25701,59.10824747855546,,S
1292,0,2,"Adams, Master. Victor",male,34.28446595308914,0,0,87761,44.907305422223985,B134,S
1293,0,3,"Jarvis, Dr. Brittany",male,16.892721119395723,0,1,97793,7.101756465710314,D86,C
1294,1,3,"Scott, Mr. Brad",male,39.108469350839734,1,0,SOTON/O 306784,89.4728629518907,,S
1295,1,1,"Russell, Mrs. Julian",female,25.707676655008466,1,0,CA 460714,46.73275550928085,,S
1296,0,1,"Adams, Mr. William",male,39.294744585935995,0,1,W.E.P. 380365,60.39429215560324,,S
1297,0,3,"Delgado, Dr. Christopher",male,38.203778516507256,1,0,SOTON/O 874816,75.42264419206337,,S
1298,0,1,"Martinez, Dr. Patrick",male,26.597830171238382,1,0,36547,18.676513908275794,,S
1299,1,3,"Lopez, Mrs. Mary",male,53.949221416273794,1,0,92310,28.75171354513509,,S
1300,1,1,"Vargas, Dr. Dana",male,20.685298751931818,0,0,11598,38.966926745222615,,C
1301,0,2,"Walsh, Miss. Matthew",male,48.88418658768232,0,0,STON/O 327486,20.990054319224853,,S
1302,1,1,"Hess, Mrs. Stephanie",female,46.44906539679257,0,0,A/5 384766,14.956488942006892,,S
1303,0,3,"Drake, Mr. Katherine",female,54.79235090724616,0,0,CA 755258,74.99168673954331,,S
1304,0,1,"Ritter, Master. David",female,32.436784550802294,0,1,CA 929201,70.06676015893474,C18,S
1305,1,1,"Williams, Dr. Stephanie",male,18.959800033008143,0,0,A/5 595602,89.12986470279733,,S
1306,1,1,"Carroll, Master. Sherri",female,59.07515219461366,0,0,70741,59.650818247112234,,S
1307,1,3,"Ward, Mr. Veronica",male,25.3141794483309,1,0,STON/O 548549,18.67850773641585,,S
1308,1,1,"Rogers, Master. Michael",male,18.610403982122502,1,0,SC/Paris 986483,19.8006658357468,,S
1309,0,3,"Cummings, Mrs. Jennifer",female,27.34298555733262,0,0,SC/Paris 624933,37.51701632156167,,S
1310,1,1,"Smith, Mr. Brandon",female,16.256329973800913,0,1,SC/Paris 418974,90.27125822349824,C32,S
1311,0,1,"Hancock, Mrs. Dana",male,37.366083551726845,1,1,STON/O 805504,21.254814547890387,G38,Q
1312,1,3,"Campbell, Mrs. Andre",female,21.520642655380826,0,1,PC 769804,72.60867597492235,D14,S
1313,0,3,"Taylor, Master. Gerald",female,25.97522162133179,1,0,W.E.P. 512653,18.242023176646537,,C
1314,1,3,"Duncan, Miss. Brittany",male,43.54890406330947,0,3,49887,20.664183393475135,D133,S
1315,0,3,"Davenport, Mrs. Danny",male,38.73170494246668,0,0,77857,69.79014848381415,B131,S
1316,1,3,"Thompson, Mrs. Nicholas",female,30.218184015975222,0,1,A/5 409145,56.74960578675374,,C
1317,0,3,"Curry, Mr. Rachel",male,32.39222940245775,0,1,39188,11.674114436222423,G50,S
1318,1,3,"Martinez, Miss. Gabriel",male,30.17157602884158,0,1,STON/O 409159,87.7293209158642,,S
1319,0,2,"Warner, Dr. Mark",female,23.963829070156898,1,0,PC 211788,76.76534165757431,,C
1320,0,3,"Browning, Mrs. Juan",male,29.96462674813098,0,1,SOTON/O 825704,79.83054910810344,,S
1321,0,3,"Wright, Mr. Melanie",male,36.87178275690121,0,0,PC 667060,31.77705468522892,B74,Q
1322,0,3,"Macias, Master. Cameron",male,28.233730194296246,0,1,STON/O 238177,19.922460590501945,,S
1323,1,1,"Moss, Mr. Meredith",male,35.87674682322383,0,0,91649,94.78332056897716,A122,S
1324,0,1,"Young, Miss. Alejandro",female,18.28663710207734,1,0,A/5 104310,44.362448553956135,D136,S
1325,1,3,"Berger, Mr. Joseph",female,21.545488883960132,1,0,SOTON/O 405435,133.6675120344267,,S
1326,0,2,"Wood, Dr. Kayla",male,19.719512954164344,1,0,68780,14.639892325773971,,S
1327,0,2,"Mason, Master. Lisa",female,22.08816079490631,2,1,42324,185.71317889172386,F34,S
1328,1,1,"Moreno, Master. Megan",female,48.02053465388528,1,1,49661,23.83876870493796,E108,C
1329,1,3,"Ferrell, Mrs. Jeremy",male,40.16454310354504,0,0,49481,24.26372650387477,,S
1330,0,1,"Sanchez, Miss. Lisa",female,14.923076338419163,1,0,67015,13.644050816134657,E83,S
1331,0,3,"Strickland, Master. Eric",male,36.12497614971837,0,0,W.E.P. 934205,167.65660035965806,,S
1332,1,1,"Gonzalez, Master. Lisa",male,24.53184762292002,0,1,59066,2.026218475160911,E113,S
1333,0,3,"Parks, Dr. Daniel",male,20.446615803398082,0,0,36064,32.061678893171816,C84,S
1334,1,3,"Collins, Mr. Ian",female,9.199647479884902,1,1,SC/Paris 139614,22.744449108529796,,S
1335,1,1,"Garcia, Dr. Stephen",male,43.60686171348342,0,1,W.E.P. 280423,8.673837634120922,D109,Q
1336,1,3,"Tate, Miss. Michele",female,10.905915904660063,0,0,79944,62.45608263763334,,S
1337,0,2,"Hodges, Miss. Todd",female,29.27251550786176,0,0,49317,114.29677204947247,G70,S
1338,1,1,"Pittman, Master. Megan",male,16.751642559851838,0,0,73561,13.957214663972398,,C
1339,0,3,"Mcclain, Mrs. Richard",male,40.86181525897894,0,0,51496,34.42342298951337,,S
1340,0,2,"Baker, Mr. Ian",male,25.31907443160469,0,0,61368,43.16285589078237,,S
1341,0,2,"White, Mr. Sara",male,28.117522822715173,1,0,CA 413138,24.754909074100112,,C
1342,0,1,"Morales, Miss. Jacqueline",male,28.58972031897954,0,0,53971,127.2571254133493,,C
1343,1,2,"Wiley, Dr. Darin",male,34.23598468910097,2,0,47992,30.949892864807204,,S
1344,1,3,"Brooks, Master. Caleb",male,30.18206669576633,0,1,89603,203.0848855397819,,S
1345,1,2,"Dalton, Mr. Kevin",male,29.39417535454437,0,2,20560,17.49242540394237,,S
1346,0,3,"Carroll, Dr. Jose",male,22.742372346433108,1,0,PC 253106,3.803426163322924,,Q
1347,0,3,"White, Dr. Penny",female,7.953788773210697,1,0,STON/O 178877,42.77945447979787,,S
1348,0,1,"Hess, Miss. Rebecca",female,14.340286566414024,2,1,PC 355578,86.67643140067992,,S
1349,1,1,"Perry, Master. William",female,40.058716341529035,0,0,CA 813847,24.58313991464685,,S
1350,0,3,"Giles, Master. Douglas",male,25.718527513431834,0,0,94259,10.234423868745914,C34,C
1351,1,2,"Estrada, Mrs. Amy",male,20.703863111885283,1,0,60800,67.01636148248873,,S
1352,0,1,"Torres, Master. Jose",female,10.319805978147372,0,2,SOTON/O 653782,15.796197466445639,A119,S
1353,0,2,"Warner, Miss. Stephen",female,5.92494003873507,3,0,29065,73.42680777107361,E111,S
1354,1,3,"Russo, Dr. Audrey",male,20.155103678205222,2,0,58614,15.212359485735321,G164,S
1355,0,3,"Allen, Mr. Erik",male,42.4327399566336,0,1,W.E.P. 149867,40.74181862084018,,C
1356,1,1,"Willis, Dr. Jamie",male,22.20101728928754,2,1,PC 984860,109.31889436988777,D83,S
1357,1,1,"Joseph, Mr. Joseph",female,35.606797353380266,0,0,CA 578490,11.446580480115749,,C
1358,0,3,"Hudson, Mrs. Zachary",male,21.55716238842859,0,0,80499,85.9332024586411,,C
1359,0,3,"Myers, Mrs. Joseph",male,38.944133744403885,1,0,33085,15.423476922080503,,S
1360,0,3,"Brown, Mrs. Albert",female,25.075488774678632,1,1,A/5 290699,54.03835544464361,,S
1361,1,3,"Johnson, Dr. Roger",male,12.753620562293051,0,2,SOTON/O 882582,13.966703844030526,,S
1362,0,2,"Luna, Miss. Amy",male,26.23465704940779,0,0,PC 474768,6.08405490255146,E66,Q
1363,1,3,"Davis, Master. Shannon",male,55.6760058559257,0,0,60319,54.53567030045311,,S
1364,1,2,"Simon, Mr. Paul",male,55.058380417711966,1,0,85867,45.179609429046856,G97,S
1365,1,2,"Moon, Miss. Dawn",male,36.8114662389111,1,1,89436,25.66506346544008,B91,C
1366,0,3,"Miller, Master. Laura",male,28.081176584208166,0,0,55736,1.8686056747061708,,Q
1367,1,2,"Robinson, Mr. Stephen",male,34.25462522933117,2,1,83612,32.2444548380067,B88,C
1368,1,3,"Whitaker, Dr. Rhonda",female,34.435932742266054,1,0,14351,8.049916390782828,,S
1369,0,2,"Clark, Mr. Rickey",female,29.44158546686058,0,0,76814,22.27309411737019,F103,C
1370,0,3,"Huber, Dr. Ashley",male,36.17321627891664,0,1,SOTON/O 444701,44.11838116482607,F27,S
1371,1,3,"Nguyen, Master. Eric",male,32.91517607014989,0,1,25567,140.1337366812629,,S
1372,0,2,"Nunez, Miss. Melissa",female,25.57638660489961,0,1,SOTON/O 603455,35.80154767004787,,S
1373,1,3,"Simon, Mr. Daniel",male,13.266404808628998,1,0,STON/O 217392,10.83217532953413,F139,S
1374,0,2,"Orr, Master. Donna",male,23.55917060891768,0,1,39216,146.14854390323492,,Q
1375,0,3,"Oconnor, Mrs. Debbie",male,41.193263887030355,0,0,CA 604030,1.3125766399457521,A44,S
1376,1,3,"White, Miss. Renee",male,29.559528857064898,0,0,CA 559352,51.475789725294064,,S
1377,0,3,"Hall, Mrs. Tina",male,34.20401648222507,1,0,74585,15.217145816110788,F3,C
1378,0,3,"Weaver, Mrs. Amanda",female,26.037782612138226,0,0,83575,70.83977082653588,,S
1379,0,1,"Allen, Miss. Tanya",female,15.165634929851253,0,0,PC 490292,20.115243688267125,D98,S
1380,0,1,"Buckley, Mr. Jocelyn",female,26.659183991794478,0,0,SC/Paris 639122,27.99610526243741,,S
1381,0,2,"Adams, Master. Julie",male,15.68561738950908,2,0,W.E.P. 767113,73.5744704923161,,S
1382,0,3,"Ochoa, Miss. Tammy",female,14.791951569550282,2,0,SC/Paris 473539,114.05027014954231,,S
1383,1,3,"Davis, Mr. Amy",male,46.87891252417173,1,1,47070,10.078487496737816,,C
1384,0,3,"White, Miss. Brian",male,24.11879593092097,1,0,90797,17.569618428637458,,C
1385,1,2,"Moore, Miss. Margaret",male,19.61921384355953,0,0,W.E.P. 818327,0.21670777084499587,B184,C
1386,0,3,"Wilson, Mr. Angelica",male,52.65143558133268,1,0,77419,97.09596715930002,F53,S
1387,1,1,"Park, Mrs. Maureen",female,41.40979049565938,1,1,SC/Paris 760757,146.9943059479466,,C
1388,0,3,"Smith, Dr. Lisa",male,24.798870842974267,1,0,SC/Paris 465789,16.38672354630974,,S
1389,1,3,"Jones, Mr. Tanya",male,35.98690855773316,1,0,83479,24.27049051648523,,S
1390,0,2,"Scott, Dr. Michelle",male,26.69896354435016,0,0,W.E.P. 232592,28.01449495467211,,C
1391,0,1,"Stone, Dr. Christopher",female,20.302484490085604,2,0,PC 166229,26.36061319146586,B77,S
1392,0,1,"Powers, Miss. Christopher",male,36.64567714279006,0,0,SC/Paris 435372,24.951057568897642,,Q
1393,0,3,"Stone, Mr. Matthew",female,25.45977360551716,0,0,STON/O 124189,32.30121757137,,C
1394,0,3,"Reese, Mr. Ann",female,31.056972125991646,0,0,W.E.P. 368797,8.349007435194078,,S
1395,0,3,"Kennedy, Mrs. Alejandro",female,44.2990852885954,1,0,SOTON/O 383762,2.9705180602835766,G174,C
1396,1,2,"Flynn, Dr. Jon",male,42.75698345313527,1,0,80762,64.28201647197204,E167,S
1397,0,3,"Campbell, Mrs. Joshua",male,22.29869391401493,0,0,PC 592048,93.72424191506474,,S
1398,0,3,"Reynolds, Master. Michael",male,36.8044424320192,0,0,52197,83.0873174544617,D141,C
1399,0,2,"Jordan, Dr. Annette",female,14.210012553959416,1,0,A/5 909102,49.25879918547671,,S
1400,1,3,"Roberts, Mrs. Mariah",female,36.30579825841987,0,0,W.E.P. 486873,173.38487084207966,,S
1401,0,1,"Ramos, Mrs. Daniel",male,32.07893428121548,0,0,A/5 908739,0.07721518883419486,,Q
1402,0,3,"Collins, Dr. Susan",female,35.305711073088034,1,1,W.E.P. 154898,19.2494818428803,A7,S
1403,0,3,"Hernandez, Mrs. Ashley",male,25.835773434980744,1,0,43813,18.55435155708,D22,S
1404,1,2,"Gonzalez, Master. Nichole",male,59.176997831134855,0,2,33133,21.513994227267496,D170,S
1405,1,3,"Reeves, Mr. Holly",male,17.3818040933156,0,0,60110,80.46929667531322,,Q
1406,0,3,"Nelson, Master. Darius",female,43.60172395355846,0,0,CA 886862,21.654399655293044,,S
1407,1,1,"Gentry, Dr. Theresa",female,15.556223523243357,1,2,SC/Paris 895067,37.4418306329823,,S
1408,1,3,"Walker, Miss. William",female,37.060818444810494,0,0,CA 379742,47.588105070888695,,S
1409,0,3,"Williams, Dr. Jacqueline",female,38.06105968152496,0,0,68816,93.34028739311869,G60,S
1410,1,2,"Griffin, Mr. George",male,30.769662201871995,1,0,A/5 393112,47.83761575749014,,Q
1411,0,1,"Collins, Master. Anna",female,23.06545825238814,1,0,CA 814642,24.007263554528187,,Q
1412,0,2,"Roy, Mrs. Gregory",male,31.97588847043418,0,1,CA 777273,59.3299233703072,,S
1413,0,1,"Schroeder, Mrs. Christine",female,33.73814466802244,0,0,86901,36.23556420715463,D132,Q
1414,0,1,"Schwartz, Miss. Alyssa",female,55.059110808287954,3,0,PC 966509,37.58144239499329,,S
1415,0,2,"Huang, Master. Shawn",male,17.787236005795855,0,0,96426,20.409882160422843,,S
1416,1,2,"Edwards, Mrs. Paige",male,22.217211051603975,0,1,55023,0.08044058257687717,,S
1417,0,3,"Bush, Dr. Shelly",male,33.98629779897071,0,0,84280,21.990946110840035,,S
1418,0,2,"Swanson, Mrs. Frank",female,26.415246934466474,0,0,92884,18.028262878370846,,C
1419,0,3,"Johnson, Mr. Michael",male,28.599425471771596,0,0,93483,5.286864564256566,,S
1420,1,3,"Smith, Master. Phyllis",male,44.98492569509265,0,0,79493,11.072012507455826,,S
1421,0,3,"Jones, Mrs. Cody",female,0.42,0,0,59570,197.87738045558564,,S
1422,0,2,"Robinson, Mrs. Anthony",male,21.628709169750643,0,1,CA 895264,16.41249335592135,,S
1423,0,3,"Martinez, Mr. John",male,5.606830832482508,0,0,PC 525767,36.50695456018319,,S
1424,0,3,"Holland, Mrs. Daniel",male,13.258569883343014,1,0,30843,39.8512859966155,,S
1425,1,3,"Romero, Miss. Ian",male,63.664742889014576,1,0,CA 515713,41.052443219330684,,S
1426,1,2,"Reyes, Master. Pamela",female,38.374353875338585,1,0,24563,2.4242376344226475,,S
1427,0,1,"Bennett, Mrs. Angela",male,43.32190895081346,0,0,SC/Paris 988517,73.80267900601024,B191,C
1428,1,3,"Gonzalez, Dr. Marisa",male,28.87258490298996,2,1,88510,65.53060024169437,C150,S
1429,1,1,"Brown, Mrs. Rachel",male,40.62199354764674,0,0,62664,189.03249575876242,,S
1430,1,3,"Hernandez, Miss. Timothy",male,5.2680968947165105,1,1,65223,10.209420928093582,,Q
1431,0,1,"Long, Dr. Matthew",female,44.53617776477441,0,0,38489,40.34842553405994,D78,S
1432,0,3,"Curtis, Miss. Lauren",female,18.5221823401614,2,0,61907,81.43874027571118,A65,C
1433,0,3,"Hatfield, Mr. Alexis",male,22.561578529437217,1,1,STON/O 630722,6.639213328070845,,S
1434,1,3,"Bass, Dr. James",male,37.07211498636513,0,0,50758,77.93029361090845,E77,S
1435,0,3,"Fitzgerald, Dr. Stephanie",male,34.43025462015101,1,1,W.E.P. 152496,15.73302250664413,,S
1436,0,3,"Owens, Miss. Kelly",male,31.184680677509682,0,0,SC/Paris 156552,16.483993173416486,,C
1437,0,3,"Martin, Miss. Marvin",male,10.916653849875537,1,0,A/5 702079,145.56547100795717,E165,S
1438,1,3,"Weaver, Mr. Mark",female,31.397391363502987,1,0,13107,18.834633461303333,,Q
1439,0,3,"Brown, Dr. Joseph",male,43.447858948765194,0,0,A/5 862597,43.88204416288903,B198,Q
1440,1,3,"Stanton, Dr. Jessica",male,22.545180654602884,1,0,78678,28.999224851920125,E52,S
1441,1,2,"Gregory, Dr. Ralph",male,48.40911863476414,2,0,A/5 394532,4.069143824489584,,C
1442,0,3,"Mcfarland, Dr. Cameron",male,17.782312897203866,0,1,57162,150.27151860876933,,S
1443,1,1,"Hall, Mr. David",female,30.091670484057232,0,1,SC/Paris 559300,12.02244900841367,,S
1444,0,2,"Holland, Mrs. Christina",male,51.494588267272576,0,0,A/5 678021,15.577876947828187,D67,C
1445,1,3,"Haynes, Dr. Richard",male,20.460401222205466,0,0,42994,23.680229714070475,,C
1446,0,3,"Gardner, Master. Timothy",male,44.75579676727904,0,0,55344,34.51117236288032,,S
1447,1,3,"Frank, Mr. Melanie",female,57.645133071105334,1,2,STON/O 847953,7.7909369504328305,,C
1448,1,2,"Huerta, Mrs. Kathryn",male,32.3946169649381,1,0,PC 912003,49.704045349669336,,Q
1449,1,1,"Merritt, Miss. Catherine",female,22.621762176633702,0,0,48965,36.14965802972566,,S
1450,1,3,"Edwards, Mrs. Katie",male,19.181656758699667,1,0,66545,18.0492342723396,G153,S
1451,0,1,"Lewis, Miss. Michael",female,48.264437846862556,0,0,56738,58.988699016827425,,S
1452,0,3,"Lopez, Master. Mary",female,47.873718790755085,0,0,48482,36.08557850522113,B66,S
1453,1,1,"Barker, Mr. Robert",male,50.29032772016146,0,0,83275,91.84379485622645,A70,S
1454,0,2,"Lewis, Mrs. Danielle",female,29.54026309081674,2,0,CA 586588,96.69085675568081,,S
1455,0,3,"Chavez, Miss. Kimberly",female,44.52929718137947,0,0,75725,195.86860745894612,,S
1456,1,1,"Cook, Dr. William",male,29.316248524235018,0,0,79702,3.485500597939088,G42,S
1457,1,2,"Byrd, Master. Ralph",male,17.637228297482974,0,0,A/5 727954,25.974707727123942,A27,Q
1458,1,2,"Rivas, Master. Melissa",male,45.73847499157294,0,1,78139,34.80948763969972,E198,S
1459,0,3,"Donaldson, Mr. Mary",female,52.874183895894866,0,0,CA 914954,13.316246156879675,D175,S
1460,1,3,"King, Mr. Michael",female,15.711572381061522,0,0,PC 359859,127.57488574449489,,S
1461,0,1,"Larson, Mr. Steven",female,15.44796651939062,0,0,STON/O 126209,4.6128035736976845,,S
1462,1,1,"Johnson, Mr. John",female,30.559747079221744,0,0,A/5 138852,27.975073008982417,,C
1463,0,3,"Taylor, Dr. Jeffrey",female,43.385800480374,0,0,SC/Paris 590159,10.240060351239372,,S
1464,1,2,"Hanson, Master. Karen",male,14.126531287444651,2,1,A/5 316387,57.30702517782926,,S
1465,1,3,"Cunningham, Dr. Ashley",male,33.17822031738268,0,1,CA 429882,61.037696342301665,,Q
1466,0,1,"Frazier, Mr. Andrew",female,21.734022643163478,0,0,34727,102.98744228528145,E135,S
1467,1,1,"French, Mrs. Karen",male,39.81160739755003,0,0,15000,26.294472884254848,,S
1468,0,3,"Vincent, Miss. Shannon",male,18.829584499057532,0,0,STON/O 878430,74.60727829993074,,S
1469,1,1,"Garcia, Mrs. Elizabeth",female,40.80524200383851,1,0,47856,39.87880295386572,,S
1470,1,3,"Scott, Master. Brian",male,27.784992648552084,0,0,STON/O 179167,83.63776829997369,,S
1471,0,1,"Smith, Master. Caroline",male,16.880032668465404,1,0,36120,4.462274878725099,E165,C
1472,1,1,"Sutton, Dr. Aaron",male,30.891659375976438,0,0,92696,31.129557555313266,,S
1473,1,3,"Smith, Miss. David",female,2.868373597163064,1,0,CA 671698,8.158933370338458,,S
1474,0,2,"Fitzpatrick, Mr. Hannah",female,22.17267599053084,2,1,75596,78.11709830862131,,Q
1475,0,3,"Walker, Mr. Christina",male,34.723614984545264,0,0,69876,8.283334240091017,D188,S
1476,1,1,"Graham, Mrs. Jennifer",male,5.195433093553465,0,0,64758,0.40465154586893143,C39,C
1477,1,3,"Hampton, Miss. Julie",male,0.42,0,1,SC/Paris 611042,132.62396813882478,,S
1478,1,3,"Gregory, Dr. Mary",male,0.42,2,0,STON/O 382326,33.14043568860174,,C
1479,1,2,"Edwards, Mr. Brandon",male,48.57979977700518,1,0,48623,210.62563034941232,,C
1480,0,3,"Davis, Master. Jessica",male,28.925373821321788,0,0,CA 214077,30.16507102800428,,S
1481,1,3,"Smith, Mr. David",male,22.54548448389938,0,1,27134,44.67666253199987,C199,S
1482,0,2,"Evans, Miss. Zachary",male,43.23216629933562,0,0,SOTON/O 667491,68.16314092858164,,S
1483,0,3,"Yang, Master. Crystal",male,24.337704445432443,1,0,14642,16.480674265463648,,S
1484,0,3,"Olson, Dr. Luke",female,33.75846659813425,3,0,SC/Paris 739003,7.127534299975712,,S
1485,0,1,"Thompson, Mr. Reginald",female,30.360574912925678,1,1,CA 735419,54.10686444987714,C193,C
1486,0,2,"Garcia, Master. Gavin",female,23.40600810945831,1,0,SOTON/O 243384,35.737626197446495,,S
1487,0,2,"Marquez, Dr. Miguel",male,34.118042374447484,1,0,17734,87.66575052551809,,S
1488,1,2,"Gilbert, Miss. Danielle",male,40.82565709988202,2,0,33152,2.3057987582720942,C160,Q
1489,0,3,"Mccarthy, Dr. Deborah",female,27.41130736176217,0,0,STON/O 784811,39.34763642580199,,S
1490,0,3,"Moyer, Dr. Christopher",male,23.55222197583539,0,0,64470,10.274753710253913,B62,S
1491,0,3,"Gordon, Master. Joshua",female,25.204826288007656,0,0,66699,48.027473540527296,,S
1492,0,2,"Richmond, Mr. Mary",female,0.42,0,0,A/5 636369,71.44752067112094,,S
1493,0,2,"Boyd, Master. Joseph",female,33.96283365112477,0,0,PC 481860,15.259060791205858,,C
1494,0,3,"Walker, Mrs. Tiffany",female,13.072441954160283,2,0,PC 347005,32.868608311448064,,S
1495,0,3,"Arnold, Master. Julia",female,38.816062137664936,0,0,73159,27.253962410195832,,C
1496,1,3,"Morrison, Master. David",female,28.734062590545886,0,2,SOTON/O 454966,70.29849478129647,B102,S
1497,0,1,"Ramirez, Mr. Joshua",male,31.47169535142617,0,0,SOTON/O 680153,45.79801259984282,C53,S
1498,0,2,"Hall, Miss. Amanda",female,39.804608388486834,1,1,SC/Paris 850597,6.431877878582743,,S
1499,0,2,"Chavez, Mrs. Stephanie",male,17.028667271226915,1,1,67315,188.06844611156114,,S
1500,1,3,"Sutton, Mr. Henry",female,35.169478206913396,3,0,54056,121.71305852104976,,S
1501,0,2,"Nicholson, Mr. Scott",male,33.746694735877306,0,0,19934,43.222880705191855,,C
1502,0,3,"Medina, Dr. Eddie",male,27.413068343000894,0,1,21977,75.13622051136416,G24,S
1503,0,3,"Krueger, Mrs. Richard",female,17.005393189310468,0,1,50335,1.0086297890200895,,C
1504,0,2,"Barrera, Dr. Patrick",male,38.3333370967723,0,0,STON/O 709538,11.250503618637156,,S
1505,0,3,"Johnston, Dr. Edwin",female,39.848363621870426,1,1,87852,73.0213843182526,,S
1506,0,3,"Prince, Mr. Bonnie",male,31.59042836369038,0,0,SC/Paris 490059,5.612991599596082,,S
1507,0,3,"Robbins, Miss. Melinda",female,15.015766179994973,1,1,10367,2.183316220624802,B187,S
1508,0,1,"Johns, Mr. Steven",female,22.61571353904364,0,0,STON/O 225185,47.81865977540102,A141,S
1509,0,2,"Garcia, Master. Elizabeth",female,29.155341886119068,1,1,STON/O 239535,1.742089037097661,,S
1510,1,2,"Montoya, Miss. Kaylee",male,39.63892369974931,0,0,58308,10.112776673472602,A128,S
1511,1,1,"Spencer, Mrs. Lonnie",male,7.831148384416366,1,0,STON/O 878566,4.168097817350537,,S
1512,1,3,"White, Miss. Alicia",female,22.106751499738728,0,0,60439,38.20763038948165,,S
1513,1,3,"Combs, Mrs. Scott",male,24.362584160809167,1,0,SC/Paris 474612,56.49496984056929,,S
1514,0,2,"Chapman, Dr. Hannah",male,28.834897888357588,0,0,36967,10.124735327736621,B94,C
1515,0,3,"Gill, Mr. Cynthia",male,11.781446023652144,0,0,A/5 499518,31.626845274971654,,Q
1516,0,3,"Carr, Mr. Thomas",male,26.954541102773334,0,0,35280,1.0188643602070593,,S
1517,1,2,"Howe, Master. Paul",male,25.653230099623745,0,0,SC/Paris 884694,15.371139759752378,,Q
1518,1,1,"Craig, Mr. Thomas",male,15.473713799144807,0,0,70880,9.898427860523354,D143,S
1519,0,3,"Patrick, Miss. Christopher",male,28.348453821638422,0,0,W.E.P. 789132,9.073957121175408,,S
1520,1,3,"Giles, Master. Daniel",female,22.423632645002975,0,0,A/5 877659,12.745901598543286,G30,S
1521,0,3,"Wilson, Mr. Kristen",male,36.9382059951359,0,0,33472,81.82608581501883,,Q
1522,1,1,"Ruiz, Master. Shannon",female,17.605414145939257,1,0,62921,149.5378276985858,C55,S
1523,0,1,"Burns, Mr. Scott",male,31.257677709798372,0,0,PC 876788,61.21767006457062,,S
1524,0,1,"Singh, Mr. Jennifer",male,18.682556278790244,0,1,64361,3.7499454952341535,,S
1525,0,3,"Valenzuela, Dr. Tyrone",male,21.603440665776624,0,0,STON/O 944369,49.46509385808249,G119,S
1526,0,3,"Archer, Mr. Phillip",male,34.162082787875676,3,0,28969,66.23463287715414,,Q
1527,0,1,"Beck, Mr. Samantha",male,33.28604825979018,0,0,W.E.P. 968836,5.889951250167657,,S
1528,0,3,"Snyder, Miss. Michael",female,24.161689443902954,0,0,PC 861649,17.42986660796165,B44,C
1529,1,3,"Wells, Mrs. Megan",male,26.22825134334265,0,1,63972,27.964157822727316,,S
1530,0,3,"Barajas, Miss. Karen",female,9.649509768466665,2,0,23759,18.605674653433784,,S
1531,0,3,"Hobbs, Master. Zachary",male,49.6387003481298,0,0,PC 114131,36.52359723658743,,S
1532,0,1,"Brandt, Master. Jessica",male,39.624389570292394,0,0,34532,7.016016383167509,,Q
1533,1,3,"Hall, Mr. Deborah",male,39.120272712195494,1,0,85362,29.416787069336763,,S
1534,0,1,"Huffman, Mr. Jacob",female,7.669548962612986,0,0,A/5 245384,66.07783841792495,D115,S
1535,0,2,"Gomez, Dr. Jennifer",male,21.663140105149985,2,1,CA 540673,30.895793112206988,,S
1536,0,3,"Liu, Mr. Jennifer",female,25.316355595069282,0,1,SC/Paris 968553,11.813650184347365,E26,S
1537,0,3,"Franco, Miss. Mario",male,2.9651391115238255,1,0,A/5 376995,81.0028394438735,,S
1538,1,3,"Padilla, Miss. Meredith",male,42.459301345065214,1,0,13635,25.07641428693982,,S
1539,0,3,"Ross, Miss. Amanda",male,50.3543828396739,2,1,W.E.P. 878948,27.677297388002593,,C
1540,0,3,"Phillips, Miss. Jonathan",female,58.867089384050594,0,0,37630,22.1290364463165,,S
1541,1,3,"Gonzalez, Mrs. Regina",female,15.357626414751689,0,0,83020,17.105620010563268,,C
1542,0,1,"Walker, Miss. Michael",male,31.642528955679833,0,0,90835,46.05862304299727,E197,Q
1543,0,3,"Jones, Miss. Johnathan",female,48.5194557681059,1,1,15886,10.400882532062953,,S
1544,0,3,"Reed, Master. Kristie",male,26.449341294742645,0,0,A/5 559886,73.31662042485979,,S
1545,1,3,"Reyes, Master. Jodi",female,22.062169206202512,0,1,A/5 345649,32.86000408732497,,S
1546,0,2,"Smith, Master. Alexander",female,3.875752570377127,2,1,STON/O 161420,107.53076659950189,,S
1547,1,3,"Johnson, Mr. John",female,45.85671440880449,0,0,SOTON/O 663804,139.75467906558842,,S
1548,0,3,"Soto, Master. Alexander",female,29.730349414972892,1,0,A/5 355561,24.142123134141578,,S
1549,0,3,"Jones, Mr. John",male,19.789213974517125,1,0,SOTON/O 386033,8.647671457397257,,C
1550,1,3,"Welch, Master. John",female,33.97400205760404,0,1,33716,35.186151859907504,,S
1551,1,1,"Moody, Miss. Nicholas",male,32.14207522450131,0,0,90859,15.766490386011276,,S
1552,0,3,"Roberts, Master. Michael",male,32.35562743296428,0,0,35315,27.80186838445871,,S
1553,1,3,"Steele, Dr. Michele",male,26.960627127426548,0,1,63657,23.695994167906353,D140,S
1554,1,3,"Smith, Mr. Sarah",male,52.71301422268712,0,0,W.E.P. 470475,29.93479106628279,A199,S
1555,0,3,"Johnson, Miss. Jeffrey",male,28.12876373432609,0,1,72013,34.514123640357845,,S
1556,0,3,"Robles, Miss. Todd",male,52.670509068526265,0,1,SC/Paris 824535,49.3663684304198,D190,S
1557,0,3,"Allen, Miss. Rodney",male,37.89763696960277,0,1,34081,0.19106306674538462,,Q
1558,0,3,"Molina, Master. Curtis",male,34.916381998664235,3,1,PC 748459,14.813971191082837,,S
1559,1,1,"Collier, Mr. Joanna",female,28.414153454105826,2,0,66668,9.331795204744067,,S
1560,1,3,"Best, Miss. Hannah",male,43.635393709642884,0,0,W.E.P. 218904,61.970787454156486,,S
1561,0,2,"Owens, Miss. Andre",female,31.581884746091934,0,0,55639,89.28703430350834,,Q
1562,0,2,"Carr, Master. Tanner",male,16.950162988410554,0,1,13869,64.6869363084848,,S
1563,1,3,"Kennedy, Miss. Cynthia",male,16.483109326027503,1,0,37048,183.77607832876868,,S
1564,0,2,"Hernandez, Miss. Ellen",male,35.91478470707981,0,0,PC 754089,4.019712994738411,E14,C
1565,1,3,"Johnston, Mrs. Jessica",male,17.296695607669058,0,0,CA 627208,31.251463387564023,,S
1566,0,2,"Green, Master. Danielle",male,29.128765202385008,0,0,94271,114.81537750782923,,Q
1567,1,1,"Clark, Mrs. Trevor",male,44.80058353971528,1,0,34107,19.216136930941186,,S
1568,0,3,"Browning, Mrs. Jennifer",male,34.25558249052067,0,0,STON/O 537679,81.05455428456358,,S
1569,1,1,"Barton, Master. Carl",male,19.890111815397532,0,1,56162,41.2472233188959,,S
1570,0,3,"Steele, Miss. David",female,49.739825162625955,1,0,CA 492826,192.11708820154504,E101,C
1571,0,2,"Davidson, Miss. Jeffrey",male,37.67025331792582,1,0,CA 776207,23.18294615628698,,S
1572,0,2,"Morales, Mr. Kevin",male,44.24910182085725,0,0,STON/O 117588,26.992751294561838,,C
1573,1,1,"Bradley, Mr. Jennifer",female,0.42,0,1,29676,8.94476162489697,F48,C
1574,1,2,"Richardson, Master. Daniel",male,34.63194029567845,0,0,CA 821814,8.696253222680681,,S
1575,0,3,"Diaz, Dr. Keith",female,41.7902097093185,0,0,24224,98.66489357580456,,S
1576,0,1,"Clark, Mrs. Luke",male,53.80404099217189,0,0,STON/O 279083,26.15293432123547,,S
1577,0,3,"West, Master. Timothy",male,9.506539821885418,1,0,62689,48.44049323002188,,S
1578,1,3,"Williams, Miss. Steven",male,46.88560424872346,1,1,86624,69.76720851440358,,S
1579,0,3,"Smith, Mrs. Katherine",male,53.021323999817426,0,0,STON/O 899748,28.83431635957952,,C
1580,0,3,"Harper, Mr. Peggy",male,1.757954318094292,1,1,SOTON/O 458041,153.72145510868015,,Q
1581,0,1,"Khan, Mrs. Jessica",female,36.7002755381764,0,1,CA 624755,139.17130472497126,B99,S
1582,0,2,"Grimes, Mr. Derrick",male,38.646691400769825,1,0,90474,56.99020237531129,,Q
1583,0,3,"Maxwell, Master. James",male,25.421892722873313,0,0,82289,267.03842306122476,C22,Q
1584,0,3,"Wheeler, Mr. Kyle",male,23.138677559071944,1,1,CA 394004,0.13260054097745116,,S
1585,1,3,"Fuentes, Master. Olivia",male,39.349954786029514,0,0,PC 630464,0.46478878162403964,,S
1586,0,3,"Martinez, Master. Annette",male,21.390255452251154,1,0,STON/O 286990,3.4961731852537015,,Q
1587,1,2,"Hoffman, Miss. Erik",male,26.958509402146632,0,2,SC/Paris 505522,143.69328254913512,,S
1588,0,1,"Riggs, Dr. Gregory",female,41.3740886115349,0,0,PC 701804,46.422536292121144,G140,S
1589,0,3,"Lee, Dr. Michael",male,54.5566027045761,0,1,26013,131.36204540971582,,C
1590,1,3,"Smith, Dr. Eric",male,37.53177981558825,0,0,79624,6.796609174183501,,S
1591,1,3,"Andrade, Master. Christopher",male,31.86878293580316,1,0,A/5 533998,1.6250577164943996,,S
1592,1,3,"Rose, Master. Laurie",male,22.770435214749213,0,2,21865,39.18448496002389,,S
1593,0,2,"Holmes, Miss. David",male,15.851599430885212,1,0,99769,9.631892345820996,,S
1594,0,2,"Johnson, Miss. Antonio",male,45.53409538101329,1,0,88807,98.24634864731526,,C
1595,1,3,"Taylor, Mr. Christopher",female,27.851702084223614,1,1,49750,27.271663499775794,,C
1596,0,3,"Johnson, Mr. Jason",female,46.1098458453342,0,1,76769,73.58319317044126,,C
1597,0,3,"Harrington, Master. James",female,25.386273708063534,1,0,SOTON/O 595935,36.32887336149254,E87,S
1598,0,1,"Watson, Dr. Heidi",female,20.909958740945843,1,0,71599,37.609887898551136,B109,S
1599,0,1,"Weaver, Mrs. Raymond",female,35.891184443585225,1,0,SC/Paris 289077,57.26083097377014,,S
1600,1,3,"Harris, Miss. Miguel",female,28.928496850242396,2,0,70358,20.432395267959603,,S
1601,0,2,"Harvey, Mrs. Richard",female,13.122599535449673,0,0,84772,148.64700134428537,,C
1602,0,3,"Thompson, Mrs. Rachel",female,55.44315661694587,1,0,SC/Paris 695765,25.575468401215073,G191,S
1603,0,3,"Hull, Master. Brandon",female,21.222227167197076,0,0,47134,25.37841202574646,,S
1604,0,3,"Blair, Mr. Matthew",male,42.98628129643899,1,0,STON/O 799080,61.45124023833644,C122,S
1605,0,2,"Beck, Dr. Michaela",male,41.78599281155074,0,0,CA 783128,50.564678394169036,,S
1606,0,3,"Warren, Mrs. Robert",female,12.367521291199004,1,0,SOTON/O 857440,273.4151241562672,,S
1607,0,2,"Brown, Miss. Melissa",male,15.966572975369216,1,0,SC/Paris 392592,94.93299502086573,,S
1608,1,1,"Gutierrez, Miss. Kaitlyn",female,25.778869244198212,0,0,90067,16.745028642013445,,C
1609,0,1,"Ortiz, Miss. Eric",male,17.880948375903568,0,0,10369,5.354356535134147,E54,S
1610,0,2,"Smith, Mrs. Curtis",male,54.170389206301635,2,1,W.E.P. 951575,5.6375646896698735,,S
1611,1,3,"Patel, Mr. Jean",female,27.197541084820838,0,0,A/5 995904,22.44019890572708,A95,S
1612,1,1,"Gordon, Dr. Jacob",female,42.45648659939695,0,0,34439,32.42647546810906,A157,S
1613,0,1,"Richardson, Mrs. Thomas",male,37.190923446002856,1,1,91900,50.68471765259548,,S
1614,0,3,"Kennedy, Mr. Michael",female,33.696314285948944,0,0,SOTON/O 486785,97.50003758561547,,C
1615,0,1,"Reynolds, Dr. Steven",female,30.56449695035423,2,0,A/5 973784,228.01214582810854,B119,S
1616,1,3,"Phillips, Dr. Andrew",male,47.31982990904176,3,0,W.E.P. 299188,26.272941651802217,,C
1617,1,2,"King, Dr. Eric",male,18.448698373309767,0,0,SC/Paris 268827,39.436711028825364,A97,S
1618,1,1,"Mitchell, Dr. Eric",male,54.16869434639221,1,0,SC/Paris 765872,45.908039007453304,,S
1619,0,3,"Evans, Dr. Brad",male,11.978875472942669,0,0,CA 748709,40.885855780965564,C68,C
1620,1,1,"Mcgrath, Mr. Christopher",male,40.94116415871393,0,0,61089,4.7327394188270215,,S
1621,0,3,"Logan, Dr. Jasmine",male,10.327705960843044,1,0,W.E.P. 105483,6.110679376461595,,S
1622,0,2,"Schultz, Mrs. Tina",male,25.580122268822564,1,0,STON/O 573640,109.80123261157424,,C
1623,0,1,"Coffey, Mr. Charles",female,31.306339132853537,1,1,A/5 404087,56.28643220995125,E92,C
1624,1,1,"Grant, Dr. Cameron",male,23.186265116386807,0,0,STON/O 527407,56.77851150863277,,S
1625,0,1,"Jones, Mr. Adam",male,27.456626025363526,0,0,26426,84.31102142522957,D145,C
1626,1,1,"Howard, Mr. Angela",male,10.582413728968891,1,0,37846,4.394676289627085,,S
1627,0,3,"Peterson, Miss. Jason",female,16.17569343787028,0,1,28768,26.84820970299087,E81,S
1628,0,3,"Elliott, Mr. Juan",female,36.975705900742355,1,0,79296,14.162888676572411,,S
1629,0,2,"Moyer, Miss. Shane",male,30.41540554968423,1,0,STON/O 460097,54.059246347002585,,C
1630,0,2,"Wade, Master. Amanda",female,20.3326076384989,1,0,PC 920346,12.09943140558466,,S
1631,1,3,"Mendez, Miss. George",female,48.5398886838154,1,1,SOTON/O 395676,58.90305097520535,E111,S
1632,0,3,"Rivera, Master. Marc",female,12.920967400136977,0,1,48591,24.54301860484739,C133,S
1633,1,3,"Johnson, Master. Robert",female,24.937733477903123,0,0,PC 820263,28.937875964923293,F79,S
1634,1,3,"Hernandez, Master. Vincent",male,22.920812105501398,0,1,45217,85.19094532979184,,S
1635,1,2,"Arnold, Miss. Jose",male,38.610526788654624,1,0,PC 749541,21.398346117197732,,S
1636,0,2,"Fernandez, Mr. Andrea",male,30.67429167592072,0,0,SC/Paris 882951,14.82599739076228,,S
1637,0,3,"Ibarra, Dr. Cory",male,28.485686548515645,0,0,PC 511116,94.94433501869804,,S
1638,0,3,"Marshall, Master. Christopher",male,4.180966145858655,1,0,27424,57.82251958658031,,S
1639,1,3,"Fowler, Dr. Craig",female,42.1104827288493,0,0,40638,25.86697121961151,,S
1640,1,2,"Orozco, Mr. Kim",male,26.95043859235568,2,0,74791,34.513657802748995,,S
1641,0,3,"Robinson, Master. Lauren",female,31.61925424654588,0,0,67562,21.374652747344054,D68,S
1642,1,3,"Perez, Master. Anna",male,19.520114918685717,0,0,W.E.P. 571181,40.05989765529435,,S
1643,0,2,"Shields, Master. Vincent",male,17.318397320560983,0,1,19023,7.465377289160798,,C
1644,1,3,"Wilcox, Master. Michael",male,50.99002861865962,0,1,27948,109.66057676887343,B145,Q
1645,0,2,"Anderson, Miss. Douglas",male,5.174659904326223,0,0,A/5 935402,40.37720100757586,B141,S
1646,1,1,"Forbes, Miss. Felicia",female,15.241213611041196,2,0,A/5 910383,24.328520325082863,,C
1647,0,2,"Smith, Mrs. Scott",female,50.72689013736712,0,0,28053,42.384160243300826,,S
1648,1,2,"Brady, Dr. Kyle",male,38.97044933398115,1,0,33961,8.788710985148308,,C
1649,1,1,"Brady, Dr. Jeffrey",female,25.443524555606125,0,0,80326,4.086150220188411,C42,S
1650,1,3,"Evans, Mrs. Jason",female,47.452348400041146,0,0,A/5 548649,39.71761006631267,E182,C
1651,0,2,"Sanchez, Miss. Lindsay",male,36.25604162954412,0,0,SC/Paris 797642,3.6552467197168292,,C
1652,0,3,"Dickerson, Mrs. James",female,33.257241287641875,0,1,PC 653681,54.06848837691215,,S
1653,0,1,"Thomas, Master. Mary",female,33.157868239433846,0,1,A/5 823477,80.532315092029,,S
1654,0,1,"Taylor, Miss. Scott",male,36.51333504100291,0,0,SC/Paris 924878,222.69714501660417,C59,C
1655,0,3,"Ward, Master. Carol",female,37.079695018164344,0,0,CA 520248,73.31969135351241,,C
1656,1,3,"Jefferson, Mrs. Thomas",male,60.7436227405434,0,0,19516,182.7242987011686,,C
1657,0,3,"Gonzalez, Dr. Joseph",male,27.27150063658259,5,0,22331,1.1216318311329732,,S
1658,0,3,"Martin, Mr. Katie",male,27.703339365925146,2,2,CA 153312,40.91824673477045,G148,S
1659,0,2,"Williams, Mr. Micheal",female,12.683495374010008,0,0,56569,9.000415192620785,,S
1660,0,2,"Boyd, Master. Jennifer",female,29.273436584505745,2,0,77583,14.060838321391442,B145,S
1661,0,3,"Lester, Mr. Michael",male,56.08041659362746,0,0,SC/Paris 840292,66.31369371610542,,S
1662,0,3,"Branch, Master. Kyle",male,43.78279003408519,0,0,18075,14.572861620435521,,S
1663,1,3,"Hayes, Mrs. Rebecca",male,22.38865158574541,1,2,CA 579149,9.911058859689211,,S
1664,0,3,"Parker, Miss. Krystal",female,30.42057910329799,0,0,SC/Paris 496419,23.248432628768143,,Q
1665,1,3,"Gilbert, Dr. Ashley",male,11.849862741810075,0,0,STON/O 465154,4.346284135700114,,S
1666,1,2,"Mendez, Master. Joann",female,16.43232917982371,2,0,CA 666146,7.9201331676151385,,S
1667,0,3,"Williams, Miss. Lauren",female,32.092176136592045,1,0,PC 161226,7.917587208460556,,C
1668,1,3,"Wells, Miss. Justin",female,23.07763556051366,0,1,27411,12.812822469691959,,S
1669,0,3,"Peterson, Master. Susan",male,15.375602948702145,2,0,61729,102.28159561267938,,Q
1670,1,1,"Williams, Dr. Shannon",male,36.85777070633049,0,0,48556,17.494662609978874,A76,S
1671,0,2,"Rubio, Dr. Tammy",male,28.848498786853465,0,0,STON/O 787652,16.001177029694947,,S
1672,1,1,"Carrillo, Miss. James",male,8.05429479632545,2,0,A/5 245361,6.733081443752657,,S
1673,1,1,"Lucero, Mr. Elizabeth",female,0.947942473650965,0,0,70517,0.8118139782408437,,C
1674,1,3,"Garcia, Miss. Jody",male,22.019839019960443,0,0,SOTON/O 634418,8.740224633809593,A153,Q
1675,1,1,"Mendez, Mrs. Katherine",male,7.7642879918186125,1,0,36057,64.18170076857051,,S
1676,0,1,"Sanchez, Master. Edwin",female,3.835240309410846,0,1,CA 451754,175.07238532815273,A63,S
1677,0,2,"Fowler, Miss. Angela",male,45.805568819629194,1,0,SOTON/O 222799,68.0925704404037,,C
1678,0,3,"Clark, Dr. Nicholas",male,28.6320475418859,0,0,55577,95.94363573394831,,S
1679,0,3,"Gillespie, Mrs. Joseph",female,26.28375070484296,0,0,SC/Paris 354072,77.26348717099259,F15,S
1680,1,1,"Wright, Miss. Brian",male,27.362318573889514,1,0,PC 511131,17.552557749151035,,S
1681,0,1,"Jones, Master. Michele",female,14.070349888898422,0,0,47915,65.69499748284115,,S
1682,1,1,"Duke, Master. Edward",female,35.753666310198355,0,0,33452,69.43226611961416,C46,S
1683,1,3,"Lopez, Master. Dennis",female,28.17019542574443,0,0,PC 563748,14.958308257847323,,S
1684,1,2,"Allen, Dr. Anna",male,19.396278816288234,0,0,STON/O 168236,126.69662516618423,,Q
1685,0,3,"Johnson, Master. Chad",male,21.493198416650003,0,0,83629,309.4269100587934,,S
1686,1,3,"Dixon, Mrs. Michelle",male,12.815578015027864,0,0,31343,41.19666065196392,,S
1687,1,1,"Adams, Mr. Eric",male,24.312599779374313,3,0,83404,19.033391873426346,,S
1688,0,3,"Wright, Mrs. Megan",female,26.645209669044803,2,0,SOTON/O 299137,22.12803306000706,,S
1689,0,2,"Ingram, Dr. Melissa",female,23.948033392180502,0,0,65099,43.66678764453129,,S
1690,1,3,"Stein, Dr. Paul",male,30.772163802782206,0,0,65220,0.3905057842471602,,S
1691,0,2,"Miller, Mrs. Diane",female,28.900836133335417,0,1,99734,18.43278671414266,,Q
1692,0,3,"Stephens, Mrs. Michael",female,33.2307595413045,1,0,SOTON/O 276840,2.5122769840377326,,S
1693,0,3,"Hampton, Mrs. Daniel",male,43.20335851690232,0,0,32465,48.93222425729045,,S
1694,0,3,"Ross, Dr. Bryan",male,38.30232868098313,1,0,SOTON/O 121216,46.32382602180638,,S
1695,0,2,"Stevens, Master. Roger",male,43.3642577671447,1,0,81076,44.70788073686327,,S
1696,0,2,"Taylor, Dr. Melissa",female,18.131720782432797,1,0,STON/O 439816,8.184255351179043,,Q
1697,0,3,"Smith, Master. Ricky",male,22.8793914827588,1,0,A/5 748302,144.62195162921012,,C
1698,0,3,"Farmer, Mrs. Jessica",female,39.15035357524355,1,0,83170,38.20303765040301,,S
1699,1,3,"Fisher, Master. Sheryl",male,39.40068740004921,0,0,SOTON/O 685310,40.58099758638853,,S
1700,0,1,"Obrien, Miss. Michaela",female,20.499311354483652,0,0,92285,39.29155759959161,C65,Q
1701,1,1,"Johnson, Mr. Kimberly",male,38.56217496094439,1,1,W.E.P. 258571,37.16028185057333,A187,S
1702,0,3,"Bradley, Master. Tricia",female,16.790550366956815,0,1,69252,139.37734879813735,,S
1703,0,1,"Perry, Mr. Monica",female,36.73478013798511,0,0,58999,46.06820463470577,,S
1704,0,2,"Moyer, Mrs. Vicki",male,29.631853187881028,0,1,82816,33.19157718394297,,Q
1705,0,1,"Montes, Mr. Kristin",female,10.617901545311287,0,0,27179,72.71692207627156,,S
1706,0,3,"Gentry, Miss. Jeffrey",female,23.9229664953683,0,0,49126,14.48169873717117,,S
1707,1,3,"Phillips, Dr. Ellen",female,60.55174933573691,1,0,83625,10.660281567662715,,S
1708,0,3,"Navarro, Mr. Yesenia",male,32.83892507926993,0,1,STON/O 107658,28.92067447657558,G102,C
1709,0,2,"Washington, Dr. Brian",male,62.20629967405564,1,1,32396,0.7904983715810635,A89,C
1710,1,3,"Martinez, Dr. Scott",female,9.78502858174949,0,0,86711,17.372807414072025,,S
1711,0,3,"Clark, Master. Megan",female,40.51038509729379,0,0,STON/O 180193,27.242773999550458,C136,C
1712,0,1,"Castro, Mr. Richard",male,0.42,2,0,35647,43.22035470856278,,S
1713,1,3,"Murphy, Master. Nathan",female,29.996703211193037,0,0,31227,39.17585737769216,A136,C
1714,0,2,"Peterson, Mr. Jennifer",male,38.83704328711849,0,0,39457,22.895996710183457,,S
1715,0,1,"Nunez, Miss. James",female,41.73046132994787,0,0,85376,21.023588297544443,,S
1716,1,2,"Parrish, Miss. Katherine",male,18.81022385587422,0,1,34233,0.06598256914878155,,S
1717,0,1,"Joyce, Master. Joshua",male,44.5472659076743,1,0,90229,106.47898427641591,C82,C
1718,1,3,"Smith, Mrs. Cheryl",male,22.52799335937428,1,1,A/5 797189,13.151014475415268,C138,S
1719,1,2,"Barnes, Dr. Angela",male,27.702638484426444,1,0,PC 148026,22.158594763452832,E117,C
1720,0,2,"Ramirez, Dr. Teresa",male,23.933488929007126,1,0,W.E.P. 761264,1.023146267677109,,S
1721,0,1,"Tran, Mr. Monica",male,14.090549089747359,1,0,STON/O 909864,157.14570336802254,,S
1722,0,3,"Arias, Miss. Tracie",male,51.97607422389202,0,1,PC 621575,34.117537978582874,,S
1723,0,3,"Carter, Master. Stephen",male,30.672249440213076,1,0,27415,1.177377986190364,,Q
1724,0,3,"Rios, Mrs. Angela",female,45.22245730122079,0,0,73208,14.46376922394996,,S
1725,1,3,"Scott, Mr. Sarah",male,44.62595738470441,0,0,82120,105.70685232671404,,S
1726,0,2,"Middleton, Miss. Jeremy",male,16.448837000178237,0,0,SC/Paris 248006,23.556342165387132,,S
1727,0,1,"Collins, Mrs. Joseph",female,47.025781467402425,1,0,32313,58.46329300175509,,C
1728,1,3,"Smith, Mrs. Stacy",female,37.04779940969052,1,0,STON/O 335531,47.576560499456185,,S
1729,1,1,"Phillips, Master. Victoria",female,15.427373897379553,0,0,CA 118975,31.927113431705127,,S
1730,0,1,"Clark, Master. Ashley",male,36.28391163878106,1,0,67090,89.55362451704593,,C
1731,0,3,"Kaufman, Miss. Tiffany",female,15.678449611847054,0,0,SC/Paris 857007,2.0595561348748483,,Q
1732,1,1,"Ortiz, Master. Jessica",female,52.49041715170097,0,1,15134,121.76219457070525,D49,Q
1733,0,2,"Brewer, Mr. Dawn",male,41.39301442890935,0,0,A/5 632271,63.30223542326063,,S
1734,0,3,"Jackson, Dr. Johnathan",female,29.003920129325508,1,0,PC 791432,99.64989739211815,D182,S
1735,0,2,"Morgan, Mr. Lindsey",male,47.707250655040575,0,1,PC 395202,0.853872048228242,,S
1736,1,3,"Harvey, Mr. Nicole",male,7.8521729741504736,0,0,W.E.P. 176712,4.430337533770469,,S
1737,0,3,"Kelly, Mrs. Brittany",male,19.50922179831942,1,0,66020,11.525961649712201,,S
1738,0,3,"Le, Miss. Hannah",female,26.466123895634798,1,0,A/5 552796,45.016046270305765,,S
1739,0,3,"Robertson, Miss. Derek",male,61.29958553995725,0,0,39990,4.848727454693302,,S
1740,0,2,"Boyle, Mrs. James",male,15.013239387772321,0,0,PC 457145,134.08039672047937,,S
1741,1,2,"Davis, Mr. Eric",male,6.097716815630569,1,0,31820,69.03432599363016,,S
1742,1,2,"Henderson, Mr. Juan",male,9.77860279702421,1,0,PC 353682,82.40796189686564,,S
1743,1,2,"Vang, Dr. Craig",male,42.687022168878414,0,0,96373,43.835476365439916,D144,Q
1744,0,3,"Young, Dr. Stephen",male,21.681308212456003,1,0,A/5 381581,49.840895580764006,D64,C
1745,0,3,"Lawson, Miss. Daniel",male,27.77278669883941,0,0,CA 128861,12.490924294995416,,S
1746,0,1,"Sims, Mr. Tyler",female,40.67965698344278,0,0,SC/Paris 623449,120.42023099746531,,S
1747,0,1,"Simmons, Dr. Jeffrey",male,27.78681520858924,1,0,SC/Paris 248388,52.33674714056392,,S
1748,0,1,"Roberts, Mrs. Heather",male,32.85805246311278,0,0,SOTON/O 697959,27.04192541742651,,S
1749,1,2,"Powell, Mr. Timothy",male,37.493012066535734,0,0,30708,106.71473232727602,C163,C
1750,0,1,"Sullivan, Master. Stephen",male,23.970530512556984,0,0,CA 361573,99.68957655339996,,C
1751,0,3,"Jackson, Dr. Cynthia",male,27.671561160984425,1,1,PC 492947,0.02696798055657255,,S
1752,0,3,"Riley, Mrs. Ariel",male,33.38737563249416,3,0,35538,129.4051655169525,,S
1753,0,3,"Walker, Mrs. Andrea",female,42.154509822745084,0,0,A/5 214114,22.58282413887236,,S
1754,0,1,"Elliott, Master. Jason",male,18.90683030147091,0,2,34053,27.421778631424036,,S
1755,1,2,"Hartman, Dr. Jennifer",male,0.42,0,0,SOTON/O 177887,4.458692633057657,B138,S
1756,1,3,"Davidson, Miss. Kyle",male,39.51416409139905,0,1,A/5 209491,105.01370837654976,F1,S
1757,1,3,"Dennis, Mrs. Kimberly",female,42.98802286250118,0,0,67307,38.740063914446786,,S
1758,0,3,"King, Mr. Nancy",female,32.800478269822406,1,0,SC/Paris 815866,118.06593908471763,A64,S
1759,0,3,"Cole, Miss. Gina",male,33.7561050653915,0,1,W.E.P. 597372,75.89211312157995,,S
1760,0,3,"Clark, Mrs. Jonathan",male,22.09966148203761,1,1,STON/O 958109,114.12996961446416,A114,Q
1761,0,3,"Richardson, Mrs. Brandon",female,37.00256790148894,0,0,46798,148.07488693631964,,S
1762,1,1,"Krueger, Master. William",male,41.94433547557864,0,1,STON/O 352215,108.53591301002908,,S
1763,0,3,"Smith, Dr. Leslie",male,30.79094877985878,0,0,81635,11.77569242649894,B57,Q
1764,0,2,"Mitchell, Dr. Cassandra",male,64.87747662010173,0,0,19716,3.634585179421826,,S
1765,0,2,"Gonzalez, Master. Dennis",male,8.107624772600687,0,2,W.E.P. 501069,48.41252451815331,A168,Q
1766,0,3,"Tapia, Master. Jacob",female,32.28146339198886,0,0,76911,8.424260035479184,,S
1767,1,2,"Day, Miss. Rachel",female,13.559058527557596,0,0,68143,99.42764562738746,G186,S
1768,0,1,"Clay, Miss. Michael",female,42.317842935396456,0,0,SC/Paris 611925,147.30550168876547,B99,C
1769,0,1,"Stanton, Master. Brian",male,7.859344007409462,1,0,CA 360857,6.464268865321546,,S
1770,0,1,"Gomez, Miss. Brian",male,11.325098401952221,0,0,SC/Paris 362309,13.448860463106127,,S
1771,0,1,"Harris, Mr. Theresa",male,21.135382832311137,1,0,65361,49.07148610620482,G192,S
1772,1,1,"Vargas, Master. Michael",female,33.72165037797559,0,0,PC 434978,64.59612489438659,,S
1773,1,1,"Hogan, Dr. Eric",female,21.663400558737358,2,0,W.E.P. 765625,35.903985062196995,,S
1774,1,1,"Hoffman, Dr. Kyle",male,21.803822323612696,1,0,A/5 108704,23.025044057711796,,S
1775,1,3,"Preston, Master. Michelle",male,27.467533631034808,1,0,55690,18.2659623718184,B19,S
1776,0,2,"Hernandez, Dr. Paul",male,26.608637773138913,0,1,45515,54.825941216357265,,S
1777,1,1,"Hudson, Mrs. Catherine",female,50.82429143645933,1,0,96068,68.23867786202402,,S
1778,0,3,"Smith, Mr. Nicole",male,39.60275567536555,0,0,48822,17.042618503103633,G74,Q
1779,0,3,"Walker, Mrs. Jamie",male,25.455925643014982,1,0,75922,19.725946959917724,E120,C
1780,1,3,"Allen, Master. Robert",male,59.3581667569906,1,1,CA 868853,30.815544130497198,,S
1781,0,2,"Bennett, Dr. Eduardo",male,36.88325644798413,1,0,24541,29.91157965213038,,C
1782,1,3,"Gardner, Miss. Kevin",female,16.43453122561032,0,1,52193,92.46561086807613,B32,S
1783,0,3,"Woods, Mrs. Debbie",female,33.59119235988582,0,0,SOTON/O 169274,28.71574952423781,,C
1784,1,3,"Smith, Mrs. Jeffery",female,37.497175628114405,1,0,PC 480194,191.77473500881766,,S
1785,1,3,"Velasquez, Dr. Thomas",female,20.37325393314112,0,0,STON/O 319348,18.623042358178594,E147,C
1786,1,3,"Jones, Miss. Kristen",male,15.26487524871545,0,0,85392,59.01620050211801,,S
1787,1,3,"Jacobs, Master. David",male,31.210427260594187,0,0,A/5 236243,71.13469400123404,,S
1788,0,3,"Hall, Dr. Aaron",male,24.9568952017155,0,0,STON/O 681738,49.76723370101845,,C
1789,0,2,"Patton, Mr. Brittany",female,50.70779043837619,1,2,26116,22.868015545956986,,S
1790,0,3,"Nguyen, Mr. Elizabeth",male,40.376181537188806,0,0,39440,14.880913910243024,,S
1791,0,3,"Donovan, Master. Justin",female,21.029146162787875,1,1,44699,46.35269266832747,,S
1792,1,1,"Anderson, Master. Renee",male,35.963133553280244,2,0,A/5 929400,53.73959109867864,,Q
1793,0,3,"Travis, Mr. Andrea",male,47.739793998146354,1,0,SC/Paris 679101,14.894849130369012,C198,S
1794,1,1,"Rodriguez, Miss. Tracey",female,10.486737757404903,1,1,SOTON/O 342955,20.510500224624618,,C
1795,0,3,"Delgado, Master. Hannah",female,15.68110462617147,0,2,PC 733837,99.04790614330634,,S
1796,0,3,"Farrell, Mr. James",male,29.843639358086563,2,1,33921,83.17162096450761,,S
1797,1,1,"Wu, Miss. Joel",male,30.49842755067048,0,0,SC/Paris 327697,10.153616538775077,,S
1798,0,3,"Baker, Miss. Tiffany",female,29.269234923519953,0,0,53863,135.41938870346002,C55,S
1799,0,1,"Martinez, Master. Matthew",female,25.64911949697251,1,1,19190,49.44748628681205,,C
1800,0,2,"Holt, Mrs. Brian",male,25.43515548567172,1,0,SOTON/O 389158,34.33388581014105,,C
1801,1,1,"Perez, Miss. Kevin",male,35.3796139155028,0,0,SC/Paris 945298,11.211240974684172,C17,S
1802,1,2,"Carpenter, Master. Charles",male,45.87519575094842,1,0,SOTON/O 678343,65.50282222749323,,S
1803,0,2,"Young, Miss. Logan",male,23.266661784362025,1,0,A/5 666737,126.78586736933117,,S
1804,0,3,"Baldwin, Dr. Troy",female,64.13759083238915,4,1,52017,3.3576778450902083,,Q
1805,0,3,"Russell, Miss. Amanda",male,57.44968010036443,0,0,17914,36.77608832258898,B147,S
1806,1,1,"Jacobs, Mrs. Donna",male,48.609578814121136,0,1,68888,104.83225405038866,,S
1807,1,3,"Austin, Miss. Jared",male,38.71476668386187,2,0,20255,152.37538846398388,,C
1808,0,1,"Smith, Mrs. Tara",male,58.111833490582185,1,0,W.E.P. 695658,3.7437079106976383,G6,S
1809,0,1,"Bailey, Mr. Jonathan",male,25.938384890008283,0,0,99076,78.28417027072669,F169,C
1810,0,1,"Wilcox, Mrs. Autumn",male,18.343538232136716,0,1,CA 179788,16.522954376091278,,S
1811,1,3,"Boyd, Miss. Matthew",male,22.63639116834422,1,1,A/5 356676,38.9902241316019,,Q
1812,1,3,"Richards, Mr. Daryl",male,15.958800756738858,0,1,PC 989253,76.56195691973804,E69,S
1813,0,1,"Rodriguez, Mr. Steven",male,31.705218512387177,1,0,CA 930201,39.38767789901725,,S
1814,0,1,"Ross, Mr. Sheila",male,34.197626497788406,0,0,CA 243300,5.830056790022767,,S
1815,0,2,"Chavez, Mr. Michael",male,32.811757741535494,1,1,W.E.P. 336279,44.6451755556572,,S
1816,1,3,"West, Miss. Paul",male,29.825961069454802,0,0,A/5 578761,6.267442895088612,,S
1817,0,3,"Martin, Master. Amy",male,31.864163394402617,1,0,CA 650544,21.342898549321767,F21,S
1818,1,1,"Thompson, Mrs. Jonathan",male,54.308533323898445,0,1,SC/Paris 521283,40.84840631966532,,S
1819,1,3,"Robinson, Master. Patricia",female,38.68072614694717,0,1,75403,237.88680480323617,,Q
1820,0,2,"Greene, Master. Sara",female,42.9151231524675,1,1,SOTON/O 101774,64.90141310077698,,S
1821,0,3,"Chapman, Mrs. James",male,32.67105911361503,0,0,SC/Paris 390866,18.070212172505876,,S
1822,0,3,"Guzman, Dr. Shelby",female,7.3817582214469155,0,0,W.E.P. 547466,104.59690745851822,,C
1823,0,2,"Todd, Mrs. Antonio",male,4.605645413426846,0,1,CA 735980,12.818671441974002,,S
1824,1,3,"Davis, Dr. Shelby",male,59.15933986291921,0,0,SC/Paris 524104,24.22475124798032,,C
1825,1,3,"Romero, Mrs. Timothy",male,22.5544881467629,0,0,STON/O 666663,52.06738040477943,,S
1826,0,2,"Finley, Master. Jonathan",male,21.36548118187295,0,1,A/5 283070,26.429238466240264,F5,C
1827,0,2,"Moore, Master. Rita",male,33.439285379281486,0,0,SC/Paris 441456,65.38839128132709,,C
1828,1,3,"Perry, Mrs. Connor",female,37.70564169661898,0,0,SOTON/O 203792,52.577929079208516,,S
1829,1,1,"Ayers, Mr. Carol",female,39.47606992268177,0,0,14740,55.023373409204865,,S
1830,0,1,"Salazar, Dr. Jacob",male,54.84185946032005,0,0,STON/O 178233,27.259100733649266,,C
1831,1,3,"Jones, Mr. Scott",male,51.010309357211185,1,0,CA 456686,2.8353925064001815,,S
1832,0,3,"Gibson, Dr. Jeremy",male,18.6469348550565,1,1,18916,103.06329405566277,F7,Q
1833,0,3,"Gonzalez, Master. Steve",male,43.56228402790505,0,0,SOTON/O 202497,3.8452834627095047,,S
1834,1,3,"Allen, Dr. Jennifer",female,24.62272714504882,0,0,10001,31.18427655240714,B176,S
1835,1,3,"Maldonado, Master. Amber",female,28.074877577969126,1,0,W.E.P. 192481,17.972530657202178,C6,S
1836,1,1,"Weber, Mrs. Robert",female,14.684151116680924,0,0,SC/Paris 332209,17.57235666171458,,S
1837,0,3,"Dunlap, Mrs. Henry",female,6.296980046360268,1,1,79902,12.849515352686133,,S
1838,0,3,"Osborn, Miss. Andrew",male,29.558136023147956,1,0,SOTON/O 534232,15.84886710718516,,C
1839,1,1,"Graham, Miss. Lynn",male,16.616253174442562,0,0,A/5 808300,155.4352981059884,,S
1840,0,1,"Brooks, Mrs. Alexander",male,42.98939150000851,0,0,SOTON/O 781838,178.87203852956196,A62,C
1841,0,1,"Shepherd, Miss. Erica",male,26.0649045907183,0,1,CA 571701,42.306126029756925,,C
1842,0,3,"Montgomery, Mrs. Charles",female,34.32026306529823,1,0,A/5 547196,37.18590082178001,F3,Q
1843,0,3,"Jackson, Mr. Andrew",male,49.145360554816044,0,0,SC/Paris 195774,2.4786906348886846,,C
1844,0,3,"Zimmerman, Master. Stephen",male,9.205867455050488,0,1,SOTON/O 899497,81.4145807995634,,C
1845,1,3,"Hill, Mrs. Brittney",female,19.85535656030438,0,1,STON/O 818439,9.34972991081318,,S
1846,0,1,"Murray, Miss. Laura",female,32.532370743921895,0,0,55041,7.69156882061752,,S
1847,0,3,"Smith, Miss. Michael",male,34.375347421525646,0,0,W.E.P. 235619,27.58853808171753,,S
1848,0,3,"Torres, Miss. Shawn",female,45.44896501781256,0,0,W.E.P. 873572,21.350333947053244,,Q
1849,1,2,"Roberts, Mr. Melinda",male,42.140143806568375,3,0,CA 315476,5.081518377728329,,S
1850,1,3,"Rojas, Mr. John",male,31.35707076023035,0,0,30789,8.004581741360168,,S
1851,0,2,"Ramos, Mr. Brian",male,34.247665388361575,0,1,SOTON/O 609294,243.56837096256973,,S
1852,1,3,"Bowen, Mrs. Courtney",male,34.63506247386686,0,1,20095,66.36839387540638,,C
1853,1,3,"Silva, Master. Ashley",male,9.424026894567422,0,0,W.E.P. 875932,45.63451053837086,G7,S
1854,1,3,"Nelson, Mr. Nancy",male,27.81074331703054,0,0,W.E.P. 110643,18.092737318520534,B158,S
1855,1,3,"White, Miss. Charles",female,33.47862505195929,0,0,77897,27.969300703865684,,C
1856,0,1,"Randolph, Miss. Michael",female,36.41971202299149,0,0,A/5 354666,49.4408663625015,,S
1857,1,3,"Jacobson, Mr. Leon",male,17.058911839101768,0,0,84729,76.68860306308802,,S
1858,0,2,"Diaz, Master. Christopher",female,12.236829224595525,0,0,CA 549643,146.3188370208257,,S
1859,1,3,"Guerrero, Master. Martin",male,26.716543704746872,1,0,SC/Paris 785836,6.544199501881466,,S
1860,1,3,"Griffin, Master. Jennifer",male,57.543125555280916,3,0,W.E.P. 733618,10.637493840016358,,S
1861,1,3,"Reynolds, Miss. Adam",female,18.53053482179864,0,0,56625,41.91692507610726,,C
1862,1,1,"Sanchez, Mrs. Alexandra",male,46.434995462967336,1,0,97524,139.43050682093877,,S
1863,0,3,"Wise, Dr. Lisa",male,52.18635500263168,0,0,SOTON/O 963183,30.123471181519328,,S
1864,0,3,"Smith, Mr. Derek",female,30.63653136726471,0,0,48317,50.24878472119653,G55,S
1865,1,3,"Bell, Mr. Jennifer",male,20.482128914851685,0,1,11138,17.387563504759658,F97,C
1866,1,1,"Beck, Dr. Sydney",female,37.17947389121515,0,0,92187,83.49623772508954,,C
1867,0,1,"Johnson, Dr. Lisa",male,32.72986408939294,1,1,52147,46.476538712308866,,S
1868,0,1,"King, Miss. Renee",male,17.972544277335682,0,0,W.E.P. 937268,24.04783864318207,,C
1869,0,3,"Woods, Miss. Melinda",male,20.776760430795136,1,0,60257,39.112174475407215,E163,C
1870,1,3,"Young, Mr. Christopher",male,36.350117930034635,3,0,SOTON/O 461314,59.33238646660517,,S
1871,1,3,"Jones, Mrs. Joy",male,43.068165714359665,1,1,A/5 997188,12.008933440133008,D45,S
1872,0,2,"Vasquez, Mr. Paul",female,25.480937181584572,0,0,18926,20.88536831225046,,S
1873,0,2,"Jordan, Mr. Sarah",male,29.032130091567257,0,0,60946,14.418146965954978,,C
1874,1,3,"Marquez, Mr. Rachael",male,39.36093998715512,0,0,W.E.P. 405318,161.1435810479848,,S
1875,1,3,"Snyder, Miss. Sara",male,27.5851836215649,1,0,56356,2.1959303401820414,,Q
1876,0,3,"Gonzalez, Mr. Alexander",male,25.80942237385762,0,0,SC/Paris 756362,2.9048301509866534,,S
1877,0,3,"Fletcher, Mrs. Michael",female,19.425228523818838,1,0,12608,21.982348725302963,G31,S
1878,0,2,"Wolfe, Mrs. Teresa",female,19.182415272763564,1,0,SOTON/O 287479,38.61241962600481,B99,S
1879,0,3,"Mcdonald, Mrs. Melanie",female,67.36435861512558,0,0,A/5 656464,19.941650525121503,G99,S
1880,0,3,"White, Mr. Ashley",male,27.253176758892856,0,1,SOTON/O 878800,97.22190708940188,F185,S
1881,1,3,"Dillon, Dr. Mike",male,49.110816501171136,0,0,24352,9.279352198150056,,C
1882,1,1,"Schmitt, Mr. James",male,53.57590672526699,0,0,94620,22.677079734000582,,S
1883,1,1,"Ferguson, Dr. Thomas",female,27.42984794709577,1,0,SOTON/O 471025,33.466724200324435,,S
1884,1,1,"Cabrera, Mr. Wendy",male,35.15801731808676,0,1,SOTON/O 217254,11.292651327030832,,S
1885,0,3,"Johnson, Mrs. Richard",male,31.43469874846245,1,0,A/5 835639,17.1308766754442,,S
1886,0,1,"Santana, Dr. Danielle",male,7.429447090778524,2,0,CA 949878,147.26124842374188,,C
1887,0,2,"Dawson, Mrs. Jennifer",female,8.272377828525727,1,0,SOTON/O 496289,36.72211549920535,B47,S
1888,0,2,"Ray, Mr. John",female,30.68387853665982,0,0,STON/O 159945,101.88294775004825,,S
1889,1,3,"Reed, Miss. Daniel",female,24.051210459479652,0,0,SC/Paris 653894,15.692150636398909,E40,S
1890,1,2,"Thompson, Dr. Susan",male,56.48212473751026,0,1,STON/O 452800,47.38513505808275,,C
1891,0,3,"Smith, Mr. Connie",female,26.68797885827534,0,0,PC 604543,72.03643694654949,,S
1892,0,1,"Robertson, Mrs. Adrian",male,57.313005958953745,0,1,53608,27.373338323019226,,S
1893,1,1,"Cordova, Master. Adam",female,23.33052045410238,0,0,PC 383323,49.003237562796876,G55,S
1894,0,3,"Edwards, Miss. Jose",female,56.770805888525075,2,0,STON/O 255507,99.46888384286589,,S
1895,0,2,"Perez, Master. Rebecca",female,37.08994295726285,0,0,SOTON/O 826874,7.586808131695231,,S
1896,1,2,"Suarez, Master. Billy",female,37.88608654079676,1,0,77451,21.905233279722452,,C
1897,0,1,"Mitchell, Miss. Daniel",male,22.835304605728908,0,0,STON/O 542529,86.83622188113202,,C
1898,0,3,"Lopez, Mrs. Jennifer",male,38.07684052565165,0,0,STON/O 225743,13.12647232599752,,S
1899,0,3,"Harmon, Master. Amber",male,53.697988063137515,0,0,A/5 398973,40.60941042301493,,Q
1900,1,1,"Nelson, Master. Kimberly",male,27.972415083158076,0,0,CA 194527,28.814055018694106,C133,S
1901,0,1,"Morrison, Mr. Charles",male,25.24844458486735,1,0,SOTON/O 886148,54.665883736934184,,C
1902,0,3,"Lucas, Miss. Jack",male,26.545324455958763,0,0,SC/Paris 828621,55.13182063400286,,S
1903,1,3,"Murray, Dr. Joshua",female,52.681562470090114,0,0,99054,43.194552534363915,,S
1904,0,2,"Foster, Master. Melissa",male,41.97491689801521,1,0,CA 510495,146.66641030734536,,S
1905,1,3,"Cantrell, Mr. Joshua",female,50.26751986659566,0,1,63886,9.638372869777264,,S
1906,0,3,"Ramirez, Miss. Robert",female,34.39071794677977,1,1,51476,90.1168520631913,A150,C
1907,1,3,"Andrade, Dr. Jennifer",male,30.550470994889647,0,1,A/5 806799,33.61019979268674,D132,S
1908,0,3,"Brown, Dr. Elizabeth",male,35.935216546988855,0,0,76826,54.20768540149488,,S
1909,0,2,"Cox, Master. Tina",male,44.98221948177556,1,0,12521,15.992833709613278,F100,C
1910,0,1,"Crawford, Mrs. Jennifer",female,26.540344603769892,0,1,A/5 505225,4.969645809083462,,C
1911,0,3,"Taylor, Miss. Juan",male,49.16147790699501,0,0,CA 525399,75.18773141780923,,S
1912,1,3,"King, Mr. Wayne",male,35.121627798922276,0,0,80359,14.500942392282706,,S
1913,1,1,"Jones, Miss. Lauren",female,0.42,0,1,33911,24.738842125276374,B12,C
1914,0,3,"Wilcox, Mr. Rebecca",male,42.36890797947272,1,0,28371,2.434547418502049,,S
1915,0,3,"Wise, Master. Jesse",female,12.187729814332247,1,0,44368,52.52024524411196,,C
1916,1,3,"Mccormick, Miss. Deanna",male,42.02841864943582,2,1,85856,58.14932431982546,,S
1917,1,3,"Velasquez, Master. Rebecca",female,42.62125197533433,1,1,34031,115.96593208251345,,S
1918,0,3,"Lopez, Mrs. Lauren",female,34.61849636333692,0,1,PC 853206,110.8298291250622,,Q
1919,0,2,"Scott, Mr. Gary",female,37.61153258427371,0,0,79481,61.06200424943573,,S
1920,0,3,"Richards, Mrs. Andrew",male,45.38419102981581,0,0,SOTON/O 517721,19.439917963137486,,S
1921,1,3,"Williams, Mr. Jacqueline",male,23.061212566649814,1,0,54060,23.47028937851303,E162,C
1922,0,1,"Scott, Mrs. John",female,41.1080152358347,0,0,CA 275455,24.039215519321896,D141,C
1923,0,1,"Blevins, Miss. Andrew",male,46.28232624139851,0,0,91428,6.941972794625522,,Q
1924,0,3,"Berry, Mr. Robert",male,54.6411563655387,2,0,A/5 646837,147.14462138204073,,S
1925,1,2,"Price, Master. Ernest",female,14.519075995164155,1,0,SOTON/O 937452,85.23262926845067,,S
1926,0,3,"Smith, Mr. Melanie",male,35.71922490982875,0,0,53835,7.848468569495994,C88,S
1927,0,1,"Riggs, Dr. Jennifer",male,16.539151213139498,0,1,PC 465860,146.36985653440203,,S
1928,0,1,"Zavala, Mr. Tiffany",female,15.945091752179032,0,0,SC/Paris 239172,92.6468989554432,,Q
1929,1,3,"Fuller, Mr. Heather",male,35.026388813683724,0,0,W.E.P. 459684,125.57483147557696,,C
1930,0,1,"Raymond, Dr. Samuel",male,31.08438140714594,1,0,94475,16.81872055413424,,S
1931,0,3,"Williams, Mrs. Tina",female,46.030020699307784,0,0,W.E.P. 607716,20.441282857641074,E136,Q
1932,0,3,"Wilson, Mrs. Samuel",female,25.15352970568107,1,0,SOTON/O 933264,31.73687963962931,E82,S
1933,0,1,"Stevenson, Mr. Lisa",male,28.123279893241847,0,0,W.E.P. 827101,12.693069159469275,G18,S
1934,0,1,"Mosley, Mrs. Yolanda",female,32.961059672734585,0,0,60524,31.313936511363426,,S
1935,1,2,"Patterson, Dr. Mary",female,17.934396079889616,0,0,21968,0.46221412977989945,,S
1936,1,1,"Day, Master. Kelly",male,19.877022169776964,1,0,18841,104.997141619134,,Q
1937,0,3,"Sanchez, Mrs. Martin",male,45.62538132081575,2,0,78952,8.854406165513963,,S
1938,1,2,"Osborne, Mr. Todd",male,22.314629422064478,0,1,CA 691104,34.742213881589194,,S
1939,0,1,"Smith, Master. Morgan",female,46.5546719302956,1,0,24981,132.13173093431882,,S
1940,0,3,"Brown, Master. Joseph",female,38.50237612935612,0,0,46662,86.01359752936997,F27,S
1941,0,1,"Martinez, Master. Arthur",male,8.334565643154903,1,2,SC/Paris 865164,74.83327669281502,,C
1942,0,1,"White, Mr. Kelly",female,37.42530168572903,1,0,71502,46.49991758794858,,Q
1943,1,1,"Meyers, Master. Barbara",female,37.31471752331778,0,0,STON/O 261478,28.659302456914197,,C
1944,1,3,"Valentine, Dr. Sonia",male,35.92100051915799,1,0,STON/O 383851,29.53290256292992,F78,Q
1945,1,3,"Villarreal, Master. John",female,28.01372583063785,0,0,27495,4.5490862201528,,S
1946,0,3,"Mata, Dr. Cathy",male,16.839055624514074,1,0,50391,3.348992553458542,,C
1947,0,2,"Smith, Mr. Angela",female,48.84697872557669,0,1,PC 392002,92.7153248017281,E20,C
1948,0,2,"Watkins, Mr. John",male,28.577885757880303,0,0,53705,26.267537526049562,,S
1949,0,3,"Dunn, Mr. James",male,17.63231375530485,0,0,SC/Paris 391447,2.7764836209066504,,S
1950,0,3,"Long, Master. Aaron",female,36.40456160523212,1,1,23301,54.391670631574684,G119,S
1951,0,3,"Washington, Mrs. Joseph",male,19.6010804097344,1,1,78516,57.49039525683657,,S
1952,0,1,"Salas, Mrs. Richard",female,16.712795604008303,1,1,64124,12.902303344249924,,S
1953,0,1,"Wells, Master. Cynthia",male,24.74338342916586,1,0,87036,26.442656508167683,,S
1954,1,3,"Carter, Miss. Terry",female,20.684431299546958,0,0,56892,42.59824469932625,,S
1955,1,3,"Anderson, Miss. Phillip",male,17.22860847221596,0,1,W.E.P. 335166,45.351904180399856,,C
1956,1,3,"Mcdaniel, Dr. Teresa",male,41.28976467166463,0,0,SOTON/O 824762,35.781449929509265,C135,S
1957,1,3,"Patterson, Mrs. Shannon",female,28.40641059752641,3,0,A/5 411661,22.643283220979367,B161,S
1958,0,3,"Nicholson, Master. Andrew",female,47.53191923722249,0,1,23329,3.5651372515944932,A85,C
1959,1,3,"Perez, Mr. Tina",female,18.036867311780902,0,0,58277,1.1267823066392393,,Q
1960,1,3,"Nunez, Mrs. Craig",female,5.814145473091298,1,0,31634,30.766245711692097,A46,Q
1961,0,3,"Spears, Master. Nancy",male,32.082784889491826,0,0,CA 883894,11.341433336061533,A53,C
1962,0,3,"Schwartz, Miss. Samuel",male,55.98370490528982,0,0,A/5 316541,139.42683719737397,,S
1963,1,2,"Gordon, Miss. Donald",male,37.43381561106803,0,0,79471,51.140515078122405,,S
1964,0,1,"Beard, Miss. Lisa",male,75.01523874697966,0,0,A/5 268922,44.03509444792746,,S
1965,0,3,"Jones, Dr. Amy",female,34.64882769328724,1,0,52307,26.09027179142498,E97,Q
1966,0,3,"Smith, Master. Jeffrey",female,33.29773095803326,0,0,51093,19.988462468419836,,S
1967,0,3,"Dixon, Master. Allison",male,0.42,0,0,SOTON/O 771238,9.910838910156354,G59,S
1968,0,1,"Caldwell, Mr. Michael",female,35.9912641682394,1,0,37673,3.101381664536203,A195,S
1969,0,2,"Banks, Master. Brittney",female,32.36134864027008,0,0,W.E.P. 699193,50.32412744700453,G75,Q
1970,0,3,"Bailey, Mr. Nicole",female,24.29610322513648,1,1,W.E.P. 442102,75.52500038588927,B151,S
1971,0,1,"Barajas, Miss. Jennifer",male,28.085095861173016,0,0,49097,97.51291266847524,,C
1972,1,2,"Spears, Mrs. Brooke",male,29.046591959209493,0,0,SOTON/O 289804,64.42351835288727,,S
1973,0,2,"Fernandez, Miss. Jennifer",female,27.480991858951104,0,0,49860,113.62747648231857,,Q
1974,0,3,"Kelly, Master. Jacqueline",female,59.25600948376346,0,1,SOTON/O 454995,203.1612270234222,,S
1975,0,1,"Stevens, Mr. Anthony",female,24.807931610729874,1,1,PC 222759,163.0734692721441,,S
1976,1,3,"Graham, Miss. Sean",female,32.370392133954,2,0,A/5 595606,44.85263420626644,D23,S
1977,0,2,"Moore, Master. Kenneth",male,24.345384832593105,0,0,78378,12.693026408384057,B67,S
1978,0,3,"Anderson, Master. Breanna",male,40.96803661301433,1,0,21995,5.622357916867306,,S
1979,1,3,"Hudson, Mr. Whitney",female,32.474691799610895,1,0,35929,255.17864890274794,D99,S
1980,1,2,"Watson, Dr. Samuel",male,26.08125197561326,0,0,STON/O 230140,18.436670034282386,,Q
1981,0,1,"Ortiz, Mrs. William",male,3.036448757299439,0,1,STON/O 587060,1.728074292747579,E92,S
1982,1,1,"Mclean, Dr. Carl",male,33.4063151540425,0,0,PC 812271,24.800635305188294,F143,S
1983,0,3,"Padilla, Miss. Gina",male,25.665932169883487,0,1,STON/O 145993,68.93610223072399,,Q
1984,0,1,"Bowman, Dr. Tammy",male,29.149630803580582,0,0,55754,110.72870459914483,,C
1985,0,2,"Hayes, Mr. Philip",male,13.445588738565334,1,0,39608,32.46262485695017,,S
1986,0,3,"Miller, Mrs. Sarah",female,50.065950418082735,1,0,85181,17.409049929608365,,S
1987,1,2,"Walker, Dr. Michael",female,41.99440446181421,2,1,SC/Paris 675158,75.34501420502106,,S
1988,0,1,"Schultz, Dr. Charles",male,50.029883966968846,0,1,A/5 803899,35.035621500713,,Q
1989,0,3,"Peterson, Mrs. James",male,46.05771021093336,0,0,W.E.P. 410868,4.497854177111516,F177,C
1990,1,3,"Vang, Miss. John",female,38.29244222978446,0,0,66315,109.3512068304827,B34,S
1991,1,1,"Cole, Mr. Ashley",female,14.008044877829802,0,0,84034,53.327643394693126,,S
1992,0,1,"Pratt, Mrs. Donald",male,55.80742029700602,1,1,SOTON/O 924906,1.875339302726809,G61,S
1993,0,3,"Freeman, Miss. Dana",male,17.013107887574854,1,0,73519,0.4549000311915589,G132,Q
1994,0,1,"Edwards, Mrs. Patrick",male,26.242293262950536,0,0,59712,4.590502168451066,,S
1995,1,3,"Davis, Mr. Christopher",male,39.89663192877689,0,0,91676,86.2860576030028,,S
1996,1,1,"Campbell, Mr. James",male,40.59157102062367,0,0,SC/Paris 889069,32.82222130183881,B44,S
1997,1,3,"Reeves, Dr. Lisa",female,38.01131417722382,0,1,67053,20.421063309982536,,S
1998,0,2,"Brown, Dr. Emma",female,24.395961261392742,2,0,SC/Paris 425509,14.337019956663752,,C
1999,0,3,"Jenkins, Master. Diane",female,21.50295721702335,0,1,94314,35.34790407955096,,S
2000,0,2,"Lozano, Master. Jacob",male,65.48345596048591,0,1,52146,4.334583667828793,,S
2001,0,3,"Hernandez, Dr. Lawrence",female,29.44960486100233,0,0,SC/Paris 111370,48.00957879273816,,S
2002,0,1,"Morris, Mr. Bryan",male,27.735200615056296,0,0,SC/Paris 424712,23.944339456584604,,C
2003,1,2,"Jones, Miss. Sarah",male,20.01020912685745,1,0,CA 629944,97.75159276238027,,S
2004,0,3,"Martin, Dr. Anthony",female,33.425384886993406,0,0,94595,70.20802149414727,,S
2005,0,3,"Miller, Master. Wendy",male,32.77231920809299,0,0,CA 448458,0.9268463858721371,,S
2006,1,3,"Ramos, Mr. Elizabeth",male,29.772833078139865,1,0,63895,9.105962665699927,B88,S
2007,0,2,"Smith, Mrs. Kara",female,35.34417305503041,0,0,SC/Paris 604251,32.125984213677974,,S
2008,1,3,"Perez, Dr. John",female,54.68952503419295,0,1,A/5 560515,53.74678010898959,,S
2009,0,2,"Pacheco, Dr. Samantha",male,21.669262111927424,0,0,14474,62.78540623999183,,S
2010,0,3,"Garcia, Miss. Jamie",female,30.60317239082968,0,0,91919,84.70712387222063,,S
2011,0,3,"Franklin, Mr. Lisa",female,20.93012166429222,1,0,W.E.P. 407390,2.5235560790069433,,S
2012,0,2,"Hall, Miss. Michael",female,34.12577705155879,1,0,SOTON/O 918100,0.932807438370444,F84,S
2013,1,3,"Hurst, Mrs. Maria",male,22.041426980758132,1,0,SC/Paris 822152,45.877793254105995,G153,S
2014,0,3,"Burns, Mr. Stephen",male,22.643798119921346,2,0,32063,64.33638034152739,,S
2015,0,1,"Rios, Miss. Nicole",male,9.566672763221238,1,0,40110,77.25187373862326,,C
2016,0,3,"Vega, Mrs. Daniel",male,31.369126959475444,0,0,13370,8.463292802434095,,S
2017,0,1,"Smith, Mrs. Christopher",female,36.01677470666968,0,0,A/5 118060,173.26442761349506,,S
2018,1,3,"Williams, Dr. Brent",male,56.04666894469213,1,1,55828,13.031179748253757,,S
2019,0,1,"Romero, Mr. Stephanie",female,36.57303473665783,1,0,21571,14.406133805221161,F181,S
2020,1,1,"Miranda, Mrs. Brittany",male,23.704422273837526,0,0,95969,8.37888159848918,B125,S
2021,1,2,"Perkins, Miss. Sara",female,10.964492772394742,0,0,STON/O 411493,2.210524107452999,A43,C
2022,0,3,"Brown, Mr. Joseph",male,12.901981920683305,1,0,STON/O 167222,82.96401426006325,D122,C
2023,1,3,"Nelson, Mrs. Tiffany",male,11.861203247392389,0,0,74400,0.2829760921249134,,C
2024,0,3,"Lee, Dr. Austin",female,56.29258849629134,3,0,STON/O 676330,31.160524844810507,E29,S
2025,0,2,"Travis, Master. Denise",male,34.02934695696918,3,0,SC/Paris 226926,4.823737994740243,A139,S
2026,0,1,"Young, Master. Regina",male,21.838472930333502,1,0,PC 342337,2.2914832638444267,,C
2027,1,3,"Hendricks, Master. Jessica",male,16.561965527854298,0,1,71858,136.40519337596302,,S
2028,1,3,"Campbell, Mrs. James",male,18.014490234485095,1,0,STON/O 772342,87.26283270178963,B79,S
2029,0,2,"Trujillo, Mrs. Sandra",female,21.4698084769107,0,0,W.E.P. 911941,25.116115592700027,,C
2030,1,2,"Roberts, Miss. Megan",female,48.42757302757214,1,1,SOTON/O 183921,30.679265959137105,,S
2031,0,3,"Collins, Master. Whitney",male,29.580791741191508,0,0,CA 801499,101.29032200488753,,S
2032,0,2,"Hill, Master. Michael",male,9.735470158164713,0,0,SC/Paris 240588,79.68731363591269,D1,S
2033,0,3,"Hunter, Mr. Derek",female,62.346429846225206,0,1,99026,58.82031449985816,A171,C
2034,1,3,"Washington, Mr. Jennifer",female,14.037744048877439,2,0,55870,38.45449805090548,,C
2035,0,3,"Conner, Mrs. William",female,21.728305661065857,1,0,PC 372394,46.80202878896456,,S
2036,0,3,"King, Mrs. Sabrina",female,48.34202142687435,0,0,37268,24.990851506209776,B36,S
2037,0,1,"Mccall, Dr. Dana",male,35.81209485652693,1,0,SC/Paris 737216,37.54909373510589,,S
2038,0,3,"Myers, Master. Deborah",male,23.421078005261066,0,0,45710,38.79360195900738,,Q
2039,0,3,"Decker, Master. Christopher",male,12.760863034686313,2,0,CA 673175,100.06465816045873,E66,C
2040,0,1,"Boyd, Mrs. Angela",male,16.466338475049625,0,0,PC 541470,12.336864032523318,D83,S
2041,1,3,"Miller, Miss. Matthew",female,17.309054332929477,0,0,SC/Paris 852634,14.159384852861642,,C
2042,0,2,"Gonzalez, Mr. Timothy",male,30.098445169893694,0,0,80549,11.84549173199421,,C
2043,0,3,"Andersen, Master. Sarah",female,32.67486544193825,2,0,A/5 216168,43.27605190573795,,C
2044,0,3,"Cardenas, Miss. Robin",male,27.918835199161204,1,0,67379,59.398036780642606,D128,S
2045,1,3,"Ruiz, Mr. Alexander",female,29.45100660505939,0,0,PC 756715,13.623421510165265,B44,C
2046,1,1,"Jones, Dr. Lori",male,15.289875267279509,1,0,78562,56.49919323428429,E175,S
2047,0,2,"Garcia, Mrs. Christina",male,34.10390548713445,1,1,SOTON/O 628720,49.45532075057517,,S
2048,1,3,"Anthony, Miss. Grant",male,47.92726091571795,0,0,PC 167165,19.362464203248273,,C
2049,0,3,"Mahoney, Mr. Chelsea",female,27.72091645550604,0,0,28615,13.056476160869451,,S
2050,0,1,"Ford, Mrs. Tina",male,27.447986109987372,1,2,PC 146701,106.77137709338098,,C
2051,0,2,"Coffey, Mrs. Marissa",female,31.162014728739877,0,0,19740,42.16001480222323,,S
2052,0,2,"Rojas, Master. Brady",male,45.654868036631484,1,0,69080,60.85276911919431,F87,C
2053,0,3,"Colon, Mr. Ashley",male,17.47387800785903,0,0,93502,129.73975014683793,,S
2054,1,3,"Andersen, Mrs. Brooke",female,50.3118627002499,1,0,CA 496036,11.495667622614555,,S
2055,1,3,"Miller, Master. Patrick",male,35.897111352093326,0,0,28008,21.581800131156296,,S
2056,1,3,"Gomez, Mrs. Mike",male,30.40152973978415,0,0,CA 318586,28.497833385053006,,S
2057,0,3,"Lopez, Mr. Amy",male,46.98534371330048,0,1,W.E.P. 880397,13.256547607592486,,Q
2058,0,2,"Thomas, Mrs. Robert",female,13.451130965729618,0,0,45499,91.7606648718058,,S
2059,1,1,"Simmons, Dr. Jose",male,37.308637507425914,1,0,STON/O 973799,4.354374944861104,,S
2060,0,3,"Boyle, Dr. Betty",male,36.024333903092646,0,0,61243,13.666572307121639,,C
2061,0,3,"Hopkins, Dr. Aaron",male,16.9036290984869,0,0,90384,10.599927930481066,,S
2062,0,3,"Baker, Dr. Mary",male,36.4489337213535,0,2,61707,153.2988628752097,,S
2063,1,3,"Payne, Miss. Joshua",male,33.96627251132681,0,0,24600,49.35634033025614,E117,S
2064,0,3,"Sanders, Mrs. Danny",female,27.497666324340923,0,0,CA 947011,62.97695549950381,,C
2065,0,3,"Medina, Mrs. Charles",female,42.079445773224656,0,1,26641,5.738067187710983,,C
2066,1,2,"Juarez, Mrs. Nicholas",male,21.995440466992697,0,0,46179,10.784231729552276,,S
2067,0,2,"Barajas, Mrs. Carla",female,33.78449744180717,0,0,A/5 130065,83.00721932135781,,S
2068,0,3,"Cooper, Master. Jesse",female,28.156567045625536,0,0,15100,41.935343611177174,,Q
2069,0,3,"Hughes, Miss. Edward",female,21.394244477892656,1,0,SC/Paris 842678,2.308559878238495,,C
2070,0,2,"Walker, Mrs. Maria",male,37.0403855916628,0,0,50612,41.697506333190304,E110,S
2071,1,3,"Mcdaniel, Master. Danielle",male,27.09169953711188,0,0,W.E.P. 386014,32.25457257099365,,C
2072,0,2,"Munoz, Miss. Jill",female,9.377909578066344,0,0,63458,8.343696336110968,F30,S
2073,0,1,"Davis, Master. Paul",male,4.785074533948219,0,0,W.E.P. 950519,44.93983644470697,,S
2074,1,3,"Hayes, Dr. John",male,41.046804553164826,0,0,96582,9.546987230964962,C103,C
2075,1,2,"Ellison, Dr. Carla",female,12.911598498824372,1,1,PC 597975,83.41963092698289,,S
2076,1,3,"Edwards, Master. Patrick",male,33.911382907608484,0,0,46888,48.18082287953911,,S
2077,0,1,"Clark, Mrs. Paul",male,30.769326510794105,0,0,10409,102.51811163568287,,S
2078,0,3,"Weber, Miss. David",male,24.8405551224074,0,2,49363,27.64024972396124,,S
2079,1,1,"Bennett, Mr. Charles",female,57.39335840101476,1,0,CA 694858,35.86388871721198,,S
2080,1,3,"Clarke, Master. Edward",male,32.51543625844624,0,0,STON/O 286114,71.47772844268225,,S
2081,0,3,"Todd, Master. Carmen",female,40.57886875754892,0,0,STON/O 733506,39.51333078125956,,S
2082,0,3,"Stafford, Master. William",male,33.98742701475732,1,1,99954,42.42975686362158,,S
2083,0,1,"Gonzalez, Mrs. Doris",male,26.758448076355265,0,1,12636,40.29776665747793,F181,S
2084,1,1,"Holmes, Master. Mark",male,29.73275749669682,1,0,PC 396646,33.79636474819458,,S
2085,0,1,"Martinez, Mr. Karen",male,50.41959871924677,0,1,29440,81.91682185148821,E40,C
2086,0,2,"Taylor, Dr. Emma",male,45.23347409640601,1,1,59201,33.199970881293716,E88,C
2087,0,3,"Jones, Dr. Charles",male,57.32781004364041,1,0,SOTON/O 735716,115.52811427751249,A193,S
2088,1,3,"Campbell, Miss. Jill",female,33.102989301620376,2,0,74249,82.6738386797045,,S
2089,1,3,"Andersen, Miss. David",male,17.72288108018953,0,0,12415,58.95426361621068,,S
2090,0,3,"Yang, Dr. Donna",male,23.832762778962632,1,0,59599,114.46296710605506,,S
2091,1,2,"Guzman, Mr. Shelly",male,13.371105314819722,0,1,24941,38.51148903369178,,S
2092,1,2,"Morales, Mr. Crystal",female,40.738617804253884,0,1,STON/O 639007,86.25392484876541,,S
2093,0,1,"Heath, Mrs. Alex",male,21.797171574918526,0,1,PC 911327,13.841923203737549,,C
2094,0,3,"Price, Dr. Mary",male,0.42,1,0,PC 888452,3.788771712101622,,C
2095,0,3,"Richardson, Dr. Austin",female,64.49285977661903,0,0,72535,57.75923265227823,F108,S
2096,1,1,"Jones, Miss. Jason",male,22.011584061163585,1,1,SC/Paris 537890,17.948901138294516,A84,S
2097,0,1,"Ball, Mrs. Erica",male,21.927727043198665,1,1,W.E.P. 363483,50.338770205166114,,S
2098,1,3,"Rodriguez, Dr. Katherine",male,53.40256369724513,0,0,29763,4.027668946826,,S
2099,1,3,"Black, Miss. Jose",female,13.084479688834783,0,0,SC/Paris 633793,155.7795912580056,A2,S
2100,0,3,"Melton, Miss. John",male,45.91248241146434,0,0,25824,36.192143246283074,,S
2101,1,2,"Green, Miss. Lisa",male,21.7758057920637,0,0,93617,0.4785959930590873,E61,S
2102,0,2,"Perez, Miss. Christina",female,11.466863775643976,1,0,W.E.P. 930328,32.32051635558066,,C
2103,0,3,"Mullins, Mr. David",male,53.880048659293905,0,0,A/5 240571,77.96596409311967,,S
2104,1,3,"Rodriguez, Master. Katherine",female,42.923357258875384,1,0,89703,100.20523067724258,F42,S
2105,1,2,"Allen, Miss. Pamela",male,42.8800137832106,0,0,SOTON/O 990225,30.92624235093591,,S
2106,0,3,"Ross, Mr. Charles",male,35.147177655042846,0,0,82375,6.730112645906544,,S
2107,1,3,"Miller, Master. Darryl",male,38.38742286308752,0,2,58852,118.31350273226226,,C
2108,1,2,"Walker, Mr. David",male,12.749787653527395,2,0,W.E.P. 266603,198.61623860613494,,S
2109,0,2,"Wagner, Master. Jacqueline",female,31.562552001425246,0,0,26813,3.2639482701921936,,C
2110,1,1,"Thompson, Mr. Harold",male,16.99731799368817,0,0,97205,4.0641800558567365,,S
2111,0,1,"Gardner, Mrs. Shelby",male,10.554832733117237,2,0,72121,41.688839554026785,,S
2112,0,3,"James, Mr. Angel",female,35.75334662991244,1,0,SOTON/O 366041,38.167801928339344,,S
2113,0,2,"Smith, Mrs. Catherine",male,46.21409377923362,0,0,97382,44.416108429075564,,S
2114,1,3,"Leon, Master. Anthony",female,24.632836460807106,0,0,SC/Paris 775317,19.071265757214103,A77,S
2115,1,3,"Clark, Dr. Jennifer",female,27.031819507316413,1,0,SOTON/O 913079,2.582724466095442,D117,S
2116,0,1,"Moore, Dr. Ryan",female,14.065890968837442,1,0,STON/O 763263,43.41684864990536,,C
2117,0,3,"English, Miss. Vanessa",female,30.10104004523057,1,1,W.E.P. 172906,8.211052387302905,,C
2118,0,3,"Hebert, Master. Michael",male,40.6410655734378,0,0,60759,20.871250648087162,B89,S
2119,0,3,"Wolfe, Mr. Katherine",female,41.08138831418882,0,0,87265,43.667450554915085,,S
2120,1,3,"Mercado, Miss. Joshua",female,37.63246645883305,1,0,STON/O 120350,11.690421148384454,,S
2121,1,2,"Clark, Mr. Brandon",female,21.341963659276505,0,0,PC 951664,39.09484830218378,,S
2122,0,3,"Cruz, Dr. Jacob",male,20.898193392019877,0,0,PC 670367,62.71388604224434,E15,S
2123,1,3,"Long, Miss. Brenda",female,41.135662625373065,1,0,77706,3.4021872321403412,,C
2124,0,3,"Farmer, Master. Joseph",female,41.36798505103424,2,0,SOTON/O 144885,48.30981980256831,,S
2125,1,2,"Banks, Master. Jason",female,27.5920702039535,1,0,SC/Paris 524346,35.60980396423544,E4,S
2126,1,3,"Meyer, Miss. Christopher",male,24.0335932940804,0,0,49520,5.126192941221826,,S
2127,1,2,"Hahn, Miss. Kelly",male,46.3414593082398,0,1,70415,61.267536317269666,E181,S
2128,0,3,"Evans, Mr. Holly",female,24.960718692614545,0,1,A/5 108721,18.617698520468814,,S
2129,1,3,"Thomas, Mr. Emma",male,40.44305114333294,2,0,26583,10.062797893376505,D5,S
2130,0,3,"Cobb, Master. Brenda",male,28.08419555198662,0,0,CA 394735,16.596007301390944,,S
2131,0,3,"Frazier, Master. Emily",female,15.334541065481998,0,0,CA 403492,39.5049653724729,B46,C
2132,0,2,"Lopez, Miss. Kenneth",male,52.57236996033184,1,1,94125,43.38172736650488,C145,S
2133,0,2,"Young, Mrs. Joel",male,31.680894540240665,1,0,W.E.P. 845070,9.295489626830463,C147,Q
2134,0,1,"Wilson, Miss. Marcus",male,20.049584281566833,0,0,90487,137.94353015117676,,Q
2135,1,1,"Miranda, Miss. Brittany",male,10.528720651147143,0,1,72184,19.945105137971183,A32,S
2136,1,2,"Gonzalez, Dr. Natasha",male,11.939988824684331,0,1,52073,15.618595192214817,,S
2137,0,3,"Hawkins, Miss. Kari",male,24.779240342675585,1,1,SOTON/O 607786,10.334164084409323,,S
2138,1,3,"Crawford, Dr. Pamela",male,56.951804369470295,2,0,SOTON/O 160881,6.421631131196811,,S
2139,0,1,"Garcia, Mr. Lisa",female,21.8147336985606,2,0,W.E.P. 539768,201.0972388507411,,S
2140,1,3,"Sanders, Mrs. Katherine",female,50.264367652846865,0,0,STON/O 586249,56.154054346049875,,S
2141,1,3,"Stephens, Miss. Janice",male,28.169308639556824,1,0,A/5 393120,77.33037018287312,F142,S
2142,0,3,"Adams, Mr. Larry",male,13.463894524576446,1,0,84942,25.665350972275654,A42,C
2143,1,3,"Rosario, Miss. George",male,23.375043361694456,1,1,SOTON/O 248003,26.773924640257047,,S
2144,0,1,"Hanna, Miss. Destiny",female,12.066169067675798,0,0,CA 642256,216.72556270042836,E196,Q
2145,0,3,"Gaines, Mr. Shannon",female,18.01644167250604,1,0,W.E.P. 411546,11.200336814475323,D41,S
2146,1,3,"Perez, Miss. Michele",male,17.599527133737155,0,0,10300,19.795480215992807,B22,S
2147,0,1,"Rice, Mrs. Marie",male,3.34674585526227,0,0,46301,10.855684627036394,,C
2148,0,1,"Rodriguez, Miss. Mario",male,51.179144963406166,0,1,33872,16.607759773266835,B36,S
2149,0,1,"Massey, Dr. Mary",female,32.954238423111946,0,0,84265,54.46888159407589,,C
2150,1,2,"Davidson, Mr. Erin",male,20.392102321346574,0,0,56085,18.474757417180943,B191,S
2151,0,2,"Day, Dr. Andres",male,33.104608450067445,0,0,84403,104.1817352417354,E142,S
2152,0,3,"Valentine, Mrs. Shirley",female,18.303274489011137,0,0,76742,2.4936913556961087,,S
2153,1,1,"Meyer, Miss. Phillip",female,0.42,1,0,71159,21.903640288696582,,Q
2154,1,3,"Martinez, Mr. Stephanie",male,71.3936828651717,0,0,SOTON/O 678498,98.55878504829533,,C
2155,0,3,"Wiggins, Mr. Christian",female,32.65439827347883,2,0,29013,48.56089591921657,,S
2156,0,2,"Clements, Dr. Richard",male,21.753817449593292,0,1,PC 148612,73.69304470926643,,S
2157,0,1,"Beck, Mrs. Juan",female,2.925192636515934,1,0,19891,19.551932987774023,,S
2158,0,1,"Jordan, Dr. Brandon",male,9.08190286800416,1,0,W.E.P. 795582,23.046631625514586,,S
2159,0,2,"Perez, Master. Luis",male,53.162887013768675,2,0,W.E.P. 236865,109.5650874852583,F80,Q
2160,1,1,"Mays, Mrs. James",female,51.02713968317853,0,0,76099,69.23042699306757,,Q
2161,1,2,"Ball, Miss. Ethan",male,40.54501050398527,0,0,17573,24.24657361777383,,S
2162,1,3,"Miller, Master. Jessica",male,14.388921462262605,0,0,SC/Paris 326213,12.126401458538503,,Q
2163,0,3,"Smith, Dr. Pamela",male,51.13963583167815,0,0,SOTON/O 536642,5.618696011093428,,S
2164,1,1,"Cook, Dr. Taylor",male,36.29695665122094,0,0,SC/Paris 431269,98.96278983295727,,S
2165,0,2,"Moore, Mrs. Sarah",male,39.168942276921484,0,0,68784,59.80819440571923,B154,Q
2166,1,3,"Campbell, Mrs. Paul",female,36.24639322220545,1,0,71988,46.74082947702406,,C
2167,1,3,"Brown, Dr. Nicole",male,8.902179415234546,1,0,87342,74.9368468398798,,S
2168,0,3,"Walker, Mr. Victor",male,13.225746689543573,4,0,69221,123.24898134401433,,S
2169,1,3,"Krause, Miss. Jade",male,22.856945670282933,0,1,STON/O 901555,71.68801467613692,C97,S
2170,0,2,"Carlson, Mrs. Steven",male,39.01095590546358,0,1,A/5 638611,27.29323064870599,,C
2171,1,2,"Mckenzie, Mr. Christopher",male,10.673950848595954,0,0,CA 573571,9.707778207645635,,S
2172,0,3,"Martin, Dr. Jean",male,27.54515019078133,0,1,SC/Paris 772702,62.55744489863099,,C
2173,0,1,"Hutchinson, Dr. Evelyn",male,27.52746685771729,1,0,12108,14.16600287864246,,S
2174,1,3,"Castaneda, Mr. Jeremy",male,41.098355650586086,0,0,SC/Paris 392061,76.30389027081358,,S
2175,0,3,"Collins, Dr. Rachel",female,39.44540149850727,0,0,SOTON/O 487127,20.679697375905853,,C
2176,1,3,"Johnson, Miss. Stephanie",female,15.85683699327014,1,1,85709,8.525890780022792,A6,C
2177,0,1,"Espinoza, Mr. Steven",male,50.25360637282222,1,0,53907,14.69487103198536,,S
2178,1,3,"Jones, Miss. Miguel",male,13.71464239749594,1,1,97296,15.505807088935786,,C
2179,1,3,"Ho, Mrs. Dennis",female,45.291352186610496,0,0,W.E.P. 905771,23.80520896990039,,S
2180,0,1,"Cook, Master. Ryan",male,22.297971423122426,1,1,CA 450182,14.872508862920276,,S
2181,0,2,"Rogers, Miss. Joseph",female,32.294963348067206,0,0,PC 468973,12.780593097988172,E58,S
2182,0,3,"Daniels, Master. David",male,33.16382444146027,0,0,SOTON/O 394374,24.858373512329713,,S
2183,0,3,"Tucker, Dr. Nicholas",male,32.767904169923135,2,0,43515,101.28564034564877,A2,S
2184,0,2,"Delgado, Miss. Jade",female,39.442988778083986,0,0,39757,3.653048548670526,B20,S
2185,1,1,"Nielsen, Miss. Abigail",female,35.480432971069455,0,0,CA 783488,17.565914699972684,,Q
2186,1,3,"Camacho, Dr. Steve",male,40.971087818187534,0,0,51407,41.31203765616606,,S
2187,1,3,"Williams, Miss. William",male,36.5046794448319,0,0,A/5 529373,103.76462520939818,A25,Q
2188,1,3,"Butler, Dr. Michelle",male,12.297626375038188,0,0,15503,16.712961755087,,C
2189,1,3,"Monroe, Mrs. Shawna",female,33.77718704381183,1,0,STON/O 437146,21.442502536757306,,S
2190,1,2,"James, Mr. Bobby",female,22.105821364925333,0,0,A/5 294185,79.96217817451695,,S
2191,0,3,"Day, Miss. Jay",male,14.470325309298032,0,0,99926,23.301988580122167,G47,C
2192,1,1,"Reyes, Mrs. James",male,25.942241502517803,0,0,30548,95.37663313936521,,S
2193,1,3,"Smith, Mr. Donald",male,32.56529838649127,1,0,PC 993465,30.373334459185518,,C
2194,0,3,"Ponce, Miss. Betty",male,33.49545039182898,0,0,CA 321829,42.09356576654179,,S
2195,0,2,"Hampton, Mrs. Philip",male,44.784346431963755,0,0,STON/O 635530,41.149237764636,,C
2196,0,2,"Davis, Miss. Joshua",female,48.30232766560208,0,0,24524,6.352262028769721,,C
2197,0,3,"Perry, Mr. Jasmin",male,34.707931630602985,0,0,86834,21.920793758971726,,C
2198,1,1,"Dudley, Miss. Katherine",male,37.23948927813173,1,1,A/5 565954,13.826255028060261,,S
2199,0,2,"Robbins, Dr. Regina",male,31.334326464459174,0,2,32002,57.4460257004025,D53,S
2200,0,3,"Smith, Mrs. Mason",male,40.74115649109419,1,0,A/5 231016,135.63819229732619,,S
2201,1,2,"Nelson, Miss. Lindsey",male,36.8178339437189,0,1,A/5 440980,11.939494359891063,,S
2202,0,3,"Larson, Dr. Chase",male,29.237166685990744,2,0,STON/O 561025,4.784847416203844,B95,C
2203,0,1,"Johnson, Mr. Holly",male,60.127755938060204,1,0,W.E.P. 912512,35.32081414793686,D153,C
2204,0,3,"Allen, Mr. Matthew",female,22.353432911814537,0,0,W.E.P. 883406,24.78345522183007,,C
2205,1,1,"Nichols, Dr. Dawn",female,50.36239739391672,0,0,SC/Paris 923537,1.8185600351009485,A22,S
2206,1,1,"Benson, Mr. Anthony",male,11.03989903142288,1,0,30568,127.31037117048507,A198,C
2207,0,3,"Long, Dr. Andrew",male,41.39063151032037,0,0,41060,140.7962508089728,F63,C
2208,1,3,"Coleman, Mr. Caitlin",male,50.11195692417573,0,0,A/5 458391,94.99381172217375,,S
2209,0,2,"Cooke, Master. Leah",male,3.298933005889122,0,0,68764,16.461300340903986,,C
2210,1,1,"Pace, Master. Daniel",male,31.945308022771318,0,0,29501,6.529810691294803,F62,C
2211,1,3,"Marshall, Miss. Chad",male,40.01579657741661,1,0,A/5 166889,44.8850329273957,,Q
2212,1,3,"Glover, Mr. Samantha",male,33.52749045779293,0,0,PC 598305,16.53042448151907,,S
2213,0,3,"Hawkins, Master. Austin",male,35.294183098497484,0,0,42152,11.264657970272756,,C
2214,1,3,"Lewis, Dr. Sarah",female,31.90712427327329,2,0,W.E.P. 256825,51.26411012614537,A74,S
2215,1,3,"Taylor, Mr. Megan",female,14.680530430937711,0,0,95564,69.39045185473216,B16,S
2216,0,2,"Todd, Mrs. Amy",female,63.152638290176185,0,0,STON/O 140512,37.46287790648044,A153,S
2217,1,3,"Pratt, Dr. Haley",male,22.95046991357881,1,1,19365,19.282690657174363,F67,S
2218,0,3,"Mclean, Master. April",female,36.07825734290467,0,0,PC 784990,35.925399983506004,,Q
2219,1,1,"Garrett, Master. Eric",female,20.94424452080402,0,0,45254,45.78154414623712,,S
2220,0,2,"Mckee, Master. Denise",female,0.42,0,1,STON/O 141787,2.6641496892481857,,S
2221,1,1,"Gonzales, Miss. Brianna",male,17.056819767514437,0,0,73074,29.33260096248105,F94,S
2222,0,1,"Garner, Miss. Bryce",female,9.733506308148066,0,1,12478,45.606304238682796,,S
2223,0,1,"Cooper, Mrs. Diana",male,45.281945549142854,0,0,SC/Paris 638645,6.933513439957714,G101,S
2224,0,3,"Tucker, Mrs. Kenneth",male,21.50384777537763,0,1,SOTON/O 139946,29.786167547295477,C97,S
2225,0,3,"Gonzalez, Dr. Melinda",male,22.80272125148052,0,1,21007,21.28812705904977,,S
2226,0,3,"Cook, Mrs. Michael",female,15.099370023547692,0,0,81530,101.20407637226683,C125,S
2227,0,2,"Miller, Dr. Holly",female,31.316495582011434,1,0,SOTON/O 989456,33.60706894382622,D41,C
2228,0,1,"Baker, Mr. Jaclyn",male,19.96958077094207,0,0,44121,27.78030975527434,B190,S
2229,0,3,"Jackson, Miss. Natasha",male,43.89296623745504,2,0,41637,13.977863204690099,,Q
2230,0,2,"Brown, Master. Kelly",male,34.22855052324825,0,0,24872,157.87836876810175,D56,S
2231,1,3,"Huang, Dr. Joy",male,21.994438999857728,1,0,PC 965185,162.4164588009711,,S
2232,0,3,"Smith, Mrs. Steven",male,41.90326272571827,2,2,SOTON/O 468777,22.844885703828595,,S
2233,1,1,"Lynch, Mr. Christopher",male,30.111167322325333,0,0,W.E.P. 345042,132.28210066738782,A128,S
2234,1,1,"Rodriguez, Mrs. Nicole",female,30.300956679659315,0,0,75856,48.195457571260015,,S
2235,1,3,"Smith, Master. Amy",male,9.52311134775304,2,0,W.E.P. 222306,75.94494178027445,,S
2236,0,3,"Stanley, Mr. Larry",male,29.004794141005608,0,0,99652,4.7071000980366495,E31,S
2237,1,3,"Boyd, Mrs. Randy",female,34.501624950451976,2,1,31768,1.077011575350143,,S
2238,0,3,"Perez, Dr. Suzanne",female,48.66993551077683,0,0,56478,36.085319322620954,G186,S
2239,0,2,"Murphy, Mrs. Jacob",female,19.473489181353482,0,0,CA 348508,3.9471916335433366,,C
2240,0,3,"Rivera, Miss. Morgan",male,61.89352072739716,0,0,94032,111.14257751146219,,S
2241,1,1,"Pace, Miss. Vanessa",female,37.79615643560581,1,0,SC/Paris 286568,85.78228724907594,,S
2242,0,1,"House, Mr. William",male,8.728233735526697,1,1,65769,62.73406396976395,E77,S
2243,0,3,"Roach, Miss. Brooke",female,18.16722640280221,0,0,69721,1.5949973125861001,,S
2244,1,3,"Acosta, Mrs. Kimberly",female,49.89398829903546,1,0,78849,30.655331916712754,,S
2245,1,1,"Hanson, Master. Amanda",female,47.405208001473525,0,0,A/5 906653,4.065434711918203,D4,S
2246,0,1,"Charles, Miss. Maria",male,30.253308741847036,0,0,83443,132.00260365620264,D124,S
2247,0,1,"Flores, Dr. Christine",male,32.09884784280993,1,0,SC/Paris 705966,47.417273559952214,,S
2248,1,1,"Barrett, Mrs. Jonathan",female,13.695456167836404,1,0,24875,8.511681929960313,G161,S
2249,0,1,"Silva, Miss. Rodney",female,48.500198363294786,0,0,SOTON/O 260587,41.11830101706296,E73,Q
2250,0,3,"Ramos, Mr. Shawn",male,16.171260785157457,2,1,88649,6.308380014298845,,S
2251,0,3,"Burke, Master. James",female,41.82637555572784,1,1,63433,7.872282283392973,C133,S
2252,1,3,"Pope, Master. Antonio",male,48.92859316131193,0,0,W.E.P. 573045,4.221059197352138,,S
2253,1,3,"Perez, Master. Courtney",male,30.674177759073125,1,1,59257,102.68064832283765,,C
2254,1,3,"Yates, Master. Jennifer",female,43.54655912571078,1,0,W.E.P. 458448,39.447731794821195,D141,S
2255,1,3,"Singh, Dr. Christina",male,55.86695591235972,0,1,30843,19.867706241982134,,S
2256,0,3,"Larson, Miss. Troy",male,33.751563188950335,0,0,SC/Paris 608627,0.0339029872349683,,S
2257,0,2,"Morris, Master. Blake",female,27.54577456995275,0,0,PC 497610,31.93531497985188,,Q
2258,0,3,"Smith, Dr. Duane",male,29.064059994278768,0,1,92250,35.9512904882619,,S
2259,0,3,"Turner, Dr. Kimberly",male,19.59816936259076,0,1,W.E.P. 739188,20.51631021254497,C190,S
2260,0,3,"Rice, Master. Jonathan",female,19.281826901683772,0,0,SC/Paris 674802,33.11390642083046,,C
2261,1,3,"Harris, Master. Alicia",female,36.19369469355984,1,0,W.E.P. 404535,5.308198199432746,,Q
2262,0,2,"Becker, Dr. Gregory",male,27.704702489910016,1,1,14955,127.59182670417772,,S
2263,1,3,"Richardson, Dr. Scott",male,34.58596847591772,0,0,66768,14.943256481259844,,S
2264,0,1,"Baker, Mr. Kimberly",male,9.140893902064,0,2,58478,148.30684464816403,,S
2265,0,3,"Martinez, Dr. Jessica",female,28.70333644738004,0,0,37037,33.95026365621557,,S
2266,1,2,"Gaines, Mr. Amy",male,44.421649901266484,2,0,75957,97.14945656873442,,S
2267,0,1,"Neal, Mrs. Jessica",female,14.335060122335745,0,0,STON/O 439125,43.04341610274222,,S
2268,1,2,"Howard, Mrs. Katelyn",female,30.231369797883715,0,1,A/5 929243,93.02838719376133,C103,S
2269,0,3,"Williamson, Mr. Kevin",male,4.0354696474222465,2,0,96746,0.5095033766456442,,Q
2270,0,1,"Maxwell, Mrs. Michael",male,11.723531688175566,0,0,58628,10.31891364550852,,S
2271,0,3,"Lynch, Dr. Chad",female,41.30725242749269,0,0,28561,21.840425389681386,,S
2272,0,1,"Brown, Dr. Cheryl",male,25.670019893618708,3,1,65109,17.558352928707844,,S
2273,0,3,"Finley, Master. Nicholas",male,55.50902011753959,1,0,CA 305577,146.61951099713252,,S
2274,1,3,"Campbell, Miss. Allison",female,36.05420354594038,1,0,21794,25.09912827737391,,S
2275,1,2,"Carr, Master. Shane",female,37.428339308450546,1,0,74560,178.9793436264713,,S
2276,0,2,"Martinez, Master. Maxwell",male,14.92925130147141,0,1,SOTON/O 853740,52.636305230549674,C2,S
2277,1,3,"Freeman, Miss. Rachel",male,24.60852472417766,2,0,86178,90.25776148448126,A20,S
2278,0,3,"Fernandez, Mr. John",female,19.743093451333426,1,0,A/5 972680,25.031829828855273,,S
2279,1,3,"Wright, Dr. Daniel",female,15.0838156462918,0,0,PC 947473,10.540764586362773,E27,S
2280,0,2,"Miller, Miss. Dustin",male,39.294503765345894,0,2,CA 761172,2.588757301974452,,S
2281,0,3,"Chavez, Dr. Tricia",male,42.103222120761515,2,0,75788,53.4145974228625,D104,S
2282,0,3,"Freeman, Mr. David",male,35.58512071834428,0,1,PC 857217,178.4208667227532,,S
2283,0,1,"Chavez, Mrs. Tyler",female,18.40705929483618,2,1,SC/Paris 669726,6.292737332792751,,C
2284,0,2,"Olson, Master. Patrick",male,34.630220491364476,0,1,SC/Paris 569007,73.86661191722149,,S
2285,0,2,"Rich, Master. Gabriella",female,3.2225023794808116,1,0,56728,22.676011757812024,G164,Q
2286,0,3,"Hobbs, Dr. John",female,48.522129761912566,0,0,PC 294624,251.5135179566331,B159,C
2287,1,3,"Cruz, Miss. Christine",female,11.825897541075886,0,0,10240,102.02498854718162,,S
2288,0,2,"Wilson, Mrs. Stacy",female,14.313574245861512,0,0,69064,13.118070138539927,G9,S
2289,0,1,"Bailey, Dr. Lindsay",female,31.614091773982697,0,0,42411,72.5697098707396,A4,S
2290,0,1,"Clark, Master. Colton",male,32.85823384338864,0,0,27869,66.25617452791782,,S
2291,0,2,"Santos, Dr. Adam",male,28.981519621675016,0,0,93777,72.07210170278333,,S
2292,0,2,"Adams, Dr. Kimberly",female,14.458208826247848,1,0,40139,4.322737549005324,C125,S
2293,0,3,"Brown, Master. Susan",male,45.86687191044609,0,0,16909,82.88322379827548,,S
2294,0,3,"Johnson, Mrs. Thomas",male,6.396711185030494,0,0,CA 930603,15.152143597023507,F168,S
2295,0,2,"Zhang, Dr. Thomas",male,9.23423413372177,0,1,A/5 171376,44.63147748224404,,C
2296,0,3,"Vega, Miss. Shelia",male,28.50224119263726,0,0,88518,6.131153094617519,D176,C
2297,0,3,"Anderson, Miss. William",female,12.300724254178572,1,0,STON/O 567698,40.83637828067607,,S
2298,0,3,"Reid, Mr. Sheri",female,47.116753867862954,0,0,SOTON/O 355447,118.44578708567104,,S
2299,0,1,"Banks, Mr. Michele",male,13.50499510421919,1,0,98468,9.750599110477113,B57,C
2300,0,2,"Wiley, Mr. George",female,51.79838013094437,0,0,PC 257209,96.56559034515477,,S
2301,1,3,"Nichols, Miss. Thomas",male,44.49171032080203,3,0,98380,28.585910563062495,,S
2302,0,3,"Bennett, Mrs. Miguel",female,47.290780297106174,2,0,W.E.P. 304837,19.454804970822394,,S
2303,0,2,"Harmon, Dr. Joseph",male,56.41948376134543,1,0,SC/Paris 252010,2.939644967773765,,S
2304,0,3,"Hall, Miss. Roberto",female,31.13719093734072,0,0,SC/Paris 706493,37.59290530993608,,C
2305,1,3,"White, Mr. Ricky",male,15.818355658520593,0,1,28085,11.153315856898196,A165,S
2306,0,2,"Bennett, Mr. Kristina",male,28.557889739239016,0,0,PC 601826,140.75423033244232,C78,S
2307,0,3,"Solis, Dr. Jeremy",female,22.06668152427452,0,0,W.E.P. 595281,13.59977320275248,,S
2308,0,3,"Brown, Mr. Jeffery",male,20.071322184807887,0,1,40270,44.18943512900669,,S
2309,0,1,"Brown, Master. Angel",female,32.111948115295654,0,0,SOTON/O 941974,40.88305898446147,,S
2310,0,3,"Martin, Mrs. Autumn",female,25.63614100109155,0,1,SC/Paris 175358,20.53560646091128,,S
2311,0,3,"Sullivan, Master. Robert",male,19.46906441956205,0,0,SOTON/O 928543,95.54890024757552,,S
2312,1,3,"Salas, Miss. Alexis",male,26.564366503778384,1,1,CA 793572,10.120751170355712,,Q
2313,0,2,"Gray, Dr. William",male,37.68569849885187,1,0,W.E.P. 886658,84.92955790576896,F10,C
2314,1,2,"Cannon, Mrs. Robert",male,43.38984089229774,1,0,CA 223666,11.626815376155058,,C
2315,1,3,"Burton, Mrs. Jaime",female,7.559065215326147,1,1,A/5 974791,1.9941750073490032,,C
2316,0,1,"Erickson, Master. Stephen",male,25.75518479140041,0,1,28661,143.9877430310944,,Q
2317,0,2,"Hanna, Mr. Steven",female,28.021195123354136,0,0,71049,50.708742177866725,,Q
2318,0,1,"Smith, Miss. Donna",male,13.444719688813151,0,0,95519,49.7773734842161,,S
2319,0,1,"Coleman, Mr. Kelli",female,28.324119737430216,0,0,PC 751622,15.397319073213112,,C
2320,0,3,"Collier, Mrs. Jason",male,32.071938533560385,1,0,PC 490765,7.492928376146338,A62,S
2321,1,2,"Torres, Mr. Barbara",male,37.26368363393387,0,1,SC/Paris 429487,61.21910048893832,F38,C
2322,1,3,"Gutierrez, Miss. Katie",female,31.080212358843383,1,0,SC/Paris 761332,36.56729060302803,E93,Q
2323,0,1,"Delgado, Mrs. Richard",male,17.66670826003422,0,2,44648,19.129623488356152,E56,C
2324,0,3,"Mora, Mr. Ruben",male,58.168420386005856,0,0,10259,19.04747431564374,,S
2325,1,1,"Mueller, Dr. John",male,41.60777480270237,0,0,54439,110.02710772323488,,S
2326,1,3,"Anderson, Mr. Larry",male,37.738076425098136,1,1,SOTON/O 594079,110.21303121841095,E70,S
2327,1,3,"Torres, Dr. Christopher",male,44.067637598153105,0,0,STON/O 668811,16.053457539890978,,S
2328,0,1,"Hall, Master. Tracy",male,33.42452840534668,2,1,96669,79.03097754674737,D194,S
2329,1,3,"Horn, Miss. Alicia",male,48.00821239730737,1,1,SC/Paris 911754,12.853217485311852,,S
2330,0,1,"Parker, Dr. Jessica",female,30.7962073040007,0,1,45652,82.50214736761285,,S
2331,0,3,"Rodriguez, Miss. Elizabeth",female,30.024464443838575,1,1,SC/Paris 471058,6.749968397367708,G21,S
2332,0,3,"Rogers, Master. Joy",male,38.893198703076855,1,2,STON/O 823413,70.97291583552241,,Q
2333,0,3,"Sutton, Mr. Caroline",male,52.06900564807293,1,0,W.E.P. 514528,40.56093491959699,,S
2334,1,3,"Kirk, Mr. Haley",female,51.1686806140503,2,1,52393,6.256601454410326,,S
2335,0,2,"Benitez, Dr. Samuel",female,38.29986637563994,0,0,38424,47.823535819021686,,S
2336,0,1,"Shaffer, Master. Desiree",female,37.2325660200752,1,1,66369,10.684949025008567,,S
2337,0,1,"Barber, Mr. Denise",female,39.744593755350806,0,1,STON/O 353639,10.791005242544337,,S
2338,0,3,"Jacobs, Mrs. Dennis",male,43.798692786712365,0,0,SC/Paris 286369,29.651325172744023,,S
2339,0,3,"Daniel, Master. Michael",female,48.18224715178539,0,0,21940,166.6057352687398,,S
2340,0,1,"Roy, Mrs. Rebecca",female,26.687822823946103,0,0,83717,111.38821835387469,D168,S
2341,1,3,"Hickman, Mrs. Stephanie",male,48.452858057723475,0,1,W.E.P. 941948,87.57371984402153,B84,S
2342,0,2,"Ashley, Master. Jason",male,34.80193159699829,0,0,80399,95.23683664388976,,S
2343,0,2,"Mack, Mr. Henry",male,39.113042714999295,0,1,21155,34.386962850297046,,S
2344,0,3,"Gibson, Master. Julie",female,49.347290501475925,0,0,60797,23.477972744556265,G38,C
2345,1,3,"Shaw, Mr. Richard",male,40.4588715012695,0,0,STON/O 737308,107.70267720997919,,S
2346,1,3,"Davis, Miss. Isaac",male,42.82393788413977,2,0,31891,4.216487017737479,,Q
2347,1,1,"Brown, Mrs. James",male,24.548140534046105,0,1,A/5 901458,277.273368726581,,S
2348,0,3,"Barrera, Dr. Scott",male,50.97636161249552,0,0,44575,40.25709266115566,G56,S
2349,0,1,"Jones, Master. Kelly",male,39.73961395506575,0,0,83746,38.87659380952571,,C
2350,0,1,"Pierce, Dr. Martin",female,31.764920049766967,1,1,CA 829154,17.261813140890865,,C
2351,1,3,"Padilla, Miss. Michael",male,45.415041416503435,0,0,W.E.P. 325475,9.33820578765126,,S
2352,1,3,"Lee, Miss. Kelly",female,66.22962696864698,0,0,STON/O 360955,57.01761447921356,,S
2353,0,2,"Carlson, Mrs. Sherry",female,13.635056974492912,0,0,27538,22.448273447806844,C131,C
2354,1,2,"Smith, Dr. Scott",female,18.74774327907405,0,1,65012,18.008678235640495,E12,S
2355,1,3,"Wells, Miss. Jennifer",female,67.59427432370238,2,0,SC/Paris 944444,8.857289194655566,A41,C
2356,0,1,"Mcgee, Mrs. David",male,35.973727792261236,0,0,29247,38.299807538812914,,S
2357,1,3,"Garcia, Master. Anita",male,32.67217550084195,0,0,16468,44.37353925048521,F182,S
2358,0,3,"Morrow, Master. Michael",male,28.384599616729687,1,0,CA 858283,29.265490486958406,A101,S
2359,0,1,"Glenn, Dr. Breanna",female,46.91810401360016,1,0,59333,0.605353985446575,,S
2360,0,3,"Smith, Mrs. Maureen",male,66.55746232334403,0,0,84611,33.83154158387717,,S
2361,0,3,"Thompson, Mrs. Joshua",male,20.68736042973316,0,2,CA 784190,15.870223508083045,,C
2362,0,2,"Lawrence, Mrs. Debra",female,28.643725819349324,0,0,SC/Paris 888154,7.462259888241228,,S
2363,0,3,"Wong, Mr. William",female,25.08982020004988,1,1,93997,43.086649833938154,,S
2364,0,1,"Lopez, Miss. Rhonda",female,40.26010967546989,1,0,PC 999141,55.62050438880309,,S
2365,0,3,"Martinez, Mrs. Daniel",female,47.11350812710805,0,0,SOTON/O 612052,36.570393841608926,,C
2366,0,1,"Black, Mr. Erica",male,52.69305899466363,0,0,SC/Paris 224447,47.634052083811426,,S
2367,0,3,"Thomas, Mr. Lindsay",male,40.734055956683925,0,0,25408,46.640885475150796,,S
2368,0,2,"Miller, Master. Aaron",male,65.27065907741064,1,1,26708,6.6331695819570085,,C
2369,0,2,"Dorsey, Miss. Brittany",female,21.953458235096218,0,0,STON/O 191448,12.155140135238176,B153,C
2370,1,3,"Montes, Master. Darryl",male,18.316432265942144,0,0,CA 457466,0.47655546213075417,,S
2371,1,1,"Black, Miss. Andrew",male,50.57082010642693,0,0,47249,200.6006626512147,D71,S
2372,1,2,"Henry, Master. Bryce",female,31.719652474348713,2,0,44032,11.863766646823631,A193,S
2373,1,2,"Bowman, Mr. Randall",male,10.736835472186065,2,0,73921,84.2901493235757,B96,S
2374,0,2,"Carter, Mrs. James",female,25.57511839707571,0,0,STON/O 734671,75.98778413201384,,C
2375,1,3,"Mcdonald, Mrs. Nicholas",female,33.579221157361836,0,1,93975,61.04094771672728,,S
2376,0,3,"Kelly, Miss. Malik",female,20.952524669297027,0,1,81798,29.868961869917094,,C
2377,0,1,"Avery, Mrs. Robert",male,15.794750380675758,0,0,79179,43.837401548844774,,S
2378,1,3,"Stevens, Master. Angela",male,27.093192088637736,0,0,74523,10.310346092046448,F48,S
2379,0,3,"Guzman, Master. Ashley",female,15.096532114936041,0,0,SOTON/O 322299,5.608153678741128,,S
2380,1,3,"Atkins, Dr. Richard",female,38.89183454572325,1,0,A/5 616860,21.674829130798145,D24,C
2381,1,2,"Williams, Dr. Kenneth",male,2.7867321435001493,2,2,59071,87.31600826135447,F25,C
2382,1,3,"Mcguire, Mrs. Denise",male,31.265948991515913,0,1,14033,41.50866398001344,,S
2383,1,3,"Mclaughlin, Miss. Anthony",male,37.27313843351624,0,0,77661,72.1669384082945,,C
2384,0,3,"Miller, Mr. Savannah",female,28.73242264352273,0,0,46849,110.51156491745056,C136,S
2385,0,3,"Yoder, Master. April",male,45.30512055899222,2,0,STON/O 599115,41.110034733987014,,S
2386,0,1,"Moore, Dr. Ronnie",male,10.812142721142102,0,0,58531,22.886470184991534,,S
2387,0,3,"Bowen, Miss. Justin",female,20.184746980734396,1,0,95654,96.78542402652064,,S
2388,0,3,"Peterson, Mr. Jessica",male,25.379514952487547,1,0,SOTON/O 336850,13.044237317713424,E8,C
2389,1,3,"Sanchez, Mr. Richard",female,39.97814397173029,0,0,PC 775176,1.2538588539503883,C61,Q
2390,1,2,"Garcia, Miss. Tina",male,33.05910620464569,1,0,13153,2.6001208725415026,F64,S
2391,0,3,"Carlson, Mr. Jaclyn",male,60.007123758393845,1,0,W.E.P. 830263,43.64209985089314,A192,S
2392,0,3,"Benitez, Dr. Thomas",male,18.718997442365495,1,0,26203,111.43762187969462,,S
2393,0,3,"Long, Mrs. Brian",male,10.470155419870881,0,0,81053,41.5374249903115,A67,C
2394,0,3,"Reed, Master. Kara",male,55.047245761062854,0,0,57286,26.313378642611383,,S
2395,1,3,"Davis, Dr. Ricardo",male,9.967979824946639,1,0,78359,43.02726376631048,,S
2396,0,2,"Flores, Dr. Laura",male,39.56287795958663,0,0,13685,55.60055077649898,,S
2397,0,3,"George, Master. Matthew",female,16.298619411692428,1,0,A/5 609148,71.04413170386135,E190,S
2398,0,1,"Odom, Mrs. Kathryn",male,1.029543088132396,2,1,11002,21.332102091351473,B27,S
2399,1,3,"Luna, Mrs. Nicholas",female,24.75302688661475,1,0,W.E.P. 815628,24.46082649063392,,S
2400,1,1,"Mcintyre, Mr. Charles",male,42.59299947468024,1,0,15429,1.1961819938597504,,S
2401,0,3,"Eaton, Mr. Natalie",male,12.895204761376966,0,0,83642,52.4379575275067,A189,S
2402,0,3,"Williams, Mr. Richard",male,38.065326194027634,2,1,27445,74.96908040310977,,S
2403,0,2,"Chen, Dr. Brandon",male,40.68008985661032,0,0,SOTON/O 887012,35.75995556305834,,S
2404,0,2,"Ross, Mr. Jonathon",male,12.196338018729744,0,0,67042,23.624361155607033,,S
2405,1,3,"Dunn, Mrs. Ryan",male,26.811341958026812,1,0,14941,20.25964045712645,,S
2406,0,1,"Ramirez, Miss. Matthew",male,52.07904751258029,0,1,86391,51.78726980082769,,S
2407,0,1,"Gray, Dr. Sandra",female,39.108296679492405,2,0,STON/O 177182,20.07985780861391,,S
2408,0,1,"Petersen, Dr. Angela",male,26.339105495935712,1,0,SC/Paris 733284,45.699613948266396,,S
2409,1,3,"Allen, Miss. Madison",male,35.814136737554875,0,0,CA 760233,130.84220010000791,,C
2410,0,3,"Roberts, Dr. Hannah",male,20.406313681413728,1,0,41308,20.069883561798,,S
2411,1,3,"Gross, Miss. Rachel",female,45.59173949739035,0,0,79786,3.537699334591308,C77,S
2412,0,3,"Wilson, Dr. Angela",male,45.58564090442995,0,0,57592,103.57805116204453,E56,S
2413,0,1,"Rice, Miss. Jeffrey",female,31.692682811204765,1,0,SOTON/O 507911,15.979386921714312,,S
2414,0,3,"Scott, Miss. Julie",male,33.22988619040771,0,0,A/5 354528,223.5607934406319,,S
2415,0,1,"Scott, Mrs. Melanie",female,16.016843749920582,0,1,SOTON/O 137927,91.66721314948391,,C
2416,1,1,"Miller, Miss. James",male,11.07149002105039,0,0,A/5 136559,27.834388872868626,,C
2417,0,1,"Riley, Miss. Erica",female,24.72753358481857,0,0,SOTON/O 354821,49.469418394620014,,S
2418,0,3,"Hall, Master. Lauren",female,28.776376064323507,0,0,W.E.P. 802671,16.25462003705189,,C
2419,0,3,"Mason, Dr. Joseph",male,44.876784963431845,0,1,W.E.P. 126340,4.396287121745634,,C
2420,0,2,"Fowler, Dr. Russell",male,42.913988508656345,0,0,27958,37.306721276550086,,Q
2421,0,3,"Gibbs, Mr. Erica",male,32.5876604370273,0,1,31613,27.640649768263536,G42,S
2422,0,2,"Kelly, Miss. Robert",female,46.66754578121902,1,1,12434,175.1915331586183,,S
2423,1,1,"Maxwell, Miss. Kelly",female,16.791193496598353,0,0,PC 991045,45.497195650058586,F148,S
2424,0,3,"Owen, Dr. James",male,45.082716421897175,2,0,78347,68.74742600226003,C84,S
2425,0,3,"Petty, Mr. Kelly",male,18.933997999107454,0,1,STON/O 381847,7.265391011121293,D73,S
2426,1,3,"Stone, Mrs. Ashley",male,47.355723420899395,0,0,37966,64.30721264045248,F28,C
2427,0,3,"Weber, Miss. Kevin",male,29.813149493220262,1,0,56492,2.8990411858492746,,S
2428,1,3,"Freeman, Master. Christine",male,2.023986528471678,1,0,32161,47.474153635561734,G139,C
2429,0,2,"Rose, Dr. Michael",male,40.22220029644019,1,0,STON/O 255436,91.17713948502836,,S
2430,1,3,"Gordon, Mr. Michelle",male,41.333640633010916,0,0,W.E.P. 964741,32.99190730563619,C45,S
2431,0,3,"Morgan, Miss. Gregory",male,23.60787923715985,1,0,A/5 195453,12.108807792185804,B59,S
2432,1,1,"Lawrence, Mr. John",male,24.802365902483764,0,0,W.E.P. 924457,29.322538734577343,,C
2433,1,3,"Khan, Master. Kristen",male,27.766366081615548,0,0,48840,91.98062041243483,,S
2434,0,3,"Tucker, Mr. Martin",male,3.0478746232322003,0,0,STON/O 938395,62.656857932869016,,S
2435,1,2,"Montgomery, Dr. Lisa",male,0.42,0,0,49791,46.49966216645317,D140,S
2436,0,3,"Garza, Mrs. Michael",female,48.222758933825446,1,0,A/5 823864,59.181638188815334,,S
2437,0,3,"Santos, Mrs. Mary",female,18.463052656251925,1,0,PC 227188,89.84749507461726,,S
2438,0,2,"Hicks, Mrs. Alexander",female,55.97369753406909,0,0,97710,8.23566207763108,,S
2439,0,1,"Henderson, Mr. Rebecca",male,49.185625215944796,2,0,PC 344341,92.23400033808532,,S
2440,0,2,"Walker, Miss. Oscar",female,51.940734399776346,0,1,74137,82.14635012545664,,S
2441,0,3,"White, Miss. Jessica",male,20.89581466545983,1,0,CA 270856,32.455366994577226,,C
2442,0,3,"Fletcher, Miss. John",male,7.482383382971868,0,1,91530,25.78185555525807,,S
2443,1,3,"Taylor, Master. Kimberly",male,14.78364770767903,1,0,STON/O 942873,134.82477476149708,G93,C
2444,1,1,"Rivera, Miss. Amber",female,23.749633819859238,0,1,STON/O 990421,85.57848754776688,D18,S
2445,0,1,"Harris, Dr. Joe",female,0.42,1,1,14646,223.99768244960777,E82,C
2446,0,1,"Perez, Mr. Jennifer",male,23.344040352261658,1,1,19546,51.32672337157476,C134,S
2447,0,3,"Stewart, Dr. Kristin",male,27.17650761484445,0,1,SC/Paris 947100,1.601698769087083,,S
2448,0,3,"Green, Mrs. Joseph",female,11.878106397786276,0,0,41758,8.355001130495609,B194,S
2449,0,3,"Smith, Dr. Carlos",female,15.433208624558345,1,1,CA 385789,85.82712609047888,,S
2450,0,2,"George, Dr. Brittany",female,26.911620703468774,0,0,78850,50.94277502850536,A133,Q
2451,0,3,"Stone, Dr. Stephanie",male,34.98801167634422,0,0,28008,11.035285144430324,,Q
2452,1,3,"Martinez, Master. Omar",male,17.52848264799658,0,0,54886,0.6005262920789467,,C
2453,0,1,"Hoffman, Mr. Robert",male,34.09153653406777,1,0,W.E.P. 698067,15.250708135723764,,S
2454,0,3,"Preston, Miss. Jennifer",female,31.915844111829973,1,1,SOTON/O 444307,7.399677087816675,G127,C
2455,0,2,"Barnes, Dr. Clifford",female,30.656402026257474,0,0,CA 312619,104.46689469751034,A75,S
2456,0,1,"Thomas, Mrs. Pamela",male,20.871802266007922,2,0,62026,107.18748811687455,,Q
2457,0,1,"Paul, Mr. Eric",male,11.33268565550464,1,0,W.E.P. 593055,92.36384841564337,,S
2458,1,3,"Zhang, Mr. John",female,53.75032771861036,0,1,STON/O 239544,4.969291571869167,D128,S
2459,0,2,"Horn, Dr. Chris",female,38.82428283040396,0,0,W.E.P. 319984,7.2538242824169235,G175,S
2460,0,2,"Hall, Mr. Michael",female,44.080243142850335,1,0,99315,7.281402455587045,G165,Q
2461,1,1,"Fisher, Mr. Jasmine",male,28.82918441225509,0,0,SOTON/O 340779,14.948359141733992,,S
2462,1,3,"Woods, Mr. Donna",female,27.70364380835807,1,0,43072,3.7838759621081373,F52,S
2463,1,3,"Roberts, Mr. Bonnie",female,36.86923553015543,0,0,58075,199.67612209867295,,S
2464,0,3,"Fernandez, Mrs. Chris",male,4.314363093668561,0,0,24944,96.60486445433297,,C
2465,1,2,"Wood, Mrs. Sheila",female,14.394991429055976,2,0,A/5 679451,3.584893503786444,,S
2466,0,2,"Vazquez, Mrs. Justin",male,18.83115170760278,0,0,STON/O 262292,7.7552076703804875,,S
2467,0,1,"Bailey, Miss. Tiffany",female,23.636070084415326,0,0,16203,15.212056470994305,A121,C
2468,0,1,"Sherman, Mrs. Kari",female,17.68426048741784,0,0,SOTON/O 188635,74.58591264296854,F161,S
2469,0,3,"Baxter, Miss. Cory",male,34.659299753510446,0,0,94804,62.60530333342129,,S
2470,0,3,"Jackson, Dr. Lauren",female,31.140261282479702,0,1,W.E.P. 722402,49.780345011747826,,C
2471,0,3,"Flores, Mr. Dylan",male,49.50010565651928,1,0,25587,121.63146343766486,,S
2472,1,3,"Ortiz, Mrs. Miguel",female,64.63262819957588,1,1,88017,1.84809573612272,,S
2473,1,2,"Peck, Dr. Hannah",female,12.320096637921939,0,2,A/5 618539,8.79446126729928,,S
2474,1,2,"Torres, Mr. Bradley",male,32.06227299555823,0,1,67930,10.524731723599732,A43,S
2475,0,3,"Dixon, Dr. Gary",female,32.03736229489764,1,0,55154,3.0750333148868236,,S
2476,1,2,"Bradshaw, Master. Kerry",male,29.801227023294725,0,0,17539,48.15439742410289,,S
2477,0,1,"Wheeler, Mr. Timothy",male,14.812456006482979,0,0,STON/O 692034,11.767099341939925,E93,C
2478,1,2,"Wilson, Mr. Amanda",male,17.159235761004297,2,0,SC/Paris 384304,32.95047340697906,,C
2479,0,2,"Morris, Miss. Christopher",female,33.36567856682567,0,1,CA 733181,57.82804053938791,D180,S
2480,1,1,"Dalton, Mr. Ashley",male,16.76509897369869,1,0,CA 178900,45.24464515478477,F137,S
2481,0,3,"Cox, Dr. Nancy",female,32.229807610338106,0,1,STON/O 506561,17.133927720027256,D198,S
2482,1,3,"Bradley, Master. Paul",male,26.55670301636153,0,0,95460,26.73684189429767,,S
2483,1,1,"Diaz, Master. Nancy",female,31.983210643697948,0,1,43292,20.762409140539187,,Q
2484,0,1,"May, Mrs. Samuel",male,16.653793413917924,0,1,PC 569354,95.68381300955534,E40,S
2485,0,3,"Christensen, Mrs. Christine",female,32.20456939268351,0,0,94711,27.230521374258455,G100,S
2486,1,1,"Edwards, Dr. Jennifer",female,17.666663831327735,0,0,81616,3.182614435598437,,S
2487,0,2,"Bradford, Mrs. Maurice",female,32.24973852119685,2,0,88616,48.29487683633091,,S
2488,1,1,"Hogan, Master. Jose",female,48.7515457141482,0,0,SOTON/O 234739,11.012493850530754,,S
2489,0,1,"Rivera, Master. Frank",female,33.65377390022499,0,1,66951,20.672161111763987,,S
2490,0,3,"Cannon, Miss. Robin",female,34.5061853533628,0,0,PC 758391,19.852454410441382,,S
2491,0,3,"Jones, Mr. Kelsey",female,41.44089124496567,0,0,CA 649869,3.759036458884272,C179,Q
2492,0,1,"Bird, Mr. Paul",male,10.35018317737432,0,0,W.E.P. 479095,150.7422755777557,G35,S
2493,1,2,"Willis, Mrs. Angela",female,54.06490203212218,0,0,A/5 205634,39.600310788189894,,S
2494,0,1,"Webb, Dr. Courtney",female,15.221740103426821,3,0,47488,8.494944774194614,A31,S
2495,0,1,"Fisher, Mr. John",male,42.31525396316512,1,0,A/5 119395,40.56904372623925,,Q
2496,0,3,"Roth, Mr. Michelle",female,40.45673982158852,0,0,A/5 959346,30.035275389952755,F72,S
2497,0,3,"Young, Master. Alicia",female,17.369670938933353,2,2,PC 737375,21.14597925325457,,S
2498,1,3,"Miles, Mrs. Ashley",female,44.12440591473467,0,0,PC 342523,31.97760838317107,,C
2499,1,3,"Schwartz, Dr. David",female,36.96937872978633,2,0,SC/Paris 904539,55.37548674591966,E166,S
2500,0,3,"Burke, Miss. Beth",male,56.4597010216316,0,0,W.E.P. 421319,11.12732579760761,,Q
2501,1,3,"Fisher, Dr. Johnny",male,32.70730251877811,0,0,52057,38.59661895731365,,S
2502,1,1,"George, Mrs. Benjamin",male,28.480393358683635,0,0,85855,83.82966494306493,E196,Q
2503,0,1,"Cantrell, Dr. Heather",male,22.793324609145138,1,0,W.E.P. 757902,12.5830371876378,,S
2504,1,3,"Weaver, Mr. Steven",female,5.593026201083575,2,0,A/5 648463,36.235113979240246,,S
2505,0,2,"Vaughn, Dr. Michael",male,25.544814093483765,0,0,39782,168.67932204010077,,S
2506,0,3,"Johnson, Mrs. Jon",male,26.137422480375722,0,0,52734,80.59854718619647,,Q
2507,1,3,"Allen, Dr. Jonathan",female,33.66881455580409,0,0,CA 408514,44.949232917695376,,S
2508,0,3,"Wells, Mrs. Vincent",female,10.07655644764548,0,0,24753,69.13773903676848,,C
2509,1,1,"Bennett, Mr. Christian",male,26.653829043383695,0,0,57434,37.288506474832225,,S
2510,1,3,"Patel, Master. Harold",male,38.06751948830962,3,0,47608,215.50759202397444,D199,S
2511,0,2,"Morris, Dr. Kevin",male,39.45713545689523,1,1,PC 855758,9.26709834735717,,S
2512,1,3,"Elliott, Mr. Bridget",male,3.9625875340774215,0,0,STON/O 198277,63.57324151842486,,S
2513,0,1,"Cardenas, Master. Stephanie",female,39.889692521145136,2,1,SOTON/O 879688,0.29860217265003197,,S
2514,0,3,"Goodwin, Mr. Manuel",female,26.547965216299115,0,0,A/5 929904,6.716302120551816,,S
2515,1,3,"Taylor, Master. Shelia",male,27.409847715020245,0,0,65120,63.97294157964478,E37,S
2516,1,2,"Mora, Master. Melissa",female,0.42,0,0,41632,71.22006418269503,D53,S
2517,0,3,"Henry, Miss. Lisa",male,50.909996275810315,0,0,76859,2.009742416394745,,S
2518,0,3,"Flores, Master. Catherine",female,32.475184390158134,0,0,55544,20.312644428137112,,S
2519,1,2,"Gallagher, Master. Lindsay",male,8.5595540286821,3,0,45594,6.288968257588495,,C
2520,1,3,"Raymond, Mr. Nicholas",female,35.25282204883053,0,1,STON/O 169179,110.42925456798498,,S
2521,1,1,"Wood, Mrs. James",male,34.82269817185834,0,1,SC/Paris 532935,30.246062709353456,,S
2522,0,3,"Horn, Master. Jennifer",male,47.115618141061844,1,0,CA 417854,29.21776468723588,,S
2523,0,3,"Briggs, Master. Elizabeth",male,25.66435722992771,0,0,W.E.P. 749539,86.82611300809702,,S
2524,0,2,"Tucker, Mrs. Trevor",male,30.167944965140208,0,1,STON/O 385314,59.43268944051834,,Q
2525,1,1,"Evans, Master. Robert",female,21.00069079666929,0,1,SOTON/O 104282,127.7402452202742,,S
2526,0,3,"Harmon, Dr. Karen",male,38.371280595898334,0,1,STON/O 663574,139.56585819603617,,S
2527,0,1,"Boyd, Dr. Ann",female,19.031135216549306,1,0,49937,18.78517686299496,,S
2528,1,1,"Ramos, Mr. Elizabeth",female,17.498132760876782,0,3,70945,52.259989055115106,B41,S
2529,0,3,"Baker, Miss. Alexander",female,29.05083447108111,0,1,SC/Paris 594644,39.02132225774952,D91,C
2530,1,1,"Davis, Dr. Rachel",female,12.837907201746397,1,1,CA 791133,45.29402364259254,G85,S
2531,1,1,"Oconnor, Dr. David",male,52.42983705954928,1,1,38256,49.08278844819421,G2,C
2532,1,3,"Wolfe, Master. Steve",male,56.981734188386255,0,0,49319,3.0947913359204215,,S
2533,0,1,"Lewis, Master. Matthew",female,23.649738804094582,0,0,W.E.P. 160543,112.72112256335237,E183,S
2534,0,2,"Curtis, Dr. Ryan",male,10.587669908199686,0,0,W.E.P. 480645,7.557307795640973,D186,S
2535,1,1,"Lara, Dr. Jake",male,34.71228854462886,3,0,77345,27.61992379683716,,S
2536,1,3,"Williams, Master. Tamara",female,23.250564748435064,0,0,SOTON/O 841668,17.271141240945315,F117,S
2537,1,3,"Anderson, Mrs. Mary",male,46.44553585539245,1,0,SC/Paris 577388,40.343588801880195,,C
2538,0,3,"Martin, Dr. William",female,18.97994766258135,2,1,40876,162.8399740063789,,S
2539,1,2,"George, Miss. Matthew",female,37.6231851139982,0,0,A/5 974049,26.58753753281897,G111,S
2540,1,1,"Ellis, Mrs. Rachel",male,31.595910251483705,1,0,CA 867111,46.21423484897305,,S
2541,1,1,"Harvey, Miss. Nicole",female,20.532338851412263,0,1,75740,7.607679907302496,,S
2542,1,2,"Wilson, Miss. Shannon",male,33.360697598887185,0,1,STON/O 319383,31.089579999464934,,C
2543,1,3,"Whitaker, Mr. Adam",male,42.29945581864789,0,0,SOTON/O 915663,123.718845144883,G14,S
2544,0,1,"Gutierrez, Master. Deborah",female,31.215879266775556,1,1,W.E.P. 989495,134.71703520962762,F111,S
2545,0,2,"Rivas, Miss. Deborah",female,31.36198531176762,2,0,A/5 371925,39.53024575874269,,S
2546,0,1,"Beasley, Dr. Danielle",female,17.781032010048552,1,0,94488,73.17811332096441,,S
2547,0,3,"Pruitt, Dr. Julia",female,46.0188671706579,1,1,SC/Paris 193097,0.16114454798870134,,S
2548,0,3,"Willis, Mrs. Ann",male,44.62365209400457,0,1,W.E.P. 337816,37.91154116732635,,S
2549,0,3,"Gilbert, Dr. Zachary",female,24.25217135838905,0,0,SOTON/O 505041,65.92604685769741,,S
2550,0,3,"Alvarez, Dr. Austin",male,28.25996156723806,0,0,PC 133937,20.01397441470127,,C
2551,0,3,"Aguilar, Mr. Andrea",male,49.799089417664575,1,0,W.E.P. 692311,115.71056137513351,,S
2552,0,1,"Brown, Miss. Amanda",male,14.130008505335626,1,0,14067,75.62186092786409,C66,S
2553,1,2,"Estrada, Master. Earl",female,38.460037479022944,1,0,33272,73.41803788941372,,S
2554,1,3,"Jackson, Mrs. Colin",male,22.179407176164204,0,0,86374,1.0731154886429755,,S
2555,0,3,"West, Mr. Austin",female,54.893090274522976,0,0,21392,10.159811368184185,,Q
2556,1,3,"Parker, Miss. Tyler",female,30.88825420131472,0,0,41138,62.519451121839175,A41,S
2557,0,3,"Carson, Miss. Tina",male,47.645299253960594,0,0,81477,41.24495885676306,,S
2558,0,3,"Bryant, Dr. Micheal",male,19.3414171215442,0,2,W.E.P. 307785,43.192545447956725,,Q
2559,0,3,"Holloway, Dr. Michelle",male,12.520598447460252,0,0,81349,0.7460478419367161,,S
2560,0,3,"Hernandez, Mrs. Jared",male,26.72036759918443,3,0,15035,29.17465519878314,,S
2561,1,3,"Harper, Master. Brandon",female,33.677568411255706,0,0,PC 804059,77.19078124984709,,C
2562,1,2,"Mcconnell, Dr. Kelly",male,22.84975645177021,0,0,74105,54.46649850506012,,S
2563,0,3,"Reese, Master. Eric",female,40.61630396784954,2,2,63308,42.48164246085115,,S
2564,0,3,"Flynn, Dr. Gina",female,27.06065005065399,0,1,W.E.P. 100525,59.634820257588885,,C
2565,0,2,"Schmidt, Master. Ryan",male,0.8598797352675192,0,1,38342,95.18497815493221,,Q
2566,0,3,"Hutchinson, Dr. Diana",female,37.73936770870201,0,0,SC/Paris 112364,94.69991420429844,,C
2567,0,3,"Reyes, Dr. Patrick",male,17.644481171939795,0,0,STON/O 353149,30.442511674650518,E130,S
2568,0,1,"Daniels, Dr. Adam",male,24.937636656528742,1,1,41491,18.393674679747818,A99,S
2569,1,3,"Hensley, Dr. John",male,51.74383684955098,0,1,72827,22.815157000923815,,S
2570,1,1,"Ramsey, Master. Tanya",male,54.81936413769526,0,2,65067,36.842267131584855,,S
2571,0,3,"Duncan, Mr. Stephen",male,21.94309190870064,1,1,45804,4.680763284118247,,S
2572,1,3,"Mcpherson, Mrs. Sandra",female,38.08901282884575,1,1,29915,44.701039666423874,,C
2573,0,1,"Conner, Mr. Stacey",male,22.268157134082976,0,0,26841,30.188903497437874,F93,C
2574,0,1,"Kennedy, Master. Ann",female,25.983778295419555,0,0,33106,71.13386198520963,,S
2575,0,3,"Guzman, Mrs. David",male,21.51914419142026,1,0,26027,16.00623602157513,,S
2576,1,2,"Jones, Dr. Elizabeth",male,5.8591884744492155,0,0,67084,3.4303382510380698,,S
2577,1,1,"Lawson, Mr. Andrea",male,31.330773132271933,0,0,STON/O 958456,112.48532804932638,,S
2578,0,3,"Sanders, Mrs. Robert",female,34.03431541724633,1,1,88875,3.52524853338754,G182,S
2579,0,2,"Vasquez, Mr. Elizabeth",male,20.605975565644066,0,0,A/5 996895,131.05719432111803,D190,S
2580,1,1,"Marsh, Master. Erica",male,45.229083960119524,0,2,A/5 549171,34.407364339126694,,S
2581,0,3,"Allen, Mrs. Brady",male,23.894876960666927,1,0,A/5 951015,2.8964831286834025,E4,S
2582,1,3,"Tucker, Dr. Laura",female,21.07903445197379,1,0,87161,6.724806766974431,B72,C
2583,0,3,"Johnson, Miss. Stephen",male,37.37104365351348,1,0,A/5 897281,38.066328571630365,,S
2584,0,3,"Jones, Dr. Laurie",female,8.402452140384593,0,0,W.E.P. 772609,0.7956577258540731,,S
2585,0,1,"Morales, Miss. Gary",male,42.69350644383928,1,0,21910,123.33224101828681,E22,C
2586,1,2,"Reed, Dr. Colton",female,24.36963179647892,0,0,W.E.P. 657297,79.54679427048204,D189,S
2587,0,1,"Brown, Master. Jessica",male,43.85000506951725,1,0,SC/Paris 450934,35.114621690558515,,S
2588,1,3,"Johnson, Mrs. Kelsey",male,48.03382736160818,1,0,W.E.P. 705063,130.35065040527996,E65,C
2589,0,3,"Smith, Mr. Julie",male,38.962148192999976,0,0,SOTON/O 344522,15.03834533455547,,S
2590,1,3,"Bauer, Dr. Lauren",female,18.632373901803643,0,0,A/5 704280,96.00583867430956,,S
2591,1,3,"Moreno, Miss. Victoria",male,12.488356109218337,2,2,32804,81.76999761645381,,S
2592,1,3,"Butler, Mrs. Joshua",female,9.922982713306695,0,1,34746,43.59210660415702,,S
2593,0,2,"Montgomery, Mr. Edward",male,45.44074982381835,0,0,78797,19.198064002884585,,S
2594,0,2,"Davis, Miss. Mark",male,28.112798429197433,0,0,CA 747052,40.85977390467087,,S
2595,0,1,"Torres, Miss. Angela",male,21.610894876568118,0,0,W.E.P. 867775,157.58287362773925,,S
2596,1,1,"Gill, Mrs. Eric",male,28.150849878455517,0,1,W.E.P. 891919,4.418290763816595,,S
2597,0,3,"Moreno, Master. Tom",female,45.128696925358355,1,0,STON/O 474854,11.220198791349153,,S
2598,0,2,"Butler, Master. Aaron",female,40.9023569950337,0,0,71813,51.6260772559807,,Q
2599,0,3,"Ross, Master. Christine",female,36.139086179923964,1,0,STON/O 363037,56.726353073340164,,S
2600,0,3,"Cook, Mrs. Sandy",male,38.93040480396967,0,0,47236,8.984495853343825,,S
2601,1,2,"Dennis, Miss. Jeremy",male,32.522412976957284,1,0,STON/O 963502,82.07043209922172,E30,C
2602,0,3,"Lam, Mrs. Dakota",female,34.22958280214995,0,0,56399,131.89086382300556,,S
2603,1,3,"Sweeney, Master. Cindy",male,33.09435323611466,0,0,13351,4.150764092018915,,S
2604,0,2,"Gomez, Dr. Aaron",female,29.99914256121425,2,0,PC 223002,182.96593333208932,,C
2605,0,3,"Clarke, Mrs. Lee",male,40.54723437363794,1,0,STON/O 418248,16.509462430998468,,S
2606,0,3,"Colon, Dr. Dalton",female,35.057949486805526,2,0,99261,18.470613920308196,C153,S
2607,0,3,"Yates, Master. Allison",female,17.66998956450259,1,0,74558,2.2969506678160436,C183,S
2608,0,3,"Torres, Mrs. Sherry",female,37.40424139731715,2,0,SOTON/O 181897,34.39871771668883,A110,S
2609,1,3,"King, Mrs. Craig",male,33.46145892931026,0,0,15053,154.78678517995607,D195,S
2610,0,3,"Evans, Dr. Katelyn",male,38.559788564811385,0,0,CA 363858,8.776314219698811,,S
2611,1,2,"Chung, Mr. Michelle",male,28.5411032093896,0,0,A/5 455716,43.00281537235105,,C
2612,0,1,"Maynard, Dr. Kelly",female,41.364364392740214,0,0,90247,16.04139684786339,D74,Q
2613,0,2,"Wood, Master. Christine",female,29.140280287873804,0,0,18457,0.9407959500822556,,S
2614,1,2,"Williams, Dr. Brittney",male,40.134315612407626,0,0,44439,217.7006698421922,G27,S
2615,0,3,"Campbell, Mr. Noah",male,23.60939877669285,2,0,31986,62.97014305259494,,S
2616,0,3,"Hernandez, Master. Evan",male,24.578443242614664,0,0,60989,66.48875049891724,,S
2617,0,1,"Johnson, Mrs. Sarah",female,38.42873532494174,0,0,95425,54.37748335876888,,S
2618,0,1,"Smith, Mrs. Paul",male,25.355172487573583,1,0,A/5 801684,7.7589711684295235,,Q
2619,1,1,"Lewis, Mr. Kathleen",female,60.88095772647426,3,0,PC 238941,11.577339430792287,,S
2620,0,3,"Brock, Master. Joseph",male,37.930229814906376,0,1,30676,24.360959482707038,E133,S
2621,1,3,"Kim, Master. Mary",male,30.34892880615881,1,3,PC 585704,269.81895771561943,,S
2622,1,3,"Allison, Mrs. Bruce",female,41.47861087462389,0,2,23574,55.824680071407606,,Q
2623,0,3,"Scott, Dr. Heather",male,23.270474260328765,0,0,SOTON/O 585857,29.203898279915673,E99,S
2624,1,1,"Castaneda, Dr. Martha",male,42.92220746926225,0,0,SC/Paris 709505,33.15288236346962,,S
2625,0,2,"Davis, Master. David",male,42.53329303328945,1,0,26343,127.6842976580137,,S
2626,1,2,"Nelson, Mr. Ashley",male,47.549476808913695,1,0,A/5 463173,10.93486601338882,,S
2627,0,2,"Garcia, Mr. Jason",female,23.828666561119917,0,2,36664,19.347408850342465,,S
2628,1,3,"Charles, Mrs. Gregory",male,12.881734442071572,3,0,CA 341856,23.17118477850498,,S
2629,0,3,"Flores, Miss. John",female,21.457835051164324,0,0,53219,113.9576884098265,B14,S
2630,0,3,"Rice, Mr. Jose",male,26.05717277638154,0,0,14853,74.98112667798023,,S
2631,1,3,"Erickson, Miss. Matthew",female,53.34096241192457,0,0,39736,44.675759703610666,,C
2632,1,1,"Gordon, Dr. Patrick",female,60.73016840778848,0,2,14408,18.896918902257788,,C
2633,0,1,"Garcia, Mrs. Grant",female,34.825272265015755,0,0,47485,11.29500954011831,G32,S
2634,0,3,"Henry, Dr. Michael",female,30.13146851226039,0,1,14970,20.080289343784028,,C
2635,1,3,"Murray, Mr. Pamela",male,25.101290373361046,0,0,37865,132.57344193850312,D98,S
2636,1,1,"Garcia, Dr. Mary",male,41.54566490295214,0,1,68832,120.52276593839954,,S
2637,1,3,"Thomas, Master. Lisa",female,60.64013948788124,0,0,PC 711067,27.40517553785542,D49,S
2638,1,3,"Petersen, Dr. Elizabeth",male,55.0019124766358,0,1,W.E.P. 568991,19.691544843930092,,S
2639,1,2,"Mcbride, Miss. Alyssa",male,45.931672576481674,1,0,66788,107.9636611925614,,S
2640,1,3,"Carpenter, Miss. Sherri",male,45.72623543559399,1,0,29369,29.550375693231896,,S
2641,0,2,"Moore, Dr. Karen",male,41.65233840755761,0,0,CA 822627,1.9734261993926847,C173,S
2642,0,3,"Garcia, Mr. Mark",male,29.337930960080513,2,0,STON/O 943386,21.212514769653758,,C
2643,1,3,"Baker, Miss. Joshua",male,19.68832488442886,0,0,STON/O 550552,46.73484673666598,D115,Q
2644,1,3,"Cannon, Mrs. Darius",male,29.708602749408822,1,0,72680,144.65014784469184,,S
2645,0,2,"Moore, Master. Daniel",female,35.91275442983894,0,1,13838,27.63380568445567,B79,S
2646,0,2,"Lopez, Mr. Diana",male,9.649125417943868,2,0,14574,13.730066424456227,,S
2647,1,1,"Hernandez, Mrs. Melissa",female,27.858689788873075,2,0,SC/Paris 171815,24.26585424841473,A85,S
2648,0,1,"Banks, Mr. Maria",male,18.43694703572217,0,0,69428,2.9375678434602204,,C
2649,0,3,"Hayes, Miss. Steven",female,44.19377625495398,1,2,50776,114.55126677374791,,C
2650,0,3,"Hamilton, Mr. Ross",male,22.30408236980605,0,0,26936,1.6997118979393508,,S
2651,0,2,"Hamilton, Mrs. Johnny",male,34.59508464773383,0,0,25247,0.048639293388384706,G1,S
2652,0,1,"Evans, Mr. Bradley",male,20.19971589890193,0,1,66386,47.61316527400175,,S
2653,0,2,"Nunez, Miss. Joseph",male,52.367790563452814,0,0,PC 798679,8.361327752738204,A75,S
2654,0,3,"Richards, Dr. Edward",female,6.189402888515801,2,0,CA 597272,17.554264858056083,,Q
2655,1,2,"Johnson, Mrs. Stanley",female,36.66176527581553,1,0,STON/O 398823,33.76379398364042,,S
2656,0,1,"Garcia, Dr. John",male,12.118392641840948,0,0,PC 768422,78.53902050206749,,C
2657,1,3,"Maynard, Miss. Sarah",male,22.86934289321209,0,1,SC/Paris 179590,24.51118598099493,,Q
2658,1,1,"Patel, Mrs. Marie",male,32.886613851583064,0,0,SC/Paris 232185,157.4526480455172,,C
2659,0,3,"Rodriguez, Dr. Robert",male,33.57499843843573,1,0,STON/O 296568,30.183311206977542,,S
2660,1,3,"Cherry, Mrs. Preston",male,33.20973577533578,0,1,A/5 789535,126.2797504525964,,S
2661,0,2,"Jenkins, Master. Jill",female,32.124487973657004,0,0,91341,30.104133952331917,,S
2662,1,3,"Murphy, Dr. Thomas",male,21.014180333771804,2,0,97155,36.29893894020542,,S
2663,0,3,"Smith, Dr. Sandra",female,27.703253476756647,1,1,CA 332159,158.59571827613516,F168,Q
2664,1,3,"Knight, Master. Carrie",female,30.442876226504808,1,0,W.E.P. 110552,56.181334832946725,,S
2665,0,2,"Spencer, Miss. James",female,32.73504555462436,0,0,STON/O 129571,8.089029454576712,,S
2666,0,2,"Bridges, Master. Robert",male,29.080473380702163,2,1,PC 372870,45.63405931114522,,S
2667,0,3,"Hopkins, Mrs. Jamie",female,40.21426589378237,0,0,PC 716530,12.758913631773241,B76,S
2668,1,3,"Brown, Mrs. Christine",female,31.307417582113192,0,0,W.E.P. 682379,18.529091670874426,,S
2669,1,2,"Baxter, Mrs. Maurice",male,32.81856354670259,1,1,CA 412221,91.05430186877398,,S
2670,0,1,"Smith, Miss. Kaitlyn",male,24.64286712363876,1,0,78181,57.30800404985506,,S
2671,1,1,"Hood, Master. Megan",female,15.265813027398089,0,0,94161,16.905192032130852,B88,S
2672,0,1,"Garrett, Mr. Amy",female,32.15640503025459,1,0,STON/O 859640,0.2349836181556702,,S
2673,1,3,"Andrews, Dr. Aaron",male,46.90424461548113,1,0,64426,37.8769608299654,,Q
2674,0,1,"Smith, Master. Sean",male,36.214057230225784,0,0,SC/Paris 387194,14.395521416786504,A10,Q
2675,1,2,"Miranda, Mrs. Melissa",male,18.555084822992917,0,1,A/5 261514,1.4360363181832168,,S
2676,0,3,"Nguyen, Master. Christopher",male,41.40636036146046,1,0,43709,3.268619840098704,,S
2677,0,2,"Watson, Master. Michael",male,25.308361050884606,0,0,CA 891520,55.9280212251609,,C
2678,0,3,"Stout, Miss. Melinda",male,40.00515572672402,0,2,SC/Paris 228717,26.74604911008926,G171,S
2679,0,3,"Kirby, Dr. David",female,24.836857891453747,0,0,91419,15.222942100624834,,C
2680,0,2,"Summers, Miss. Samuel",female,34.94629015758318,0,0,A/5 190339,105.88842928913087,,S
2681,0,3,"Moore, Miss. Zachary",female,22.741037287259147,0,0,23843,87.17307723229275,,S
2682,1,3,"Diaz, Mrs. Madison",male,23.09726504941532,0,1,31893,31.385704633411954,A70,S
2683,0,2,"Foster, Miss. Lisa",female,8.072284860659646,1,0,SC/Paris 478767,16.119711258437146,,S
2684,0,1,"Morris, Dr. Andrea",male,37.16904746825624,0,0,19503,35.38015523885129,,S
2685,0,3,"Moore, Mrs. Sophia",male,35.18237488748472,0,0,CA 470929,69.90358973097565,,C
2686,0,3,"Greer, Miss. Corey",female,35.9701980276532,0,1,CA 276296,0.54011601576294,,S
2687,0,3,"Johnson, Mrs. Robert",male,33.85462785584535,0,0,79644,47.41050596667759,,C
2688,0,1,"Swanson, Master. Jeffrey",male,19.328499533473753,0,0,34558,61.91570058237832,,Q
2689,0,3,"Gonzalez, Dr. Lori",male,43.522589702910125,0,0,SC/Paris 734276,84.85762328890975,F103,S
2690,0,2,"Holt, Mr. Christopher",male,43.898910201291784,0,1,SOTON/O 621462,12.206528347630725,B156,S
2691,0,3,"Walker, Mr. Sonia",female,18.964675487611842,2,0,SOTON/O 675175,11.372500104023873,,C
2692,0,3,"Burns, Mr. Henry",female,37.44973587889941,1,0,21137,12.149869530380203,,S
2693,0,3,"Nelson, Master. Dawn",female,42.249876595151676,1,0,22426,133.99639450218206,,C
2694,0,3,"Benson, Miss. Pamela",female,23.4186241731879,1,0,34452,7.597954653759671,,S
2695,1,3,"Porter, Master. Teresa",female,25.85550035057907,0,0,W.E.P. 432880,72.33299852632675,C117,S
2696,0,3,"Gomez, Mr. Anthony",female,37.477587714965004,0,0,31312,216.18955174810566,F47,S
2697,1,1,"Jones, Miss. Elaine",male,8.855383228199784,0,0,61429,146.20388874484357,,Q
2698,0,3,"Howell, Master. George",female,14.760758898524,2,0,SC/Paris 708258,26.37245939755101,,S
2699,1,3,"Miller, Miss. Donald",male,16.14314988982614,0,1,CA 889572,91.42676998288233,,Q
2700,1,1,"Erickson, Mr. Tamara",female,4.851570892443064,1,1,CA 423808,55.45448602068726,,S
2701,0,3,"Lin, Dr. Michael",male,45.189156838624726,0,0,11079,101.42343046701193,A158,S
2702,1,2,"Miller, Mr. Anthony",female,2.166154601316663,0,0,CA 562871,8.786995739774273,B141,S
2703,0,3,"Murphy, Mr. Tammy",female,34.80354928803912,0,1,CA 193466,72.39506775798948,G1,C
2704,0,3,"Butler, Mrs. Anthony",female,41.36356752657308,0,0,STON/O 602200,44.1617920826499,,S
2705,1,1,"Johnson, Miss. Austin",female,25.88965663821426,0,0,26187,38.83833939782696,,C
2706,1,3,"Anthony, Mrs. Monica",male,20.64285325376257,0,0,PC 627042,65.26338536647187,D84,Q
2707,0,1,"Shah, Master. Andrew",male,33.25979431031295,1,0,SC/Paris 855767,15.945593665160422,,S
2708,0,3,"Sellers, Master. Kelsey",male,30.02566200832274,1,0,84144,3.8760042789600075,,S
2709,0,3,"Davis, Mr. Lori",male,44.049068073829815,1,0,85780,34.869904070810186,E166,S
2710,0,2,"Williams, Mrs. Mallory",male,0.42,1,0,CA 343502,17.986389138524636,,S
2711,1,1,"Shelton, Mrs. Jeremiah",male,17.13809533392621,0,0,W.E.P. 990640,14.812968957916048,,C
2712,0,1,"Baker, Dr. Dominique",male,37.862076374824774,0,0,A/5 632551,325.86556935506957,B51,C
2713,0,3,"Hill, Dr. Jeffrey",female,30.70626419884244,0,0,SOTON/O 252654,11.023656602169407,,S
2714,0,3,"Mora, Mr. Donald",female,40.52847822875614,0,0,22223,13.431679547036394,B39,S
2715,0,1,"Ross, Master. Crystal",male,33.66827966735527,0,0,64570,20.31447077192911,,S
2716,0,1,"Gardner, Dr. Susan",male,28.113681114621624,0,0,86504,34.35845631722216,,S
2717,1,1,"Sanders, Mrs. Travis",male,25.76796179669094,0,0,95705,101.67028517416531,,C
2718,1,3,"King, Mrs. Timothy",male,62.55077022225821,2,0,44708,9.703148409429975,,S
2719,1,3,"Fowler, Mr. Wesley",male,51.48924783644115,0,0,STON/O 238670,47.851073929362485,,S
2720,0,1,"Baldwin, Miss. Emily",male,36.937071373333104,3,0,20918,22.98474946924803,,S
2721,1,3,"Castillo, Miss. Danielle",male,31.098494508277806,2,0,A/5 455926,79.70646608536708,B71,S
2722,1,1,"Barr, Master. William",male,37.53385569094808,0,1,STON/O 866678,46.05003678031767,G38,S
2723,1,3,"Garcia, Mr. Derek",male,41.57568605022071,0,0,STON/O 656015,79.26001581356314,A16,S
2724,0,3,"Weber, Dr. Rodney",male,35.86357359986313,0,0,78562,96.5824415011636,C99,S
2725,0,3,"Rodriguez, Master. Angela",female,19.480678272588186,1,0,W.E.P. 793137,121.59493468811449,E125,S
2726,0,3,"Duran, Dr. Brian",female,54.983150748143146,2,0,52169,272.18675804387954,G135,S
2727,0,3,"Martin, Mr. Daniel",male,33.44691518855627,1,0,55076,48.2299821215552,D141,S
2728,0,3,"Gomez, Master. Kristen",male,58.1950204254574,0,1,46624,50.74150806370222,,S
2729,0,3,"Gonzalez, Master. Rebecca",male,32.62006481628267,1,0,66142,7.5748005751160585,B116,S
2730,0,2,"Robinson, Dr. Kara",male,26.560853070242526,0,0,56675,5.551886300211302,,S
2731,1,1,"Waters, Miss. Sherry",male,49.37796173665049,1,0,96808,33.435023310574195,,S
2732,0,2,"Young, Miss. Lauren",male,34.21661741308874,1,1,W.E.P. 613896,59.15759352058099,,S
2733,0,3,"Brown, Dr. Joanna",male,31.867916883130054,0,0,14254,14.264067157776008,D112,S
2734,1,1,"Wilson, Mrs. Joseph",male,13.194901121003682,2,0,SC/Paris 700617,19.812560852622834,,Q
2735,1,2,"Walker, Mrs. Dustin",female,39.2430492719016,0,0,97651,60.21996784649847,,S
2736,1,3,"Edwards, Master. Carrie",male,23.09365463861728,0,0,PC 348629,11.89136782938049,,S
2737,1,1,"Johnson, Dr. Bryan",male,23.730923072964362,0,1,47101,36.84148669068589,D72,S
2738,0,3,"Stevens, Miss. Brandon",male,23.132316164327598,0,1,71993,38.676910135711005,,S
2739,1,3,"Chavez, Mr. Lynn",male,36.146473685734236,1,0,SC/Paris 980537,124.41712089125474,,C
2740,0,3,"Collins, Mrs. Lisa",female,8.50473216994034,1,0,39607,25.73111470144569,,S
2741,0,3,"Hawkins, Mr. Clarence",female,27.0481652018387,0,1,89874,11.820750673848968,G107,S
2742,0,3,"Nunez, Miss. Robert",male,43.72390587553129,0,0,64649,9.551619376485219,D17,S
2743,0,3,"Johns, Dr. Kimberly",female,12.560635829239896,2,0,CA 116986,17.347158455801285,,Q
2744,0,1,"Elliott, Mrs. William",male,32.42030545308419,1,0,14493,16.35029623313114,,C
2745,1,3,"Jones, Master. Scott",male,21.160408116208316,0,0,21563,69.35420213796782,,C
2746,1,2,"Middleton, Mr. Frank",male,24.34829632748113,2,0,PC 115423,45.0359135670376,,C
2747,0,1,"Stuart, Mrs. Austin",female,53.1721316454587,0,0,23430,57.35242817288454,,S
2748,0,3,"Flores, Miss. Sara",male,6.893151430369883,0,0,STON/O 842837,49.75254758700866,,C
2749,1,1,"Shaw, Mrs. Marie",male,40.71882473440263,1,0,CA 247007,32.81619734014983,G194,C
2750,1,2,"Campbell, Mrs. Andrew",male,23.309004237119023,2,0,SOTON/O 557943,131.74666493139495,A71,Q
2751,0,1,"Hill, Dr. Olivia",female,22.612704207960657,1,0,SC/Paris 333127,85.02816454752497,,S
2752,1,1,"Johnson, Dr. Michele",female,14.438127205164255,0,2,SC/Paris 550861,11.838228786982718,,S
2753,0,1,"Dorsey, Master. Linda",female,40.5545949218309,0,2,65240,27.55314256405344,,C
2754,0,1,"Foster, Dr. Jennifer",female,27.32033537202377,1,0,W.E.P. 867188,16.976877981167664,,S
2755,1,3,"Woods, Miss. Joseph",female,25.552628206874868,1,1,SC/Paris 621660,68.45932310200024,E84,C
2756,0,3,"Burke, Master. Megan",female,31.537717008857044,0,0,A/5 249199,21.11450964535402,,C
2757,0,2,"Zhang, Mr. Hailey",female,27.615980239614792,2,0,45041,51.11239332038392,,C
2758,1,3,"Barrett, Master. Robert",female,1.990369683450659,0,0,75685,17.28064191760847,E141,C
2759,1,1,"Allen, Dr. Larry",male,23.128461438316982,0,0,30066,9.415799385639067,,S
2760,0,2,"Cochran, Master. Frank",male,42.53617247327654,0,1,75143,0.461578926507037,G151,C
2761,0,1,"Holmes, Master. Jasmin",female,8.907369502427684,1,1,CA 795520,261.27872355238276,,S
2762,0,3,"Allen, Mrs. Phillip",female,14.740869402011038,1,0,CA 797678,12.391741086563625,,Q
2763,1,2,"Miller, Mrs. Edward",female,24.024920464420642,0,0,72127,89.2624575278583,,Q
2764,0,3,"Morgan, Mrs. Donald",female,19.84127213908001,0,1,PC 954724,86.32210428543684,,S
2765,0,3,"Smith, Master. Kevin",female,29.609603250017486,0,1,61624,13.456917447879277,,Q
2766,1,3,"Porter, Dr. Timothy",male,14.69692547649763,0,0,90303,26.86149044007793,,S
2767,0,3,"Hughes, Miss. Lauren",male,24.570036666668777,1,0,W.E.P. 244701,90.42837324942793,,S
2768,0,3,"Patterson, Miss. Amanda",male,29.32807655760932,1,0,31803,58.528179752776786,,S
2769,0,2,"Jones, Mr. John",male,39.08516582691159,0,0,91360,23.09209878755624,,S
2770,1,2,"Turner, Miss. Kimberly",male,47.427051405394344,0,0,SC/Paris 994150,148.93339360951694,,S
2771,0,3,"Wilson, Dr. Tom",male,26.338339846051845,1,0,W.E.P. 555785,20.953487696355808,,S
2772,0,3,"Sweeney, Miss. Kristen",male,56.43284337744156,1,0,STON/O 827018,11.917124570036597,A155,S
2773,1,1,"Singh, Master. Lisa",female,27.425335872376664,0,0,SC/Paris 483053,7.933421844177276,,S
2774,0,2,"Allen, Master. Nathan",male,41.60425207559143,0,0,A/5 660156,60.41888190000295,,S
2775,0,3,"Gonzalez, Mrs. Jeremy",female,57.041108286174904,0,0,40785,1.4716930659393466,,S
2776,0,2,"Baker, Mr. Patricia",female,31.950317729303094,1,0,63467,93.4884646517427,,S
2777,0,1,"Hart, Miss. Jaime",male,10.770627297914505,0,0,W.E.P. 871095,18.136167208375372,,S
2778,0,3,"Robertson, Master. Jennifer",male,31.272654000906837,1,0,A/5 310907,23.086457312242057,F84,S
2779,0,3,"Hughes, Miss. Eric",female,21.43699956513125,0,0,W.E.P. 113792,80.93183793389632,D33,S
2780,0,3,"Yates, Mrs. Shannon",female,26.15795162238567,1,0,A/5 199037,84.14809601954573,B166,S
2781,0,3,"Vega, Mr. Terrance",male,57.78967635493301,1,0,85932,25.542033504615734,,S
2782,1,3,"Young, Mrs. Marc",male,12.88131207486574,0,1,A/5 260670,40.35216595370761,,Q
2783,1,1,"Aguilar, Miss. Sarah",male,34.206535512282024,2,0,83064,56.84837996001526,,C
2784,1,2,"Clark, Miss. Jon",male,17.711902075495857,0,0,93636,58.33489922147271,,C
2785,1,3,"Woodward, Mrs. Kelly",male,25.692788823187197,0,0,STON/O 150775,38.18440012651501,B46,C
2786,0,3,"Taylor, Dr. Elijah",male,40.42779269286277,0,0,STON/O 996581,92.9287967538534,,S
2787,1,1,"Henderson, Mrs. David",male,34.45429520862232,1,0,STON/O 217855,92.08127312792386,D68,S
2788,0,3,"Sanford, Master. Jackie",female,26.849548234537753,0,0,90783,94.45821268746923,,Q
2789,1,3,"Garcia, Dr. Dana",female,20.902795446295208,0,1,SC/Paris 845229,15.61364296081506,,S
2790,1,2,"Howard, Dr. Mary",female,34.4250946901506,0,0,A/5 778758,14.846604398963725,,Q
2791,1,2,"Hawkins, Miss. Craig",female,53.90761404014719,0,0,W.E.P. 623233,7.530800356932185,E65,C
2792,1,1,"Hood, Mrs. Lori",female,17.38107280326927,0,0,77382,87.54987973633139,C199,S
2793,0,3,"Richmond, Mrs. Robert",male,56.76329439640882,1,0,17011,3.1289050760407764,,C
2794,0,3,"Ford, Master. Michael",male,46.792964310152115,0,2,70371,7.2689487827102495,,Q
2795,0,2,"Carter, Miss. James",female,49.170947146088736,1,1,SC/Paris 307319,130.3266566579798,B1,S
2796,0,3,"Garcia, Master. Ronald",female,34.31805333301442,0,0,W.E.P. 791677,6.683048459959499,,S
2797,0,3,"Moss, Dr. Melissa",male,46.39581685713852,2,0,SC/Paris 591152,6.464598328184941,,C
2798,1,3,"Jones, Miss. Travis",male,15.876362045691232,1,0,56735,119.90489597105008,,S
2799,1,3,"Obrien, Miss. Wesley",female,20.647385290120837,0,0,CA 161146,18.56070506481819,,S
2800,0,2,"Stanley, Miss. Connor",male,40.721393394885496,0,0,39023,106.60987345202362,E124,Q
2801,1,3,"Rich, Mrs. Hannah",male,34.14183077313343,0,1,PC 838329,23.71315910333143,,C
2802,1,1,"Malone, Miss. Kristen",female,27.92269038103123,0,0,39290,23.391469051076438,,S
2803,1,3,"Greene, Master. Amanda",male,0.42,1,1,SOTON/O 436962,7.261841189566148,,C
2804,1,1,"Oliver, Master. Justin",female,23.903363327465605,2,0,CA 721824,125.4329503573525,,S
2805,0,3,"Robinson, Master. Emily",female,13.563247075824282,0,0,A/5 493376,71.70851731126014,,C
2806,1,3,"Terry, Dr. Megan",male,36.90948035836104,1,0,29607,12.786524695291131,,S
2807,1,1,"Walker, Dr. Angela",male,27.323640600058702,1,1,89999,65.06048842860643,,C
2808,0,2,"Powell, Dr. Brian",male,21.203792381668933,1,0,W.E.P. 250754,5.473598017880263,,S
2809,0,3,"Ferguson, Mrs. Arthur",male,67.00074675674026,1,0,CA 700000,37.09700808568802,,C
2810,1,3,"Larsen, Miss. Brittany",female,44.53444267371928,1,0,28307,14.669390267211766,C183,C
2811,0,2,"Mcpherson, Mrs. Eugene",male,44.78220997898483,0,0,29683,95.05118862553157,B71,S
2812,1,3,"Beasley, Dr. Mark",male,60.83101202555042,0,0,PC 971449,35.782849560482255,F38,S
2813,1,2,"Mcgrath, Mrs. Karen",male,41.23068495756353,0,0,SC/Paris 563587,127.04944653580883,A185,Q
2814,0,1,"Arnold, Miss. Joshua",male,19.20664386737988,0,0,96371,43.99367144791077,,S
2815,0,1,"Gutierrez, Master. Paul",male,17.56945107631569,0,0,PC 111853,35.056640488109686,,C
2816,1,1,"Meyer, Master. Philip",female,43.50863862255929,1,0,A/5 533742,59.19782323120296,,S
2817,0,3,"Blackburn, Dr. Lori",male,1.1690400831475252,1,0,24610,76.61720103299353,E57,C
2818,0,3,"Marshall, Mrs. Shelly",male,28.91108516586608,1,1,SC/Paris 288926,0.7687683062216115,,S
2819,0,2,"Powers, Master. Samantha",male,0.42,1,0,46646,36.93689725109523,F18,S
2820,0,3,"Williams, Mrs. Sara",female,31.383809117453087,0,0,58220,74.74241973410801,,S
2821,1,1,"Barnes, Master. Monica",male,41.956983509967344,0,0,CA 909542,26.169805061431394,,C
2822,0,3,"Cunningham, Mrs. Andrew",female,33.91181748445085,0,1,SOTON/O 968857,2.308463551805322,,S
2823,1,1,"Barnes, Master. Laura",male,43.13353102558837,0,0,19060,0.8854766132832601,,S
2824,0,3,"Carroll, Mrs. Ryan",female,57.50757718323881,1,0,44504,78.95771246923556,,C
2825,0,3,"Dixon, Mr. Laura",male,27.990461878331878,1,0,40006,11.037049569795235,,S
2826,1,1,"Meyer, Miss. Joseph",female,69.30711096590434,1,0,33263,9.613551180680595,C130,S
2827,1,3,"Hendricks, Mrs. David",male,32.97737938638217,0,0,SOTON/O 234356,17.093582773272775,G190,S
2828,0,1,"Rodriguez, Mrs. Isabel",female,43.288310877665026,0,0,35002,5.388630097395772,B44,S
2829,0,2,"Lozano, Dr. Colleen",male,21.445121996089057,0,0,A/5 389303,2.73793831532482,,S
2830,0,1,"Martin, Mrs. Colleen",female,52.670395714829546,0,0,32139,102.88734725171334,,C
2831,0,2,"Green, Mrs. Jennifer",female,44.58394277959681,0,0,STON/O 197412,18.032973860518904,,S
2832,1,1,"Tucker, Dr. Crystal",male,50.60031823595197,0,0,30563,43.660603310323545,,S
2833,0,2,"Hunt, Mr. Gregory",male,30.763061904835368,1,0,CA 238422,97.52635023991559,,Q
2834,0,2,"Washington, Mrs. Francisco",female,12.424154098633949,0,1,W.E.P. 839464,189.62261550539284,F9,S
2835,0,2,"Sandoval, Dr. Leslie",male,36.44556415475569,0,0,PC 363960,58.316250040878934,,S
2836,1,3,"Mccoy, Miss. Rachel",female,6.241722613470781,0,0,PC 460762,149.95097849594748,E74,S
2837,1,3,"Shaw, Master. Elizabeth",male,25.29339874929267,1,1,SOTON/O 114281,27.54088153919158,A40,S
2838,0,2,"Thomas, Miss. Stephen",male,32.67512611285151,2,0,69429,77.92398403392954,,S
2839,1,1,"Smith, Mr. Timothy",female,63.28114009515075,0,0,CA 381276,138.711695316884,,S
2840,0,2,"Benson, Miss. Debra",male,34.45968056718717,2,1,SOTON/O 520917,2.7312253140644227,,C
2841,0,3,"Miller, Master. David",female,31.95352456716255,1,0,STON/O 820848,19.095867131719764,F101,Q
2842,1,3,"Hart, Mr. Brian",female,29.117546063505902,1,0,STON/O 447199,67.40245007287687,,C
2843,1,3,"Harris, Miss. Vanessa",male,11.210727333289753,0,0,SC/Paris 315046,18.936526977901764,B124,S
2844,1,1,"Simpson, Miss. Craig",female,31.20156176018211,0,1,16467,0.8589545581089717,,Q
2845,0,2,"Franco, Mrs. Thomas",female,31.440357465914815,0,0,A/5 204868,82.25979386674135,C114,S
2846,0,2,"White, Mr. Lauren",male,16.43948106364796,0,0,91580,8.999586229938213,F74,S
2847,1,3,"Gibbs, Miss. Amy",female,13.385561398002892,0,0,STON/O 521038,19.34704248110423,,S
2848,0,3,"Romero, Master. Jeffrey",male,23.258010441251734,0,0,SC/Paris 139811,120.71807434480387,,C
2849,0,1,"Hernandez, Miss. Nathaniel",male,30.909061700017705,0,0,72530,11.714022081162142,,S
2850,0,3,"Hoffman, Mrs. Sean",male,23.594241460659585,0,0,A/5 774885,112.57547617561279,F4,S
2851,1,1,"Rose, Master. April",female,15.2877437048787,1,0,33047,27.456398526003177,,S
2852,0,2,"Miller, Dr. Jasmine",male,34.049811528060275,0,1,SC/Paris 558164,125.13229109922624,,Q
2853,0,3,"Ramsey, Mrs. Yvette",male,37.544135538369204,1,0,SC/Paris 775991,104.71843212167289,C142,S
2854,1,3,"Clark, Miss. Haley",male,31.69816792911129,0,1,83262,26.828023777784658,D9,S
2855,0,2,"West, Mrs. John",male,22.118242005722934,0,0,SOTON/O 259033,127.4705916500587,,Q
2856,0,1,"Davenport, Mrs. Nicole",female,38.327774297251615,0,0,37314,50.08165276002301,,S
2857,0,3,"Murray, Master. Nicholas",female,27.332477943822266,1,0,47705,32.27646983412385,,S
2858,0,3,"Green, Mr. Paul",male,13.352828097167908,0,0,31953,37.82466766730227,,S
2859,0,3,"Garner, Dr. Bruce",male,44.50742097001958,0,0,15288,3.26963933141555,,C
2860,0,1,"Beard, Dr. Jennifer",male,34.94911226973086,1,0,SC/Paris 551797,82.40659387253018,C135,C
2861,1,2,"Norris, Mr. Samantha",male,28.329935720259652,3,0,SOTON/O 663559,17.2985192469594,E94,S
2862,0,3,"Barker, Mrs. David",male,8.005269132313849,0,1,42782,15.747091212932768,B12,S
2863,1,3,"Phillips, Dr. Russell",male,19.571956092107037,0,0,75329,62.83324647558056,,S
2864,0,2,"Bernard, Master. Christopher",male,58.25991997336098,1,0,SOTON/O 353222,23.165934256567784,,S
2865,0,3,"Castillo, Miss. Christina",male,8.88321113367024,0,0,PC 847906,36.09413036092866,,S
2866,0,3,"Vance, Master. Rachel",male,26.481110085016304,0,1,44812,27.372222414983693,,S
2867,0,2,"Carter, Master. Shelly",female,29.771299327049324,1,1,SC/Paris 962064,35.12305772008694,D146,S
2868,1,1,"Finley, Miss. Gregory",male,34.486675051761765,0,0,STON/O 417730,12.562546339282576,,S
2869,0,3,"Smith, Miss. Cory",female,9.039606898430204,1,0,STON/O 755762,108.11326655375078,,S
2870,0,3,"Guzman, Master. David",male,32.438467589664405,0,0,CA 518805,47.10307816672902,,C
2871,1,3,"Williams, Dr. Stacey",male,6.394523525396487,0,2,SC/Paris 569444,13.309623625319608,,C
2872,1,3,"Hall, Dr. Spencer",male,31.364003146737158,0,0,STON/O 865799,4.80017148971993,,C
2873,1,2,"Beasley, Master. Christina",female,20.866429133865847,0,0,42966,38.336253951306034,,C
2874,0,1,"Watkins, Miss. Eric",female,17.877830263150656,0,1,CA 711351,31.566818908089513,,S
2875,1,3,"Mercado, Master. Jonathan",female,41.68744022134622,1,0,68571,134.77394386401158,E20,S
2876,0,2,"Holland, Mrs. Jessica",female,26.70151259290565,0,1,SC/Paris 870031,13.113730205477886,F77,S
2877,0,3,"Stout, Mrs. Olivia",male,36.631951268706004,1,0,49621,106.68654158839365,F5,S
2878,0,3,"Johnson, Mrs. Sylvia",female,37.09557675928944,0,1,SC/Paris 444167,72.72744399875096,,C
2879,0,3,"Brown, Mrs. Elizabeth",female,47.77934884537143,1,0,W.E.P. 987052,32.36134888154339,,S
2880,0,1,"Meyer, Miss. Kenneth",female,13.084391617305656,1,0,62184,103.48350115521048,G15,S
2881,0,3,"Avila, Mrs. Robert",female,42.86621927527659,0,0,54502,98.98126418946393,,S
2882,1,3,"Cole, Mrs. Courtney",female,30.230462714132656,1,0,61729,62.661947522111106,E59,C
2883,0,3,"Webster, Miss. Jessica",male,24.70625587482569,0,0,STON/O 286053,5.354267938263673,D144,S
2884,0,3,"Wilson, Mr. Krystal",female,13.910492731336046,0,0,52817,8.729046228895559,C112,C
2885,0,1,"Brown, Dr. Richard",female,38.49227206160006,0,0,63088,44.775473133664164,,S
2886,1,1,"Patterson, Dr. Kevin",female,17.088856701325604,2,0,SC/Paris 941217,14.079659535912157,,S
2887,0,2,"Taylor, Mrs. Jessica",male,37.24929221768,0,1,97171,40.05525252195706,,S
2888,0,2,"Rivera, Mrs. Carlos",male,56.98963082153985,0,0,W.E.P. 341210,41.13827061866213,,S
2889,1,3,"Hernandez, Mrs. Daniel",female,43.7196785650306,1,1,SOTON/O 666315,44.2268308750171,,Q
2890,1,3,"Rowland, Mr. Samuel",female,49.48008055210909,0,1,STON/O 311403,42.18008918227738,,C
2891,0,3,"Martinez, Master. Denise",female,19.933933118849556,1,1,47820,23.842037321247524,G170,Q
2892,1,3,"Davis, Mr. Veronica",male,40.67826264584793,1,1,A/5 559044,11.801620713408168,,S
2893,1,1,"Lane, Miss. Sandra",female,13.980990628090534,1,0,77490,36.546898114853256,,S
2894,1,3,"Miles, Dr. Richard",male,26.731239363955403,1,0,97240,34.176135691478216,C130,Q
2895,0,2,"Deleon, Mrs. Jonathan",female,54.37780878706768,1,0,SOTON/O 466510,16.09253833661361,,Q
2896,1,1,"Chambers, Dr. Amanda",male,21.490209110029223,1,0,PC 339948,2.6269808907371384,,S
2897,0,3,"White, Mr. William",female,45.5589865784233,0,0,A/5 886605,11.506476647422598,G198,C
2898,0,3,"Santos, Mrs. Joel",male,44.21905426199601,0,0,19058,40.01229972345916,E127,S
2899,0,3,"Bates, Dr. Mark",male,45.04637750309173,1,0,44293,38.35252141745665,,C
2900,0,1,"Chapman, Master. Erik",male,12.261972334302182,1,0,94390,7.17270553526088,,S
2901,0,3,"Campbell, Miss. Jason",male,37.35281352421951,1,0,PC 235077,46.576842413246965,,Q
2902,1,2,"Mendoza, Mrs. Ashley",female,27.807620077163914,1,0,11335,27.465289834466034,,S
2903,0,1,"Sanchez, Mrs. Mason",female,45.23895600540756,0,0,99343,53.01820588290814,C173,S
2904,0,3,"Kelley, Master. Rachel",female,6.829994403824166,0,0,CA 328841,109.46513226796084,C80,Q
2905,0,3,"Martin, Mrs. Amy",male,35.149030446918445,1,0,CA 520936,18.44804028719068,,Q
2906,0,3,"Melton, Dr. Lisa",female,33.16925283976094,0,0,W.E.P. 696787,21.332450693560453,G172,S
2907,1,3,"Underwood, Mrs. Christine",male,2.1383656785149086,1,0,PC 342918,56.47641164429531,,S
2908,0,3,"Sanchez, Mrs. Michael",female,17.60411501467032,2,0,30429,148.94918292794677,,C
2909,0,3,"Lee, Master. Shawn",female,4.377869016364084,0,0,PC 414178,33.28854895838473,,Q
2910,0,3,"Martin, Mrs. Steven",male,19.831025773079304,1,1,74860,9.273515177724455,,S
2911,0,3,"Avila, Mrs. Christopher",male,37.68903918531207,1,1,82054,136.6723217251769,G188,S
2912,0,3,"Fields, Mrs. Michael",male,32.735118059080506,0,0,SOTON/O 782670,31.72290585467006,E166,C
2913,1,3,"Price, Master. Kristen",female,32.371601128309685,0,2,A/5 513344,30.874112878943162,A42,S
2914,1,1,"Wang, Master. Brian",male,15.443526474960645,2,0,71950,38.80562112955488,C23,C
2915,0,3,"Ibarra, Dr. Edward",female,45.68630688114745,1,1,W.E.P. 602722,14.551343399935895,,S
2916,1,3,"Edwards, Master. Bethany",male,29.73652450294124,1,1,SC/Paris 149072,76.7846154528588,,S
2917,1,2,"Herrera, Master. Margaret",female,30.471853371605118,1,0,96580,51.22771902380001,,S
2918,1,3,"Jones, Mrs. Brett",female,43.165593965245826,0,0,42750,154.9106955733085,,S
2919,0,1,"Allen, Dr. Nathan",male,16.12115953230446,1,0,SOTON/O 231690,11.400777302218128,,S
2920,0,3,"Coleman, Mrs. Jared",female,33.19966877820692,0,1,CA 336786,48.26544562651856,A92,S
2921,0,3,"Anderson, Dr. Robert",female,35.92847488241988,1,0,85037,36.34906682665313,,C
2922,1,1,"Nguyen, Miss. Jennifer",female,22.362045895886126,0,0,13906,112.57266570883822,,Q
2923,1,2,"Larson, Mrs. Andrew",male,39.13322733063686,0,0,PC 132050,1.5418740873038417,F134,S
2924,0,3,"Fernandez, Dr. Joseph",male,36.67972438881394,0,1,33595,71.52293499280863,A141,S
2925,0,2,"Villa, Miss. Edward",male,28.58352602811605,1,1,78897,48.78342490552951,A142,S
2926,1,2,"Klein, Miss. Sandra",male,28.14988753811194,2,0,80699,46.7671942316945,D174,S
2927,1,2,"Chapman, Mr. Clayton",male,37.329667210198274,0,1,SOTON/O 621002,104.10081672723138,,S
2928,1,3,"Ellis, Mr. Lauren",male,41.03859456018466,0,0,A/5 866561,44.5552907398574,E88,S
2929,1,3,"Norris, Mr. Jean",female,30.880598843692965,1,0,16177,62.92545462239627,,S
2930,0,3,"Perry, Miss. Thomas",male,45.68265244569585,2,0,61351,51.88160291562701,,S
2931,0,3,"Luna, Dr. Taylor",female,39.219363474028164,0,0,A/5 911363,3.60191294509927,D60,S
2932,1,3,"Perry, Dr. Kelly",male,4.961504703824588,0,0,82709,5.98593473683615,F26,Q
2933,0,3,"Smith, Master. Robert",female,10.331446234410006,1,1,66151,20.662049699035187,,S
2934,0,2,"Jones, Mrs. Patricia",female,46.55129306630326,0,0,68820,56.30456953017682,,S
2935,1,3,"Lutz, Miss. Alyssa",male,26.545176159407433,1,0,W.E.P. 417785,1.3402682266273285,,Q
2936,0,3,"Simpson, Master. Heather",female,32.29846151916463,0,1,54179,74.05123367063106,,Q
2937,1,3,"Jones, Miss. Matthew",male,45.95006724722803,0,0,81928,11.345643630228643,,S
2938,0,1,"Garcia, Mr. Monique",female,29.910242956794225,0,0,24235,40.994468239647475,,S
2939,1,1,"Castaneda, Miss. Adam",male,30.521746534250884,0,0,SOTON/O 619935,11.229534580955356,,S
2940,0,2,"Johnson, Mr. Joel",male,17.837790740915793,0,0,A/5 873841,9.677293902325491,E152,S
2941,0,2,"Weaver, Mr. Melinda",male,35.17992310118529,0,0,23428,20.337644311942295,,S
2942,0,3,"Dunn, Dr. Amanda",male,38.21117106553553,1,0,CA 903089,127.23837866326306,,S
2943,0,1,"Hooper, Mr. Theresa",male,21.909654281960016,0,1,89295,13.580265371642122,D90,S
2944,1,3,"Mitchell, Master. Lisa",male,17.091700703717862,0,1,98622,2.4869842154425577,,S
2945,1,2,"Jacobs, Mrs. Marcus",male,66.76804957273319,1,2,90747,106.95716724930091,,C
2946,0,2,"Davis, Dr. Michael",female,28.699281422124038,1,0,CA 501072,28.895544559969306,,S
2947,0,3,"Davis, Dr. Shannon",male,20.42830724546992,0,0,PC 896599,48.51838472800888,G43,Q
2948,0,1,"Foster, Dr. Kyle",male,39.892210234091664,0,0,57588,108.4807177647823,,S
2949,0,3,"Robles, Mrs. Jacob",male,29.288883506809512,1,1,98365,70.45759746980902,,S
2950,1,1,"Sanchez, Miss. Louis",female,14.799271474330553,1,0,85351,79.6056991227201,,C
2951,1,2,"Roberts, Dr. Shane",male,36.76275000312023,1,0,W.E.P. 939683,32.70531309789043,,Q
2952,1,3,"Osborne, Mr. Robert",male,18.056306432938538,0,0,80957,58.1322682019273,,S
2953,1,3,"Williams, Miss. Pamela",female,52.07041203017887,0,0,64989,165.8886811433335,,Q
2954,0,2,"Wilson, Dr. Sandra",male,36.92306481653363,1,0,A/5 730871,110.26795853541518,,S
2955,1,2,"Martinez, Dr. Donald",male,26.123674056634826,0,0,STON/O 913086,47.39261230085301,F18,S
2956,1,3,"Morris, Master. Pamela",male,31.53085825230958,0,1,PC 148175,4.461924020542072,,C
2957,1,3,"Rogers, Master. Jennifer",male,42.646033695374705,0,0,44578,194.86030820980892,,S
2958,1,3,"Oliver, Master. Mary",male,32.60345754985118,0,0,47007,12.776036811572261,A103,S
2959,0,2,"Scott, Dr. Aaron",male,59.709532401269676,0,1,84575,22.3735857559172,,C
2960,1,3,"Kennedy, Dr. Robert",male,45.90214522953734,2,0,SOTON/O 778286,7.5616533437689775,,S
2961,0,1,"Morgan, Master. Michael",male,36.82650314585571,0,1,86621,9.112877913219812,,C
2962,0,1,"West, Mr. Tyler",female,16.882197770881223,0,2,W.E.P. 693473,79.42743864470374,,Q
2963,0,3,"Turner, Master. Christine",male,27.943566545372125,0,0,SC/Paris 467329,6.8636459364845095,,S
2964,1,1,"Martin, Dr. Jenna",female,36.704249580734334,1,0,SOTON/O 274830,10.497512454619168,,S
2965,1,1,"Mckenzie, Dr. Phillip",male,18.479940179386062,1,1,25449,9.406383362867889,,C
2966,1,1,"Johnson, Mrs. David",male,48.1079762494813,0,0,CA 500407,23.116583958164224,,S
2967,1,2,"Stewart, Mr. Laura",female,16.36179721510743,1,0,PC 431235,59.320753782006705,,S
2968,0,3,"Johnson, Miss. Megan",male,21.078840227357368,0,0,CA 685973,51.61833469042239,F141,C
2969,1,3,"Mcmillan, Mr. Samuel",male,22.127811411471658,0,0,W.E.P. 459603,64.49388018008942,,S
2970,0,1,"Peterson, Master. Virginia",male,40.413542448863865,0,0,STON/O 598865,64.87973139954568,,S
2971,0,3,"Cook, Master. Sean",male,18.73089085960918,0,2,35566,0.15026084499110112,,C
2972,0,3,"Townsend, Mr. Manuel",female,4.800328014133232,3,0,33353,57.686139431270156,B57,C
2973,1,3,"Porter, Mrs. Miranda",male,45.23254370066398,2,1,85027,57.691337435991926,,S
2974,1,2,"Anderson, Mrs. April",male,23.778592008522136,0,0,81357,3.206223710089897,,S
2975,0,3,"Dominguez, Miss. Lisa",female,15.040893149872883,1,1,27119,27.85405659781582,,Q
2976,0,3,"Miller, Master. Kenneth",female,19.431980255164444,0,0,67865,4.095610960928495,,C
2977,1,1,"Lutz, Dr. Jeffrey",female,54.03467848858091,0,3,52689,10.587312771807506,,S
2978,0,1,"Conway, Miss. Timothy",male,20.80138823817925,1,0,PC 559269,33.64280934140744,,S
2979,1,1,"Bennett, Mr. Sonya",female,28.27284652472338,0,0,PC 504505,0.6042396124168817,F26,Q
2980,1,3,"Hill, Mrs. Melvin",female,23.743142927995777,1,0,PC 280302,4.991014286596176,,S
2981,0,1,"Adams, Miss. Brenda",female,12.742724391927407,2,3,44066,4.4372555540520215,A143,S
2982,0,3,"Lee, Dr. Laura",female,19.601940128542513,0,1,99250,6.65052520286958,,S
2983,1,1,"Herrera, Mrs. Leslie",female,11.784482301909073,0,0,PC 737263,2.5532154952450283,,S
2984,1,3,"Flynn, Dr. Melissa",male,43.38233785953,0,0,22387,47.34742392921502,,S
2985,0,2,"Graham, Dr. Donna",male,31.41230690459034,1,1,STON/O 517011,9.837053370306897,,C
2986,1,3,"Wood, Mrs. Victoria",female,64.7574886704405,1,1,SC/Paris 668775,99.2440436931582,,S
2987,0,3,"White, Dr. Jamie",male,20.075249850131755,0,0,SOTON/O 695041,108.05439056411328,D33,C
2988,0,1,"Walter, Miss. Jane",male,17.975956553961332,3,3,91529,58.726167804876475,G116,S
2989,1,3,"Estrada, Mrs. Gerald",male,51.472636756974595,1,2,CA 615256,3.3580856129713754,,S
2990,1,1,"Melton, Mrs. Robert",female,44.811678448953884,1,0,30688,111.09808415789459,,S
2991,0,3,"Sanchez, Mrs. Phillip",male,35.386710304794306,0,0,75326,27.123061173860606,,S
2992,1,3,"Adams, Master. Kyle",female,14.408318788764198,0,0,22386,9.990550993801351,,Q
2993,0,1,"Watts, Master. Paige",male,54.429947748191076,0,1,W.E.P. 430629,75.42958708650974,,S
2994,0,1,"Ray, Mrs. Cindy",male,28.990555763215127,0,1,54928,21.285429817770154,,S
2995,0,2,"Ballard, Miss. Susan",male,23.970548201069498,0,0,SC/Paris 156097,35.26834452984738,A97,S
2996,1,3,"Moody, Dr. Ruth",male,46.001436316855916,1,0,20918,67.9418635304529,,S
2997,0,3,"Snow, Miss. Marilyn",female,29.687868302447782,0,0,STON/O 971046,5.330305472060052,,C
2998,0,3,"Jackson, Master. Nicholas",female,13.680618801153642,1,0,CA 962298,9.289603602589006,B24,S
2999,0,2,"Campbell, Dr. Carol",female,30.564236392980145,1,1,61217,172.9834390550939,,S
3000,1,1,"Shah, Master. Pamela",male,19.061116778009307,0,0,81668,62.50862324775341,,Q
3001,1,3,"Duncan, Dr. Tony",male,0.42,0,2,37780,13.141387051198578,,S
3002,1,1,"Bailey, Mrs. Brandi",male,17.656057309898152,3,0,SC/Paris 773409,42.640721229289674,,Q
3003,0,3,"Brown, Mrs. Bruce",male,22.611702007850088,2,0,61707,10.411988311610521,,S
3004,1,2,"Lucero, Mrs. Edward",male,13.820968469897327,2,1,51238,100.29570448892223,B20,S
3005,0,1,"Blair, Dr. Amanda",female,38.05345144959652,0,0,SOTON/O 133921,29.766115269513506,,S
3006,1,3,"Ortiz, Mr. Seth",male,19.115731397397056,1,0,A/5 515307,82.2198080239462,,Q
3007,1,3,"Hood, Mrs. Scott",male,36.697966811682385,1,0,10135,178.6276863298438,E168,S
3008,0,3,"Rios, Miss. Scott",female,12.733523690843594,0,0,A/5 402472,197.83770555418104,,S
3009,1,1,"Tapia, Mrs. Stephanie",male,42.72906489515554,0,1,A/5 989992,7.402746575109983,,S
3010,0,1,"Cook, Master. Brady",female,12.129244626669117,1,2,76803,144.84502315270595,,S
3011,0,3,"Olson, Mrs. Debra",female,0.42,0,0,CA 357813,15.75535841641679,,S
3012,0,3,"Miller, Mrs. Richard",male,47.32167619228518,0,0,CA 542394,22.2848556380627,,S
3013,0,3,"Nelson, Mr. Michael",male,18.017486747763602,2,0,PC 317852,3.253202538648211,,C
3014,0,1,"Young, Mr. Emily",female,54.59700681479172,1,0,14293,51.86609078349641,,C
3015,1,3,"Smith, Master. Sheila",male,37.90428661691298,0,0,A/5 880096,51.657697446210435,,C
3016,0,3,"Cunningham, Miss. Roberto",male,41.063686457337546,0,0,79718,75.0379131015986,,S
3017,1,3,"Shah, Miss. Amber",female,44.63661500652502,2,1,77696,146.17997439879952,B199,C
3018,0,3,"Sharp, Dr. Jesus",male,31.57751084748697,2,0,31687,27.94538001523167,,S
3019,0,2,"Smith, Mr. Thomas",male,31.736775849739544,0,1,SC/Paris 359080,26.164665600108428,,S
3020,1,3,"Delgado, Master. Jose",female,47.93876033872032,2,0,92460,50.95978760770432,,S
3021,0,3,"Cole, Mrs. Brandon",female,31.559018939773374,1,1,PC 647371,55.04229007602761,,C
3022,0,3,"Fernandez, Miss. Tammy",male,19.80552414484746,0,1,76527,29.461196101238002,,S
3023,1,3,"Lucas, Dr. Jessica",male,38.20061984227113,2,0,SC/Paris 535978,125.86838392543372,,S
3024,0,3,"Austin, Dr. Ronald",male,0.42,0,1,STON/O 163032,2.679174776495452,,S
3025,0,3,"Hardin, Mrs. Destiny",male,48.47382322184299,1,0,SC/Paris 286275,70.61172305803385,,S
3026,0,1,"Valdez, Dr. Brandon",female,48.76614790351128,0,1,97520,11.656093708930808,C140,S
3027,1,1,"Brown, Mr. Richard",female,46.77433335372311,0,0,PC 766578,34.19246666998062,A72,C
3028,1,1,"Scott, Master. James",female,46.23680747328772,0,1,W.E.P. 621126,95.3561341472135,,S
3029,1,1,"Poole, Mr. Scott",male,28.821545445224277,1,0,49817,19.994470233492397,,C
3030,1,2,"Hood, Master. Daniel",male,28.506446617097687,0,0,W.E.P. 624062,114.97186086024416,,Q
3031,0,2,"Kent, Mrs. Catherine",male,12.785038743208013,2,0,W.E.P. 370042,29.954012803184398,,S
3032,0,2,"Hill, Mr. Michelle",male,54.47257752395467,0,0,99295,60.65953341233219,E186,S
3033,1,2,"Ramsey, Mrs. Joy",male,23.209745577632113,0,0,SOTON/O 373294,64.12933286324382,E167,S
3034,0,1,"Fletcher, Miss. Amy",male,34.75839433652634,0,0,59382,15.110251815575317,,S
3035,0,1,"Bates, Dr. Jason",male,33.55663396136689,0,0,63318,115.45913452215606,A89,Q
3036,0,3,"Green, Master. Kelli",female,11.234131457541807,0,0,62879,6.654355130554652,,S
3037,0,3,"Harris, Dr. Christina",female,5.574549662275121,3,0,CA 955958,44.58858002779494,,S
3038,1,2,"Harvey, Mrs. Wendy",male,30.078212692142877,1,0,CA 257017,132.25968602238225,,S
3039,0,3,"Turner, Dr. Kelly",male,23.647414353438876,0,0,PC 357402,1.5741887898432467,,S
3040,0,3,"Johnson, Master. Tiffany",female,28.747883970593307,1,1,SOTON/O 871201,37.88439871629987,,S
3041,0,2,"Rosales, Mrs. Jake",female,44.91581882284525,0,3,62240,14.147190413447227,F170,S
3042,1,3,"Roberson, Master. Brian",male,33.149218107518315,0,2,W.E.P. 392776,10.687933317996828,,S
3043,0,3,"Saunders, Miss. Stephanie",female,40.61931557070623,1,0,PC 169203,13.313415136819653,,S
3044,0,3,"Young, Master. James",female,36.23459427045808,0,0,18858,116.49120289344972,,S
3045,1,2,"Reyes, Dr. Martin",male,25.571321294642356,0,0,58289,27.71414008743979,E108,C
3046,1,3,"Ross, Mr. Wesley",male,15.974755659297106,0,0,86683,13.452546864445994,,S
3047,0,1,"Ellis, Mrs. Michael",male,33.706050153588556,0,0,W.E.P. 993640,131.24808946510183,,Q
3048,0,3,"Davis, Miss. Vernon",male,31.17449667084528,0,0,CA 830920,19.402187104340058,,C
3049,0,3,"Estrada, Mr. Cynthia",male,42.81218872506646,1,0,14792,64.27117851621831,,Q
3050,0,3,"Farmer, Mr. Teresa",female,27.8873990238851,1,1,CA 611637,38.52004746043593,,S
3051,0,3,"Jones, Mr. Robert",female,25.837218368382683,0,0,SC/Paris 543044,56.841530631695555,C105,S
3052,0,2,"Brady, Mrs. Tamara",male,26.787008627057602,2,0,35773,10.08599919787539,,C
3053,0,3,"Gonzalez, Mrs. Kerry",male,17.13782710992376,0,0,SC/Paris 263790,56.742147102957965,,C
3054,0,3,"Sanders, Mr. Dale",female,50.256739227486406,0,0,91811,118.12816067067327,,S
3055,1,1,"Elliott, Master. Elijah",male,45.954802564620664,1,0,92773,5.318332934901558,D71,Q
3056,1,3,"Gonzalez, Master. Claudia",male,13.017582394587343,1,0,SOTON/O 332376,19.765634305809982,,S
3057,0,2,"Flynn, Mr. Kelly",female,41.255273987615695,1,1,STON/O 859374,179.86874727478033,,Q
3058,0,1,"Johnson, Master. Amber",male,4.169929104946885,0,0,STON/O 406291,12.757287608110508,,Q
3059,0,3,"Cowan, Mr. Kimberly",male,43.794049263554314,0,0,31250,3.070201138985658,,S
3060,1,2,"Warner, Mrs. Kenneth",male,20.251093684492545,1,0,32357,2.8316360728487386,E54,S
3061,0,3,"Mercado, Master. Ashley",male,35.038607807495524,0,0,77415,16.099825048400607,,S
3062,0,2,"Dixon, Miss. Shane",male,2.986864346416592,0,0,SOTON/O 312709,34.14729474169144,,C
3063,0,1,"Johnson, Mrs. Daniel",male,13.218140756508696,0,0,STON/O 326180,15.655287813529444,,Q
3064,1,3,"Brown, Mr. Aaron",male,36.56184154149173,0,0,CA 993985,16.487943985045437,E60,S
3065,1,2,"Hicks, Miss. Carly",male,20.187285432641076,0,1,SOTON/O 967057,89.01891089079058,,C
3066,0,3,"Harrison, Miss. James",male,18.24051981478922,1,3,10489,72.82301052170503,C52,S
3067,0,3,"Hall, Mrs. Sarah",male,49.54206376432937,2,0,CA 223883,18.614538209530306,,C
3068,1,3,"Thomas, Miss. Bryan",male,60.95342895782024,0,0,32567,21.147419631613438,D146,S
3069,0,3,"Cunningham, Master. Suzanne",female,43.118195115472766,1,0,A/5 566963,174.78586857647667,,C
3070,1,3,"Barker, Miss. John",male,14.713671995709108,0,0,SC/Paris 651450,149.94254785615158,E155,S
3071,1,2,"Brown, Miss. Sarah",female,54.68927065944779,1,0,STON/O 948204,180.77994368201567,,S
3072,0,3,"Wood, Dr. Rebekah",male,8.139948364922649,0,0,SC/Paris 824993,140.00816141532925,F111,C
3073,0,1,"Cunningham, Miss. Jimmy",male,25.737119642945437,0,0,18652,49.4547794208544,,S
3074,0,3,"Kline, Miss. Richard",female,30.766888737823226,1,1,30138,18.432024497421338,,S
3075,0,3,"Howell, Master. Christian",male,56.93652981374248,0,0,22608,174.49509740700688,,S
3076,1,3,"Brown, Miss. Daniel",female,42.777227925724155,0,0,14303,67.89861569136356,,S
3077,1,3,"Martinez, Miss. Benjamin",male,23.507392272806726,2,2,CA 134981,62.10903294981206,,C
3078,0,3,"Burgess, Mrs. Nicole",male,16.770612209083502,1,0,SOTON/O 631000,79.88022586204214,,S
3079,0,3,"Baldwin, Dr. Jeffrey",female,44.03069715324556,0,0,35072,45.623415111435854,,S
3080,1,3,"Murphy, Miss. Lawrence",male,22.532974598915025,1,0,W.E.P. 153223,43.76461601199866,F155,C
3081,1,2,"Thomas, Mr. Daniel",male,33.03436123010965,2,0,STON/O 237371,22.418505287720052,F6,C
3082,1,1,"Thompson, Dr. Nancy",female,10.823129150372381,1,1,40554,8.169353828942558,A199,S
3083,0,3,"Norton, Master. Seth",female,37.96960997313881,0,0,SC/Paris 670977,28.859511283728228,,S
3084,0,3,"Brown, Miss. Jasmine",male,36.8417320404647,1,1,98730,36.42574717982483,,Q
3085,1,1,"Bell, Mrs. Melissa",male,12.617319136785596,0,0,94876,105.10896255948285,,C
3086,1,1,"Morris, Mrs. Kaitlin",male,44.442723580202966,2,0,92745,25.674833576741236,,S
3087,0,2,"Hoover, Master. Ryan",male,37.76644131539894,1,0,56191,107.28710968849626,G195,S
3088,0,3,"Wagner, Master. Lisa",male,40.360339538921366,0,0,STON/O 282227,19.100941361040828,B108,S
3089,0,3,"Burns, Mr. Jeffery",female,24.69849830149817,1,1,56399,144.72858737469073,C63,S
3090,0,2,"Lynch, Master. Marcus",male,32.505389758010196,1,0,59591,1.985683585684887,,S
3091,0,1,"Andrews, Master. Zoe",female,30.887304164114543,0,0,W.E.P. 138397,37.257035320109836,,S
3092,1,2,"Sanchez, Dr. Gina",male,27.925614333440773,1,0,PC 330031,19.400286539918408,,S
3093,0,1,"Hobbs, Miss. Olivia",male,32.387045894321844,0,0,16913,17.43626415694989,A106,S
3094,1,1,"Taylor, Mr. Craig",female,47.590201633149356,2,0,SOTON/O 586834,4.136075983367803,,C
3095,0,3,"Thomas, Mr. Jeffrey",male,45.049308941854974,0,0,SC/Paris 685584,57.173438570903656,,S
3096,1,3,"Dominguez, Mr. Andrew",male,13.453950515436006,0,0,CA 907350,24.924170712323342,A135,S
3097,1,1,"Mcintosh, Miss. Stephen",male,43.79562543669716,1,0,A/5 881883,148.84853829338203,,C
3098,0,1,"Moore, Master. David",female,46.6760072184725,0,1,36697,62.31334485619282,A144,S
3099,0,2,"Barr, Master. Joshua",male,27.883512573066874,1,0,SOTON/O 314828,29.249719728630986,,S
3100,0,3,"Leblanc, Dr. Scott",male,37.118259453168875,0,0,17936,49.34877746252418,C14,S
3101,0,1,"Bishop, Dr. Regina",female,36.91602334224225,0,0,25961,3.41400508708293,,S
3102,1,2,"Franklin, Mr. Jessica",male,18.100467366559783,1,0,W.E.P. 251389,44.47491805467465,,S
3103,1,1,"Davidson, Miss. Gregory",female,24.652611974603406,0,0,W.E.P. 998994,54.85313450128233,,C
3104,0,3,"Bryant, Master. Colleen",male,40.5113433439225,2,0,46582,5.6116707816391065,C127,S
3105,0,3,"Harris, Miss. Austin",male,23.058488684359684,0,0,58554,57.35284294631462,,C
3106,0,3,"Taylor, Master. Monica",female,43.6569938296723,0,0,SOTON/O 884080,32.12340616918779,C134,S
3107,1,2,"Stewart, Miss. David",female,48.26961417189666,0,0,STON/O 868814,32.65953221516259,,S
3108,0,3,"Moore, Miss. Carolyn",female,46.01140578772659,0,0,23038,64.29125547720935,D196,C
3109,0,3,"Ramos, Mr. Paul",female,57.71726444437239,0,0,83335,29.874297507061016,C97,S
3110,0,1,"Flores, Dr. Rebecca",male,28.729748047924424,0,0,59014,13.351329352123411,,S
3111,1,1,"Mcpherson, Mrs. Luis",male,32.480815035566884,0,0,W.E.P. 695824,17.711316680714962,,S
3112,0,3,"Jensen, Miss. Matthew",male,34.489282668676964,0,0,15933,67.03760865448325,,S
3113,1,1,"Gaines, Mrs. Heather",female,29.15442905012966,0,0,A/5 752341,3.6820930927514817,D11,S
3114,0,2,"Peters, Mr. Daniel",female,37.59050563742302,1,0,CA 287134,91.88770382212809,,S
3115,0,3,"Schaefer, Miss. Courtney",female,6.043143593832156,1,0,SOTON/O 225703,43.6380438397219,,S
3116,1,3,"Cuevas, Mr. Thomas",male,32.86867544169527,1,0,SC/Paris 368612,64.9088425161458,G131,S
3117,1,2,"Edwards, Mrs. Karen",male,10.715886901639458,0,0,63590,21.055932402482554,,S
3118,0,3,"Morris, Master. Jay",female,16.52327411349391,1,0,27636,12.599147112982772,,Q
3119,0,3,"Hernandez, Miss. Kristin",female,40.26045735441879,0,0,PC 741834,81.62911095088519,D87,S
3120,0,1,"Stone, Mr. Renee",female,27.21237266171372,0,0,STON/O 195780,5.3908723621240755,F6,Q
3121,0,3,"Hill, Mrs. Michelle",female,39.76660264602128,0,0,53332,9.067342542417652,C189,Q
3122,0,1,"Bartlett, Miss. Mike",male,26.90912754958418,1,0,37331,16.76811313530818,,S
3123,0,1,"Thomas, Mrs. Kenneth",male,45.48968842947618,0,0,38612,21.633290333823208,B137,S
3124,0,3,"Logan, Master. Ashley",male,26.652870121301753,0,0,STON/O 772393,11.386166534887654,E172,C
3125,1,1,"Hill, Miss. Heather",male,2.631141146116274,0,0,CA 398293,121.87991475582656,A73,S
3126,0,1,"Chandler, Mr. Curtis",male,33.15549614815779,0,0,SC/Paris 178569,1.377760877853167,G122,S
3127,1,1,"Jackson, Mr. Brandon",male,0.42,0,0,SOTON/O 623909,81.34605257509439,,S
3128,0,3,"Rose, Mr. Jeffrey",male,9.661907364546295,0,0,CA 618096,26.47238388779305,C135,S
3129,1,3,"Avila, Mr. John",male,17.63874859402002,1,0,PC 384791,90.42901699130582,,S
3130,1,1,"Allen, Miss. Matthew",female,15.892067311217376,2,2,29667,79.4732151654678,,S
3131,1,3,"Morrison, Master. Christopher",female,22.369288738172006,0,0,W.E.P. 235061,6.450645497854084,,C
3132,1,1,"Kennedy, Master. Randy",male,15.411050470564518,0,0,48255,54.89288030603584,,S
3133,1,3,"Green, Mr. Jennifer",male,10.316662709800582,0,0,SC/Paris 779508,23.776657467558625,E20,C
3134,0,2,"Liu, Mr. Patricia",male,51.58570042777083,1,0,W.E.P. 504782,86.02202413553879,,S
3135,0,3,"Jordan, Mr. Melissa",female,20.505976350513457,0,1,A/5 454533,95.19669127607429,,C
3136,0,3,"White, Mr. Nicole",male,0.42,0,0,SC/Paris 152152,10.47721249477482,,S
3137,1,3,"Bowen, Miss. Elizabeth",male,24.9471427778704,1,0,W.E.P. 500896,32.56653101436579,,S
3138,1,1,"Johnson, Master. Kimberly",female,14.253765187614247,1,0,94215,45.11985342989293,D164,S
3139,0,3,"Wilson, Dr. Dylan",male,17.610453217900613,0,0,52551,39.27147439022273,,Q
3140,0,1,"Finley, Dr. Gary",female,39.94479473893479,1,0,SC/Paris 993092,14.502301139879279,,S
3141,0,3,"Coleman, Master. Erica",male,23.725793337006948,1,0,14165,15.906453671152374,,S
3142,1,2,"Guzman, Mr. Susan",male,13.863647582949607,2,0,A/5 386970,97.66389287966423,,S
3143,0,2,"Mcgee, Dr. Kenneth",male,36.24754913940143,0,0,SOTON/O 929837,1.6623402931207498,,Q
3144,0,1,"Garcia, Miss. Corey",female,46.0991716285272,2,0,SC/Paris 408265,15.215172761047802,F102,S
3145,0,1,"Cook, Mr. Mary",female,37.51621027695783,1,0,A/5 922948,12.620549640111578,G99,C
3146,0,3,"Castro, Master. Amanda",male,0.42,1,0,92954,23.154820007138653,,S
3147,1,3,"Moon, Master. Philip",male,14.390146966441804,0,0,84086,57.93442888530925,,S
3148,1,3,"Smith, Mrs. Kirk",male,30.66427942890687,0,0,84522,37.99219162419909,,C
3149,1,3,"Contreras, Miss. Natalie",female,26.579808326303784,1,0,SOTON/O 866977,38.89491630189715,,S
3150,0,3,"Pearson, Miss. Laura",male,25.418147844851248,3,0,92981,65.70569492787605,A173,S
3151,1,2,"Collins, Mrs. Joseph",female,16.241406300228324,0,0,50698,83.608410185831,B36,C
3152,0,1,"Buckley, Mrs. George",male,10.321822836915842,0,1,W.E.P. 655541,8.71019951649174,,S
3153,1,1,"Barber, Mrs. Madison",male,58.10894404938228,1,1,24704,5.716167637032271,,S
3154,0,2,"Harris, Miss. Lauren",male,30.379553343944767,1,0,82259,17.920882088754304,,S
3155,0,2,"Brooks, Mrs. Katherine",female,38.98970504414385,1,0,SC/Paris 732649,87.88335286796762,F67,Q
3156,1,1,"Flores, Miss. James",female,30.087516430173327,1,1,PC 552822,39.016317698918684,,S
3157,1,1,"Estrada, Mrs. Nicole",male,30.648881780931855,0,0,SOTON/O 947495,7.705701573271067,,C
3158,0,1,"Beck, Dr. Dennis",male,29.130552402669977,1,0,W.E.P. 759608,8.940652287161548,,S
3159,1,3,"Sanchez, Master. Tina",male,14.31375797295795,1,1,77643,114.27118675728548,,S
3160,0,1,"Smith, Miss. Christina",male,8.797147587520534,0,0,27564,22.861773431876927,E77,C
3161,0,3,"Bender, Mr. John",female,35.407155232429815,0,0,89190,14.737300144439603,E89,S
3162,0,3,"Taylor, Mr. Jessica",male,32.62979370179633,2,0,PC 179763,59.166086150807395,,C
3163,0,3,"Mcconnell, Mrs. Craig",female,43.1359325784359,0,0,PC 132777,98.58657018270704,D159,C
3164,0,1,"Sampson, Mrs. Christopher",female,40.29505157298837,2,0,W.E.P. 597306,29.206567445863403,,S
3165,0,2,"Olsen, Miss. Matthew",female,18.68082930150461,1,0,CA 891310,78.30267913068376,,S
3166,0,1,"Phillips, Dr. Lisa",female,45.85627832490621,1,0,41622,28.10919562978719,,S
3167,1,2,"Allen, Mr. Betty",male,40.710380732163244,0,1,SOTON/O 361536,58.78934192561683,,S
3168,0,1,"Moreno, Miss. Stephen",female,39.67178197800269,3,0,CA 546976,42.7618758843891,,S
3169,1,3,"Rivera, Mr. Hannah",male,61.49057508770332,0,0,W.E.P. 671729,112.42701255802923,G62,C
3170,0,3,"White, Master. Isaiah",male,58.61542267511463,0,0,95587,19.65593730694957,,S
3171,1,3,"Lopez, Mrs. Amanda",female,39.6587927317684,0,0,CA 927061,73.57502002938105,,S
3172,0,2,"Burgess, Miss. Jacob",male,37.91276088172542,1,1,SOTON/O 576385,57.590741302568645,D59,C
3173,0,2,"Fitzgerald, Mrs. Leah",female,45.143172544775524,1,0,68572,91.2628527217164,,S
3174,0,3,"Wright, Miss. Allison",female,21.8246472246148,0,1,SC/Paris 569571,46.76609643823053,,S
3175,0,1,"Scott, Mrs. Eric",female,22.022390393725296,0,0,STON/O 990287,30.822104609407585,,Q
3176,0,3,"Kennedy, Mrs. Donald",male,39.42789969928678,0,1,67112,2.5359415622773276,,S
3177,1,3,"Foley, Miss. John",female,18.009334752213988,0,0,A/5 759322,91.53492845445325,,S
3178,1,2,"Andrews, Master. Amber",male,38.29877279732557,1,1,87557,120.36093214050607,E170,S
3179,1,2,"Robles, Mr. Mary",female,32.19565033150666,0,0,SC/Paris 192867,29.86033864197866,C21,S
3180,1,3,"Howard, Miss. Monica",male,18.01333853571034,0,1,W.E.P. 158442,12.568312367093057,B89,S
3181,0,1,"Mcmillan, Master. Sarah",male,30.36213114403619,1,0,SC/Paris 240776,52.0863879607188,,S
3182,0,1,"Allison, Dr. Ashley",male,48.27114228993783,0,1,CA 215449,6.488379315200042,,S
3183,0,1,"Campbell, Mrs. Michael",male,31.153186309153725,0,0,23181,2.085228645433801,,S
3184,0,1,"White, Mrs. Megan",male,31.211667066651682,0,0,38411,17.13198364225015,,S
3185,0,3,"Burgess, Mr. Alexander",male,34.605793904664345,0,2,PC 614332,56.95811399697936,B61,S
3186,0,3,"Crawford, Mr. Thomas",male,36.428639320482525,0,0,W.E.P. 612853,84.15509241106469,,S
3187,0,1,"Anderson, Mrs. Michael",female,25.368233474863295,0,1,CA 381005,8.530806628772453,,C
3188,0,3,"Sanchez, Mrs. Christopher",male,34.90365467153867,1,0,PC 101269,146.07687975334,,S
3189,1,3,"Burch, Miss. Barbara",male,15.313014965729735,1,0,SOTON/O 213547,40.15663244123859,,S
3190,1,3,"Moore, Mr. Brooke",male,18.81300520432557,3,0,21472,129.68586075200378,E111,C
3191,0,3,"Leonard, Miss. Misty",female,20.60391248694128,1,2,W.E.P. 421445,8.113560040488219,,S
3192,1,2,"Thompson, Miss. Heather",male,36.576677654877514,0,0,98633,30.622212779196705,,S
3193,1,1,"Jones, Mrs. Jerry",male,32.24325958578788,2,0,STON/O 972653,28.176978334371718,A75,S
3194,0,3,"George, Mr. Felicia",male,28.118965918584657,1,1,82150,26.5252829304698,D74,S
3195,0,3,"Gordon, Master. Michael",male,39.670779854194016,0,0,56844,133.529203604432,,S
3196,0,3,"Heath, Mr. Jonathan",male,35.3040691583927,1,0,30744,94.66032328022594,,S
3197,1,3,"Holt, Miss. Daniel",male,25.940325080239795,0,1,78500,79.06136691094243,,S
3198,1,3,"Robertson, Miss. William",female,15.506768200522632,0,0,CA 997667,16.852293692163443,D5,S
3199,0,2,"Pugh, Mrs. James",male,18.52407678282546,2,1,71237,20.703245405127717,C184,S
3200,0,1,"Baker, Dr. Tammy",male,9.464667484499515,0,0,CA 314179,15.008169793743843,,S
3201,0,1,"Thornton, Mr. Geoffrey",male,31.96797370211156,0,0,W.E.P. 267871,78.86871308316003,,S
3202,0,3,"King, Master. David",male,17.930057045648592,2,0,W.E.P. 452424,24.94703445116452,,C
3203,0,3,"Jefferson, Mr. Nancy",female,23.06547825222581,1,1,91043,192.42193706381153,,C
3204,1,3,"Leonard, Mr. Diana",male,28.213730471195905,0,1,CA 429486,22.652707576043845,,S
3205,1,3,"Moss, Miss. Robin",female,44.6159326786296,0,0,STON/O 623276,9.303578278243444,,Q
3206,1,3,"Lawson, Mrs. Pamela",female,43.00306837643547,0,2,PC 726718,132.8590033404096,,C
3207,1,3,"Riggs, Master. Randy",male,29.23408140244436,0,0,A/5 193534,76.3262036077168,F104,C
3208,1,3,"Freeman, Master. Jasmine",female,47.71704885160419,0,0,A/5 441923,43.76189690850023,,S
3209,0,1,"Jones, Mr. Joseph",male,1.8271208695079473,0,0,55820,97.75108700607069,,C
3210,0,3,"Nunez, Mr. Nathan",female,56.28108769673118,0,1,W.E.P. 291554,149.235411419094,,S
3211,0,3,"Conner, Master. James",male,39.69499600026419,0,0,66468,98.79779351145132,C157,S
3212,1,1,"Lamb, Master. Scott",male,31.439245990279012,2,0,A/5 662840,117.44147208365507,,C
3213,0,1,"Scott, Dr. Henry",male,17.520964469471117,1,0,48091,15.820432013638452,,C
3214,1,3,"Jones, Dr. Aimee",male,23.8670568741735,0,0,40265,35.754199399304596,,C
3215,0,1,"Jones, Master. Alison",male,38.53091253809258,0,0,61516,79.30861910018903,,Q
3216,0,3,"Foster, Mrs. Donna",male,38.8491113694398,0,0,64517,37.32949222827724,,S
3217,0,2,"Moreno, Dr. Victoria",female,39.357507188271015,0,1,CA 292731,51.33870847321004,,Q
3218,0,3,"Garrison, Miss. Dale",male,19.801045718869553,1,0,STON/O 337473,128.09672409606503,,S
3219,1,3,"Thompson, Miss. Jason",male,16.982132017787066,1,1,A/5 861990,17.502287550405363,,S
3220,1,2,"Nelson, Miss. Joan",female,32.73287342093509,0,1,32869,38.761915385927935,D84,S
3221,0,2,"Norris, Mr. Justin",male,40.77795540880062,1,0,60395,41.45279573005668,,S
3222,0,3,"May, Dr. Megan",male,30.04458789306802,0,0,A/5 308894,22.27820386166848,F55,S
3223,0,3,"Garcia, Mr. Amy",male,50.740779456392346,0,1,22952,22.96489360550634,,S
3224,0,3,"Woodard, Mrs. Miguel",male,30.46392447066156,0,0,W.E.P. 214738,73.27531115944329,,S
3225,0,2,"Mcmillan, Master. Kristina",male,29.990078986338194,1,2,84661,132.61756114113302,B88,S
3226,1,1,"Newton, Master. Cheryl",female,39.38783987669737,0,0,PC 935546,50.21985174752586,,S
3227,0,2,"Torres, Mrs. Trevor",male,47.06922192628854,2,0,34632,33.46605653327831,G40,S
3228,0,3,"Brown, Dr. Brittney",male,11.110426362736373,0,0,16505,69.38666404933333,,Q
3229,0,1,"Collins, Mrs. Jason",male,14.347836087501625,1,0,23020,306.1742390270617,,C
3230,0,2,"Chandler, Master. Michelle",male,25.614339871583464,0,0,52621,4.299773718147999,,S
3231,0,1,"Mendez, Master. Tristan",male,74.22518498424128,0,1,SOTON/O 356546,52.71773334124067,,S
3232,0,2,"Moore, Mrs. Katrina",male,26.339440124426954,0,1,36113,40.60870905900794,C133,S
3233,0,3,"Jones, Mr. Renee",male,28.295038797852037,0,0,56558,47.112049557719345,D143,Q
3234,0,1,"Nixon, Mrs. James",male,38.65692701731085,0,0,11672,1.154205403696982,,S
3235,0,3,"Dixon, Mr. Martin",female,43.67700463938864,2,0,W.E.P. 300810,155.80903561556582,,S
3236,0,3,"Goodwin, Dr. Teresa",male,32.37699163036658,0,0,55948,4.4633741631751365,C146,S
3237,0,1,"Soto, Master. Robert",male,46.30086493056359,0,0,19675,18.370451094194227,A52,C
3238,1,3,"Edwards, Miss. Erica",female,13.28440343763712,0,2,SC/Paris 723491,17.71230321706648,,S
3239,0,3,"Yates, Miss. Jason",male,19.274762053601847,0,0,A/5 697892,66.04659027966105,,S
3240,0,3,"Carlson, Master. David",female,46.27481730811495,0,0,A/5 845203,55.575306150477,,S
3241,0,1,"Cole, Mrs. Megan",female,30.15320360696864,0,0,CA 941054,3.1856269474659324,A62,S
3242,0,1,"Smith, Master. Kevin",male,12.325691529878693,0,0,28488,8.108822705809404,,Q
3243,0,1,"Richmond, Mrs. Debbie",male,11.484468957359095,1,2,A/5 282725,19.19384939147177,,S
3244,1,3,"Montoya, Mrs. Elizabeth",female,18.64682872517413,0,0,16779,60.88735722145833,,S
3245,1,3,"Ramirez, Master. Ashley",female,30.029757590210828,1,0,34136,132.4196614109606,,S
3246,0,3,"Palmer, Miss. Michael",female,36.54331397617504,0,0,60194,18.95145101940238,,S
3247,0,2,"Wilson, Master. Melvin",male,25.39316000078205,0,1,SOTON/O 267885,37.28248591436332,,C
3248,0,1,"Taylor, Mrs. Wendy",male,35.38998864935327,1,0,SC/Paris 710786,23.309384800110394,,S
3249,1,3,"Clark, Dr. Jeff",female,23.881069186289388,1,1,CA 614000,43.06138689368308,,S
3250,1,3,"Galloway, Miss. Mary",male,47.13488282263685,0,0,71256,49.43964892297831,,C
3251,0,3,"Smith, Mrs. Stephanie",female,65.72576132401298,0,0,98346,36.521154142494815,,Q
3252,0,2,"Watts, Miss. Joshua",male,24.503421750818063,2,1,40883,24.63474808387989,,S
3253,0,2,"Smith, Mr. Cassandra",female,36.71905935118524,0,0,CA 489974,105.92282669016144,A134,S
3254,0,2,"Smith, Master. Andrew",male,35.57775153810157,0,1,50579,80.95361115001539,C129,S
3255,0,1,"Erickson, Master. Amy",male,31.941735967638955,2,0,PC 213787,322.06200549655796,,S
3256,0,2,"Brown, Miss. Tonya",female,39.14551323477808,1,0,W.E.P. 137054,26.610369403075495,,C
3257,1,1,"Cantu, Mr. Amber",male,36.70349664571758,0,1,SC/Paris 533837,1.9756993886786072,,S
3258,0,2,"Silva, Dr. Katie",male,23.405250014611475,0,1,46347,52.68728993751106,G128,C
3259,0,1,"Stout, Dr. Angela",male,48.43164081671763,0,0,SOTON/O 474749,76.49134695661543,,C
3260,1,1,"Monroe, Dr. Tara",female,32.82332746481486,1,0,A/5 614373,138.06012422679953,F19,S
3261,0,3,"Rhodes, Miss. James",female,24.612794122374915,2,1,STON/O 435798,0.5209023541982947,,S
3262,0,2,"Hughes, Mrs. Aaron",male,64.20483533386363,0,0,23743,105.83931727986995,A6,Q
3263,0,3,"Watkins, Master. Crystal",male,28.373012719821602,1,0,61000,36.35982404581237,,S
3264,0,3,"Johnson, Mr. David",male,33.56921377993249,1,0,21215,23.485610289145672,,S
3265,1,3,"Henderson, Mr. Mark",female,32.45616482412471,3,0,62498,12.547384921506884,,S
3266,0,3,"Leblanc, Dr. Kimberly",male,28.181475446683088,0,0,STON/O 687903,84.13373759480108,F21,S
3267,0,1,"Frederick, Dr. Kelly",male,36.281305870616215,0,0,79707,22.607428526158575,D134,S
3268,0,3,"Bright, Mr. Heather",male,18.17000127271725,0,1,W.E.P. 399184,46.387423129452905,C61,S
3269,1,3,"Torres, Master. Maria",male,38.3516074113228,0,0,SOTON/O 156571,35.837857468492494,A81,C
3270,1,3,"Moore, Mr. Raymond",female,5.383043602505985,2,0,CA 771745,15.268866231269548,A184,S
3271,0,1,"Jones, Dr. Marvin",male,11.827023482400193,3,1,CA 101432,77.5071650141826,F178,S
3272,0,2,"Warren, Dr. Julie",male,55.560143660359216,1,1,33560,17.70347562121046,,C
3273,1,1,"Moss, Miss. Tammy",male,12.41347962589499,1,1,85952,77.39727093589067,,S
3274,0,3,"Chavez, Dr. Michelle",female,2.5605760714839505,1,0,14028,26.342765145985485,,C
3275,1,3,"Bush, Miss. Brandy",male,12.760173633073375,0,0,73369,1.5273557326353904,,S
3276,1,2,"Gould, Master. Jennifer",male,54.36080176875428,1,1,71720,72.9276350482048,,S
3277,1,3,"Peterson, Dr. Monique",male,4.913935636181989,0,1,37760,114.76771643048058,B9,C
3278,0,3,"Smith, Dr. Kimberly",female,16.61860144371829,0,0,W.E.P. 686428,6.379582313188144,,S
3279,0,2,"Thompson, Mr. David",male,9.585305219562184,1,1,32544,44.00214579911649,,C
3280,1,3,"Baker, Dr. David",male,26.16219124073988,1,0,W.E.P. 185375,3.7231162284168664,,C
3281,0,3,"Roy, Master. Linda",male,23.895707425469688,1,1,A/5 293229,88.56477743102967,,C
3282,0,1,"Griffin, Mrs. Mary",male,23.269408905821532,0,0,30223,220.97175788592196,B120,S
3283,1,3,"Merritt, Mr. Daniel",female,55.985873191671914,0,0,77173,34.159096796497074,,S
3284,1,1,"Yoder, Master. Rebecca",male,13.212945553074327,0,0,A/5 204708,18.80000500539019,,C
3285,0,3,"Nelson, Miss. Karina",female,28.569371083960448,0,0,46397,93.45879799311557,,S
3286,0,3,"Gordon, Mr. Garrett",male,34.74041744849028,0,0,50682,36.779683058301686,,S
3287,0,3,"Baker, Dr. Donna",male,16.277070330989986,0,0,W.E.P. 898357,29.80335662236436,E61,S
3288,1,2,"Rose, Mr. Jenna",male,36.812259737452436,0,0,84313,12.926075997891578,F52,S
3289,1,2,"Walsh, Miss. James",female,24.402653076253692,0,0,65947,47.85795541857028,,C
3290,0,1,"Ward, Mrs. Kevin",male,35.240326926657985,1,0,A/5 544516,46.61053588962481,,S
3291,0,3,"Lindsey, Dr. Leslie",female,28.48801047864086,1,0,W.E.P. 792011,15.24713660189395,,S
3292,1,1,"Gordon, Master. Raymond",male,1.2925628420717423,1,0,STON/O 580960,11.875443340518418,,S
3293,0,3,"Benjamin, Mrs. Shawn",male,48.28538197872038,0,1,72094,28.863048296484813,E108,C
3294,0,1,"Johnson, Miss. Scott",female,58.986416414957006,0,1,81255,29.966096148529186,,S
3295,1,2,"Villa, Mrs. Danielle",female,27.52544145291261,0,0,STON/O 420495,6.871875568640168,,C
3296,0,1,"Thornton, Master. Daniel",male,17.428671273867543,1,0,78965,16.152245273607814,,S
3297,1,3,"Williams, Master. Jorge",male,51.08417809645964,0,0,CA 797164,8.738633520263235,G48,S
3298,0,3,"Rogers, Mr. Jacob",male,56.465360640144596,1,0,31156,115.85718522225659,,S
3299,0,2,"Buck, Mrs. Lisa",male,27.636864237740035,0,0,36794,3.8623061157817045,,S
3300,1,1,"Watts, Mr. Tracy",male,26.938471386912795,0,0,56468,105.49866184356912,,C
3301,0,3,"Knapp, Dr. Michael",male,28.88124463259901,0,0,CA 327744,37.52654677587911,D84,S
3302,1,1,"Howard, Miss. Matthew",male,6.556315550565731,0,0,14228,54.72922920345044,,S
3303,0,3,"Tran, Dr. Alyssa",male,25.92423769829481,1,0,45713,128.35990358816576,,S
3304,0,3,"Smith, Master. Chelsea",female,54.009186425689435,1,0,STON/O 288518,22.736964369909465,,S
3305,0,3,"Young, Master. Brooke",female,27.638358749212156,1,0,10275,60.63695135916617,,S
3306,0,3,"Fuller, Master. Matthew",male,15.439516609789127,0,0,73388,55.6908975470053,,S
3307,0,3,"Luna, Master. Christopher",female,36.95359867026272,0,0,27331,222.60940419550525,,S
3308,0,3,"Williams, Mrs. Nicholas",male,20.65921682108243,2,1,SC/Paris 756394,2.3571119826126594,F187,S
3309,0,3,"Williams, Mrs. William",male,29.069670268649023,1,0,29387,30.388494496751427,D61,C
3310,0,3,"Garcia, Master. Michael",female,12.23611707233809,4,1,50323,228.08179648917508,,S
3311,1,2,"Greer, Dr. Christopher",male,15.487261743385755,0,0,STON/O 834491,19.865580696539002,,S
3312,1,3,"Martinez, Miss. Christopher",female,40.3272295680903,0,0,STON/O 975623,168.57803094469784,F187,S
3313,1,1,"Potter, Miss. Samuel",male,31.62213491161523,2,0,49897,84.83673663616833,,S
3314,0,3,"Hill, Dr. Mitchell",male,19.13519658420057,0,0,W.E.P. 583747,20.724530106114404,C114,S
3315,0,3,"Lewis, Dr. Candice",male,31.67349182426864,0,0,SC/Paris 378212,1.476891703766831,,S
3316,1,1,"Garcia, Dr. William",female,21.49994607781837,0,1,92909,16.44913053150063,,C
3317,0,1,"Knox, Miss. Rachel",female,19.027357628817626,0,0,52967,6.603533090982474,,S
3318,0,3,"Ortiz, Miss. Tyler",female,46.296481561476284,1,0,PC 725743,27.970867516723256,B41,S
3319,1,3,"Wade, Master. Jennifer",male,40.9602857446428,1,1,13145,140.27408114128437,C153,C
3320,1,3,"Johnson, Master. Ronald",male,29.702180105164672,2,0,CA 621547,35.9352912475612,,S
3321,0,3,"Sloan, Dr. Isaac",male,32.020722721495844,1,0,15966,29.6658316479438,A189,S
3322,0,2,"Boyle, Mrs. Alexis",male,29.882427757319192,3,0,84833,12.15184964086071,,C
3323,1,3,"Deleon, Mrs. Angela",male,36.818129628429546,0,1,82636,48.56853824472259,,C
3324,0,2,"Brown, Mr. Lisa",female,18.80697678162028,0,0,A/5 556788,30.382776283468782,,S
3325,1,3,"Kim, Miss. Crystal",male,42.075066267161006,0,0,11817,74.07778885469541,,S
3326,1,1,"Orr, Mrs. Kimberly",male,34.949921730471374,1,1,61612,36.29612102441367,D45,S
3327,1,3,"Chambers, Mr. Leah",female,26.317211269546277,0,0,34427,108.83116827037513,D62,S
3328,0,2,"Li, Miss. Maria",female,23.171107558880415,0,0,76822,76.39619685262564,,S
3329,0,2,"Mcpherson, Dr. Amber",male,41.77583318473532,2,0,84567,7.836509486713088,F107,C
3330,1,3,"West, Dr. Amy",male,27.893191573898513,0,2,A/5 934573,7.309217284632714,,Q
3331,1,1,"Walker, Master. Sharon",male,20.21549665838228,0,0,SC/Paris 119824,1.2326185084253354,,S
3332,1,2,"Medina, Mr. Samantha",female,24.61602326235947,0,0,SOTON/O 555814,23.023263247491162,,C
3333,0,3,"Lopez, Mr. Tiffany",female,40.76886508444824,3,0,PC 175558,2.8083486595694778,,S
3334,0,3,"Davis, Mr. Aaron",male,7.452255182555437,1,0,SC/Paris 866027,29.88744899307527,,S
3335,1,2,"Lyons, Mr. Deanna",female,25.024275321873382,1,1,PC 938378,13.810995648691671,,S
3336,1,3,"Francis, Master. Nicole",female,44.988157375460695,0,0,90999,34.481495556064395,,S
3337,1,3,"Reyes, Master. Melissa",male,27.644965190554387,1,0,81913,8.616723780747712,,S
3338,1,2,"Webb, Dr. Sara",female,33.819434251889774,1,0,33732,39.83548687721119,,S
3339,0,2,"Johnson, Dr. Brandon",male,45.214765503520724,0,1,28267,169.71135257328976,,S
3340,1,2,"Meadows, Mrs. Sarah",male,42.49261514756038,0,0,SC/Paris 870439,50.6996151788865,E104,S
3341,1,3,"Walsh, Mr. Kimberly",male,23.839177177441094,3,1,79707,41.550346133781844,,S
3342,0,1,"George, Mr. Kimberly",male,28.17449026914629,0,1,53765,77.56930687667348,,C
3343,1,2,"Williams, Mr. Brandon",female,42.66669462420619,0,0,PC 933910,0.2791349746318548,,S
3344,0,3,"Davis, Master. Cheryl",female,43.15257282197458,3,0,W.E.P. 992244,16.59654554252843,D68,S
3345,0,3,"Roberts, Mr. David",female,28.767298245590823,1,0,CA 953852,217.05538856625478,,S
3346,1,2,"Flores, Mr. Kristen",male,29.250360867906025,0,0,41665,76.30520111995762,E60,S
3347,0,3,"Miller, Dr. Ariana",male,33.74757172347392,1,1,W.E.P. 692249,4.730218705755094,,Q
3348,0,1,"Brewer, Mrs. Marcia",male,49.1366096602421,1,1,63138,19.760393868693356,,Q
3349,0,2,"Farmer, Master. Rebecca",male,44.94592568921139,0,2,SC/Paris 748113,28.978801271871564,,S
3350,0,3,"Bennett, Master. Daniel",male,39.70741385318625,0,0,PC 654271,136.34939305240124,D39,S
3351,0,3,"Wilson, Miss. Jessica",male,14.898630135105517,0,0,86127,44.11706270607028,,C
3352,0,2,"Hudson, Mr. Alexander",male,26.152332308324404,1,2,STON/O 386285,4.018525627279665,,S
3353,1,3,"Montgomery, Mr. Kristie",male,26.88798656834136,0,1,SOTON/O 553716,35.57301836189091,,S
3354,0,3,"Byrd, Mr. Amanda",male,49.85879045644862,1,0,SC/Paris 807376,17.08137466152889,,S
3355,0,1,"Campbell, Mrs. David",male,26.65589852348507,0,0,88525,20.677491700915958,,S
3356,0,3,"Mccoy, Mr. Debra",female,47.54819952308659,0,2,29759,6.067114682193655,,Q
3357,1,1,"Haynes, Master. Susan",male,22.01021861256482,0,0,W.E.P. 847353,30.694228104458215,C125,C
3358,0,3,"Harrison, Dr. Todd",male,23.127624592749378,2,0,29688,55.35513148782682,B2,S
3359,1,3,"French, Dr. Sharon",female,36.740357481383974,1,0,SC/Paris 570678,71.26233220923052,,S
3360,1,2,"Buckley, Miss. Victor",female,51.9540538780046,1,0,SC/Paris 412784,59.43563939195139,,S
3361,1,2,"George, Mrs. Deborah",female,27.03512019024972,0,0,PC 940016,54.01603766685212,,Q
3362,0,2,"Schneider, Mrs. Clifford",male,0.42,0,0,A/5 131201,101.71081164311452,,Q
3363,1,2,"Prince, Mr. Jessica",male,8.101432367255583,0,1,54757,20.20114018300584,,S
3364,0,2,"Quinn, Miss. David",female,34.17146178630239,1,0,SC/Paris 532739,12.07772553165292,,C
3365,1,2,"Gilbert, Dr. Amy",female,9.352855625055245,0,0,96730,4.684686298411048,,C
3366,1,3,"Rose, Mr. Brian",male,17.882120430450225,0,0,CA 722421,9.05848878949112,,S
3367,0,1,"Smith, Mrs. Randall",male,30.172787308935597,0,0,CA 613226,8.090174162214561,C162,S
3368,0,3,"Vang, Mr. Tyler",male,0.42,1,0,98035,121.8040986542223,,S
3369,0,3,"Levine, Dr. Bradley",male,24.683838949443636,1,0,14253,9.954077000388867,,S
3370,1,3,"Moreno, Miss. Erica",male,13.692680189956231,0,0,CA 246600,4.932731716009159,,S
3371,0,3,"Willis, Master. Frank",male,9.011483949389493,0,0,87844,25.562312444160266,,C
3372,0,2,"Foster, Mr. Cindy",female,18.769417850947157,1,0,CA 150825,9.29303623434782,,S
3373,0,1,"Weaver, Mrs. Debra",male,15.031075049027963,1,0,W.E.P. 554953,6.99576433773921,,S
3374,1,3,"Washington, Miss. Eric",female,36.57272305189224,2,0,A/5 288531,22.502913903983995,,C
3375,1,3,"Acosta, Mr. Julie",male,46.75137501356037,0,0,47393,125.90282619235576,,S
3376,1,3,"Harding, Mrs. Michael",male,24.898024077445122,0,0,86875,1.5453312350858348,,S
3377,1,3,"Carson, Mrs. Jeffery",male,21.654239093344295,1,0,W.E.P. 685428,11.641820830953105,,S
3378,0,3,"Rogers, Miss. Mary",female,24.201129983789418,0,0,52640,86.92809814705218,,S
3379,0,3,"Alvarez, Mrs. Ronnie",male,14.485380488861527,0,0,31280,14.06748336347355,F91,C
3380,1,3,"Francis, Mrs. Dale",male,11.957613461324506,2,0,67378,29.08849740467024,,C
3381,0,1,"Jordan, Dr. Rachel",female,6.9622376594932796,0,0,SC/Paris 864592,5.187103670736355,E43,S
3382,0,1,"Jenkins, Master. Gerald",male,11.386706583545571,2,1,A/5 824046,79.27978027257188,,S
3383,0,3,"Cannon, Miss. Terry",female,52.847874099576806,0,0,PC 342993,66.67770093533014,C161,C
3384,0,2,"Brown, Dr. Daniel",female,20.334105504911587,1,0,28625,6.851944311462196,,Q
3385,0,2,"Rivera, Master. Alex",female,0.42,0,1,A/5 721185,147.78958915038643,D152,S
3386,1,2,"Smith, Mr. Jeffrey",male,21.781202861265903,1,0,A/5 617199,44.655970951373014,,C
3387,0,3,"Camacho, Dr. Megan",male,7.734196485348498,0,0,CA 914777,80.01345690443536,,S
3388,0,1,"Walsh, Master. Kristen",female,30.83278915996028,0,0,55828,72.15366777971742,,S
3389,0,3,"Bowman, Mrs. Justin",male,29.323048826681934,1,1,57825,36.601985161091214,,C
3390,1,1,"Jones, Miss. David",male,30.782398927688764,0,0,87414,68.81554255149624,,S
3391,0,1,"Dickerson, Dr. Natasha",female,29.429834897567414,0,0,68230,13.577161372225227,,C
3392,1,2,"Frank, Mr. Ronnie",male,24.78205573532351,0,1,86584,1.0746631557975612,A116,S
3393,1,1,"Garcia, Dr. Brandon",female,9.61745429844019,2,0,CA 199598,20.933298482422767,A117,S
3394,0,3,"Clements, Mrs. Randall",female,28.954842992400067,0,0,81077,8.27338284566945,,C
3395,1,1,"Gibson, Miss. Kenneth",female,44.26494424789971,0,0,59148,198.37861858892666,,Q
3396,1,1,"Garcia, Dr. Michael",male,55.39142317313286,0,0,78426,128.60508428778044,C88,C
3397,1,3,"Jacobson, Dr. Mathew",male,26.66812141771591,0,1,77983,7.78229139365154,,S
3398,1,3,"Bradshaw, Mrs. Jonathan",male,28.185460766028406,0,0,28148,21.078957144346525,,S
3399,0,1,"Riley, Miss. Sarah",male,37.00598050724451,0,0,SC/Paris 881911,35.59782567367955,,S
3400,0,1,"Merritt, Mrs. Paul",male,50.905381832609464,2,3,PC 157457,25.435475058982966,,S
3401,0,3,"Young, Mrs. Michael",male,23.19184745293634,0,0,SOTON/O 161497,60.20175472899708,,S
3402,0,3,"Burke, Master. Mike",male,39.697118437304724,1,0,63476,35.01044653866154,,S
3403,1,2,"Jenkins, Master. Brooke",male,18.48053028265856,0,0,57578,41.650725547787474,E148,C
3404,0,3,"Ray, Master. Timothy",female,34.617885863717035,0,0,STON/O 747083,56.60425373599685,A46,Q
3405,1,2,"Morris, Master. Isaac",male,43.58845847265719,0,0,A/5 392807,1.1976109955451621,,S
3406,1,2,"Edwards, Dr. Nicholas",male,11.92795150833085,0,0,SC/Paris 873679,0.6251708995574831,E166,C
3407,1,3,"Perez, Dr. Timothy",female,22.64797389174495,0,0,CA 401923,9.808280300808612,A65,S
3408,1,3,"Green, Mrs. Melissa",female,43.36696335373002,0,0,10714,63.346526582994066,F61,Q
3409,0,1,"Adkins, Miss. Richard",male,38.62625722720713,1,1,46659,13.749573499353424,,C
3410,0,3,"Prince, Master. Mark",female,44.503245964407974,0,0,SOTON/O 569746,126.39705183976501,,C
3411,0,1,"Hamilton, Mrs. Timothy",male,41.87815505035694,0,1,35202,4.087475686756302,G93,S
3412,0,1,"Walsh, Miss. Robert",male,25.224550609166123,0,1,68145,43.36416739973573,,S
3413,0,1,"King, Mrs. Derrick",female,60.78866207752567,0,0,82039,1.293955845316818,C90,S
3414,0,1,"Gay, Master. Patricia",female,31.916739870547527,0,0,11660,178.88222879426726,,S
3415,1,3,"Robles, Master. Charles",male,0.42,0,1,SC/Paris 747862,12.01892554757868,,S
3416,0,3,"Watson, Dr. David",female,26.047150786717808,1,1,31012,44.292587658111934,A1,Q
3417,0,1,"Lynch, Mr. Jillian",female,23.431602402009403,0,0,STON/O 786399,152.93937082572188,,S
3418,1,3,"Hawkins, Mr. Haley",female,41.13348834314189,0,0,PC 970497,1.5417836068550728,,S
3419,0,3,"Gonzalez, Master. Marco",male,23.683405587226172,4,0,98307,35.94732100485219,,S
3420,0,3,"Mitchell, Mrs. Matthew",male,45.385579941467924,0,0,62017,37.40269577787477,C78,S
3421,1,3,"Andrews, Dr. Anne",male,37.813391213693905,1,0,80287,21.6535172213389,A71,S
3422,1,1,"Brown, Miss. Ashley",male,15.998733539419156,0,1,41428,53.14576135655913,,S
3423,1,3,"Harmon, Mrs. Katie",male,28.03477330144005,1,0,PC 703507,39.10219511362872,G173,Q
3424,0,3,"Jackson, Mrs. Timothy",female,19.14253178014439,0,0,88824,14.32689030394371,,Q
3425,1,3,"Miller, Mr. William",female,32.586621055951376,0,1,70002,61.09150009621101,,C
3426,0,3,"Dean, Dr. Alex",female,19.059127858708305,0,0,59518,31.383991322128395,,Q
3427,0,2,"Hoover, Master. Alejandra",male,31.042093227126866,2,0,STON/O 207415,31.773217071994402,,Q
3428,1,3,"Bartlett, Master. Elizabeth",male,26.18771948613424,0,0,91741,151.74478424350656,,S
3429,1,2,"Spears, Master. Lauren",male,27.868874434482464,0,0,CA 884644,38.289364110961166,,S
3430,0,2,"Howard, Mrs. Karen",male,58.713165317173384,0,0,25622,76.77621661865088,F160,S
3431,0,1,"Dixon, Miss. Lawrence",female,24.953206826099137,0,0,SC/Paris 977566,101.01598349711922,,S
3432,1,3,"Payne, Mrs. Andres",male,2.9179367733593367,0,0,10478,43.461984009193486,C43,S
3433,1,2,"Roberson, Master. Dana",female,44.22156602628087,0,0,PC 479037,77.17647289736628,,S
3434,0,3,"Curry, Miss. Joseph",male,44.11138262522812,0,0,W.E.P. 730560,18.520047701923694,,C
3435,1,2,"Martinez, Mr. Tyler",male,2.2948375668444356,2,0,76717,10.040126107502466,C131,Q
3436,0,3,"Rodriguez, Mr. Adam",female,20.187405303087058,0,1,SC/Paris 717686,59.46059825530293,D39,Q
3437,0,2,"Carrillo, Miss. Amy",male,36.101347795851325,2,0,62274,130.31488843617637,,S
3438,0,3,"Hurst, Dr. Natalie",male,37.33884565703893,0,0,44110,2.1713114830382265,,C
3439,1,3,"Walters, Mr. Michael",male,29.933867311661913,0,0,PC 222791,71.99692638478622,A19,S
3440,1,2,"Moore, Mrs. Dawn",female,30.249555305065982,0,0,A/5 110026,1.4404934747910536,D135,S
3441,0,2,"Meadows, Master. Brian",female,16.859769776835417,0,1,11267,30.680060817035717,,S
3442,0,3,"Griffin, Mr. Kari",female,0.42,0,0,98463,56.53451909428473,,S
3443,0,3,"Bowman, Miss. Isaac",female,58.69310245456951,1,0,82251,25.98527901290672,,S
3444,1,3,"Coleman, Mr. Ann",female,16.438658112106,1,0,94404,17.90169528546918,,S
3445,1,1,"Curtis, Miss. Gerald",female,32.47107966090275,0,1,CA 941562,10.3411522937716,E176,S
3446,1,3,"Garrett, Miss. Derek",male,27.776128060769295,1,0,SC/Paris 476500,190.54487837421382,A188,S
3447,1,2,"Brown, Dr. Mary",male,42.56076573182964,0,0,W.E.P. 775542,42.23526694786064,,S
3448,1,3,"Middleton, Mr. Aaron",male,31.60856098875022,0,0,SC/Paris 241972,6.839378051574122,,S
3449,0,3,"Taylor, Master. Sheri",female,32.148173343288,0,1,A/5 392384,2.467397042493847,,S
3450,0,1,"Martin, Mr. Monica",male,0.42,0,0,15839,13.945419186594906,,S
3451,0,3,"Ballard, Miss. Toni",male,18.333252984408457,0,0,CA 983274,38.67721697182625,,C
3452,1,3,"Rice, Mr. Jenna",female,40.42486265238596,0,1,CA 932964,69.71448471897173,,S
3453,1,3,"Hodge, Master. Seth",male,39.165355151007006,0,1,STON/O 521498,198.05986706646473,,S
3454,0,1,"Turner, Dr. Justin",female,16.67686046935904,0,0,W.E.P. 132469,89.77232617751353,,S
3455,1,2,"Bartlett, Dr. Jennifer",female,7.907599841904293,1,0,98337,47.33343302888178,G122,S
3456,0,3,"Garcia, Dr. Elizabeth",male,31.772110294121028,0,1,46066,54.90223107036968,F40,C
3457,0,1,"Smith, Miss. Tanya",female,0.42,1,0,18845,36.91452590936355,,S
3458,1,1,"Petersen, Mrs. Joshua",female,13.918560467271323,0,0,19032,28.50877795731114,C2,C
3459,1,3,"Smith, Miss. Barry",male,54.64225505217435,0,0,18579,76.79192312650642,,S
3460,1,2,"Hoffman, Master. Brian",female,50.23094260423276,2,0,PC 524358,9.761642634697838,,S
3461,0,3,"Pena, Dr. Ricky",female,36.82149102271203,1,1,30530,20.318268370204894,G19,S
3462,0,1,"Nelson, Miss. Elizabeth",male,34.302708402737586,0,0,W.E.P. 701791,192.41317270722945,,S
3463,1,2,"Martinez, Miss. Trevor",male,2.697609016658415,0,0,W.E.P. 111061,42.40011734265296,,S
3464,0,3,"Whitehead, Dr. Mark",male,19.63065868691237,1,0,76895,34.50857590287078,,S
3465,0,3,"Hernandez, Mr. Christopher",male,25.867639628479132,0,0,89927,95.11970124791272,,S
3466,1,3,"Hoffman, Master. Charlene",male,19.928207506983355,0,1,SOTON/O 399769,71.77840750941166,,S
3467,0,3,"Johnson, Mrs. Nancy",female,25.0965933112899,0,0,91079,19.72935805793057,,S
3468,1,3,"Jenkins, Mrs. Kayla",male,48.18914194084812,0,1,CA 307709,49.169844778087146,,S
3469,1,1,"Brennan, Master. Jonathan",female,22.414477142201484,2,0,CA 825426,10.252370771392858,G190,S
3470,0,2,"Anderson, Miss. Kara",male,25.226851472205283,0,1,58427,2.721621825523816,,S
3471,0,1,"Mccullough, Dr. Lisa",male,40.353438013572514,1,1,76013,229.5054140141721,,S
3472,1,3,"Murray, Dr. Tiffany",male,10.127339939560756,1,1,61085,66.82040221405887,,S
3473,0,2,"Freeman, Master. Dana",female,18.23713589625615,1,2,81660,133.5126917109805,,S
3474,1,2,"Mckee, Master. Christine",male,19.6718837714042,0,1,24258,89.1559681645961,,S
3475,1,3,"Bailey, Dr. Mary",male,30.778290051724465,0,0,50377,27.93731912910584,,S
3476,1,1,"Glover, Dr. Joseph",female,25.170531055088684,0,0,W.E.P. 373025,98.82294704133965,,S
3477,1,1,"Davis, Master. Diane",male,25.613227269140125,3,0,94348,77.25264473813651,,C
3478,0,3,"Baker, Miss. Susan",male,20.69204418056507,1,1,PC 702551,14.937484489185088,A114,S
3479,0,2,"Summers, Mrs. Jesse",male,15.008376356993432,1,0,60846,48.77665158813445,,S
3480,0,3,"Johnson, Mrs. Matthew",female,38.52800093894808,0,0,98242,18.19343282977407,B197,Q
3481,0,3,"Santana, Mr. Rachel",male,25.27074233452844,1,1,41580,13.330974441974739,,S
3482,0,1,"Boyd, Master. Kevin",male,38.66626572206322,1,1,41156,4.2633809617108405,C114,S
3483,0,3,"Reynolds, Mr. Michael",male,14.437217373263936,1,0,72986,39.171179003641754,,Q
3484,1,1,"Torres, Mr. Christopher",female,20.686609791505006,1,1,PC 708053,24.914103735117596,D54,S
3485,0,3,"Good, Mrs. John",male,26.90343761014527,1,0,19120,4.608247847748912,,S
3486,0,3,"Stanley, Dr. Kimberly",male,28.20986148457305,0,2,60864,63.3555082485055,,C
3487,0,3,"Watson, Dr. Brandy",male,40.56116216305094,0,1,81217,64.19786150594582,G48,S
3488,0,3,"Watkins, Dr. Deborah",male,23.972869945706982,1,0,25235,13.414374062905049,A179,S
3489,0,1,"Miranda, Master. Luke",female,40.454391399352254,0,0,82895,156.07283448968167,,S
3490,0,2,"Salazar, Mrs. Adam",female,35.24921611983572,1,1,27510,75.2231472831818,,S
3491,0,3,"Stark, Master. Jonathan",female,28.50406345883871,0,1,W.E.P. 107978,81.81585798648494,,S
3492,0,1,"Jones, Master. Gail",female,16.681816849048722,1,0,33461,0.18541290311578798,F8,S
3493,1,2,"Caldwell, Miss. Elizabeth",female,40.59625371648648,0,0,19757,191.8393281189852,,C
3494,1,2,"Clark, Dr. Joshua",male,17.031275457608892,0,0,A/5 812520,231.75256419566225,,S
3495,1,3,"Chang, Miss. Michelle",female,29.702074677798095,0,0,SC/Paris 707376,35.38467154711762,,S
3496,0,2,"Hughes, Miss. Kevin",male,29.244833798894884,0,1,60538,210.04005509866758,F174,S
3497,1,3,"Hamilton, Mrs. Karla",female,27.100668003358045,1,1,CA 583034,47.35563099671257,,S
3498,1,1,"Mitchell, Dr. Amber",male,24.549523878205598,0,0,93686,7.192847114168341,B53,S
3499,0,2,"Booth, Mr. Laura",female,18.490926270536605,0,1,69194,84.16235675621256,,S
3500,1,3,"Gonzalez, Miss. Joseph",male,7.362889876818905,0,1,88331,40.8318788227769,,S
3501,0,1,"Harrington, Miss. Christopher",female,49.653266259764926,0,1,32881,20.949542472630323,,C
3502,1,3,"Sherman, Mr. Anna",female,23.115871500398512,1,0,52101,13.471246013375076,,S
3503,1,1,"Lewis, Mr. Dana",female,28.206430668355427,1,0,76905,36.58369538745777,,Q
3504,0,1,"Hunt, Mrs. Craig",female,28.12081662492483,1,0,PC 491684,58.84229472186657,,S
3505,1,1,"Jensen, Miss. Daniel",male,45.33846072120248,0,0,82670,104.78157444248104,,S
3506,1,3,"Smith, Miss. Denise",male,57.064719101246965,0,0,35272,45.644654322385456,,S
3507,1,3,"Anderson, Mrs. Melissa",female,32.23786387424161,1,2,SOTON/O 598918,26.832245077428972,,S
3508,0,3,"Lee, Mr. Aaron",female,27.801962641603154,0,0,A/5 477974,50.00184258978623,,S
3509,1,2,"Oconnell, Miss. Kristina",male,14.271601899768228,1,0,PC 292364,34.35422509887508,,S
3510,0,3,"Wallace, Mr. Andrea",male,9.789761708221292,0,0,72680,52.77657516236178,E123,S
3511,0,3,"Briggs, Master. Anthony",male,5.164350984982587,0,0,11596,46.94871559701892,,S
3512,0,3,"Miller, Miss. Sarah",male,18.858170566671447,0,0,A/5 916355,192.4133283720467,,S
3513,1,3,"Elliott, Master. Ryan",male,0.7280328376163929,1,1,20952,48.67568002969139,,S
3514,1,3,"Bartlett, Miss. Jerry",male,45.10361935236157,0,1,72432,58.726968689048974,,S
3515,1,1,"Sanford, Mr. Terry",male,35.92334741590794,1,0,SOTON/O 764587,111.45957718217265,,C
3516,1,3,"Young, Master. Mindy",male,26.477032794413077,0,0,SC/Paris 657154,122.10458749342222,,S
3517,0,3,"Mills, Mrs. Mark",male,45.531375730651064,0,0,SC/Paris 294895,7.5921984140186565,F15,S
3518,0,3,"Robinson, Dr. Anthony",male,15.003814916354152,2,0,A/5 626361,30.238963166927192,,S
3519,0,2,"Moore, Mrs. Andrea",male,18.520265224896235,0,0,12109,143.03314278155486,,S
3520,0,2,"Winters, Mrs. Lindsay",female,2.9268940757755715,1,0,CA 630846,160.65598725410953,,S
3521,0,2,"Davis, Master. Jerry",male,40.84095173028297,0,0,SC/Paris 758621,10.538054507680929,,S
3522,0,2,"Acosta, Master. Roy",female,18.655221991670167,1,0,90409,29.322775832923554,,S
3523,0,1,"Fowler, Mrs. Nicholas",female,30.21973858586153,3,0,A/5 940940,16.33156069328103,,S
3524,0,3,"Hicks, Master. Richard",male,44.03606960804549,0,0,24852,78.20801810114095,,S
3525,0,3,"Sanchez, Mrs. Matthew",male,49.191910576991894,0,0,38680,95.58373666633551,,S
3526,0,3,"Neal, Miss. David",male,29.591951079132013,1,0,A/5 388190,31.672807747280725,D119,Q
3527,1,3,"Hutchinson, Dr. Patrick",male,35.37932410779899,2,0,35635,56.298147720642845,,S
3528,1,2,"Olson, Miss. Katherine",male,17.346096555388748,0,0,39563,101.99807605414186,E32,S
3529,1,3,"Harris, Master. Ashley",male,53.567226802105466,0,0,SOTON/O 394873,61.810851677862786,D53,S
3530,0,1,"Morrison, Mrs. Mary",female,27.673892155808872,0,0,35635,8.505405674576604,,S
3531,0,3,"Hart, Miss. Jeffrey",male,31.123989326153684,1,0,W.E.P. 752476,62.238409501272194,,S
3532,1,2,"Castillo, Mrs. Lisa",female,24.304056988314834,1,1,CA 722892,8.655037830744746,,S
3533,0,2,"Hall, Miss. Peter",male,46.789485977792594,1,0,85498,53.0290570111164,F151,S
3534,0,2,"Flores, Mr. Blake",female,32.794314923164656,0,1,85127,20.288281287668156,,S
3535,0,3,"Burns, Mr. Katrina",male,40.65308408379074,0,0,A/5 606854,2.9049599432867153,,S
3536,0,2,"Hill, Mr. Natalie",male,34.955413959704345,0,0,W.E.P. 467467,12.840299402408911,,Q
3537,0,2,"Powell, Dr. Trevor",male,26.914268634975933,2,1,STON/O 132914,31.59152474675079,,C
3538,0,3,"Harris, Miss. Elizabeth",female,43.01255985819428,0,0,57534,255.9351905676415,D23,S
3539,1,3,"Allen, Master. Karen",male,34.834426724055334,2,0,12908,14.766310351893916,E122,S
3540,0,2,"Taylor, Miss. Carol",male,16.54629314813873,0,1,40654,192.6464385861849,,S
3541,0,3,"Solomon, Mrs. Darryl",female,16.151040626668674,0,0,57759,22.645066882476122,,C
3542,1,3,"Lewis, Miss. Jennifer",female,32.083574206442876,0,0,64177,160.95750860218712,B34,S
3543,0,1,"Hall, Miss. Robert",male,42.70441063342679,0,0,PC 996589,156.2959639785889,E140,Q
3544,0,3,"Yang, Mr. Sean",female,52.95188767908965,0,0,STON/O 357148,7.709893769487948,,S
3545,1,1,"Rojas, Mrs. Kathryn",female,5.119011593868763,0,0,SOTON/O 565207,88.22255696519902,,S
3546,0,3,"Crawford, Miss. Jermaine",male,30.359237887382093,0,0,CA 421651,36.41925174414016,D121,S
3547,0,3,"Jackson, Dr. Michael",male,36.85506727044995,0,1,25922,57.949991188387706,,S
3548,0,3,"Dunn, Master. Lisa",female,34.13936788992668,0,2,SOTON/O 831871,74.82233246909395,,S
3549,0,3,"Franklin, Mr. Crystal",female,44.13057947047193,0,1,A/5 947539,6.649960914570589,G77,S
3550,0,1,"Rush, Miss. Cameron",male,39.17747567088103,0,1,61115,80.21567690633078,F116,S
3551,1,2,"Cochran, Mrs. Ashley",female,16.20299742987524,0,1,64696,18.03373012369711,,C
3552,0,3,"Rice, Mr. Johnny",male,15.792916358329764,0,0,52862,65.90744345083226,,S
3553,0,3,"Payne, Mr. Mary",male,34.37436798612414,1,0,27551,42.625766639409946,,S
3554,0,1,"Fischer, Miss. Holly",male,43.86707594191535,1,1,16917,57.705994921128635,,C
3555,0,3,"Ortiz, Mrs. Deborah",male,32.00784574133774,0,0,94240,48.759391580111824,,S
3556,1,2,"Ross, Mrs. Andrea",female,7.908937026044104,1,0,W.E.P. 484003,83.14735240444266,,Q
3557,0,1,"Robinson, Dr. Thomas",male,15.33960018557218,0,0,W.E.P. 269908,112.48069793650235,,S
3558,0,3,"Gonzalez, Mr. Alexandra",male,39.68122198211463,0,0,A/5 792899,29.81028763395678,F99,C
3559,0,1,"Harris, Dr. Adrian",male,25.118968727160144,0,0,81916,24.893080411178232,,C
3560,0,3,"Harrison, Mrs. Sherri",male,31.651402244846032,0,0,13130,13.866150348322693,E197,S
3561,0,1,"Lester, Master. Anthony",female,44.915852548124604,1,0,58305,84.05717528830078,G67,C
3562,1,2,"Villarreal, Master. Kristin",female,13.169073333320625,1,0,STON/O 583832,170.583235946619,,S
3563,0,3,"Lloyd, Master. Jorge",male,24.20060281737264,0,0,STON/O 333336,10.865631301764758,C58,S
3564,0,3,"Anthony, Miss. Ariana",female,22.679780612764787,1,1,76081,30.609925561661594,G147,S
3565,0,2,"Hunter, Miss. Sara",male,34.97563551139013,1,0,41238,73.55722297996007,G71,C
3566,1,2,"Dougherty, Mrs. Kyle",female,40.82043449580789,0,0,69754,50.53597155332151,,S
3567,0,1,"Jones, Dr. John",female,9.276255603417056,0,0,70229,84.37831904995475,,S
3568,1,3,"Mullen, Miss. Charles",male,29.92249097167223,0,0,19361,0.8138553402378581,,S
3569,1,3,"Sanders, Mrs. Tina",female,42.17060745664696,0,0,CA 450810,121.15152760259352,,S
3570,1,3,"Villanueva, Master. Wendy",male,4.0329896795483045,0,0,62102,3.165724390910777,C118,S
3571,0,1,"Richardson, Master. Michael",male,29.098505819845503,0,0,SC/Paris 833379,29.482453320207114,G167,S
3572,0,1,"Greer, Mr. Thomas",male,12.97901782903481,0,1,26915,16.13192614179798,,S
3573,1,3,"Welch, Dr. Tiffany",female,21.01806335030654,0,1,STON/O 659475,131.6891755120294,,S
3574,1,3,"Bass, Mrs. Sandra",male,0.42,1,0,A/5 909063,16.089053461132682,,S
3575,1,3,"Stewart, Mrs. Nicholas",female,49.49827766257037,1,0,23995,23.367312390185866,,S
3576,0,3,"Garcia, Master. Cheryl",female,25.01839221635082,0,1,94975,109.61486383964692,,S
3577,0,2,"Hendricks, Miss. Pamela",male,18.6993139034972,0,0,PC 584078,38.545290140451975,,Q
3578,0,3,"Brock, Miss. Kristin",male,34.5957386364001,2,0,SOTON/O 873707,114.2380967542478,,S
3579,1,3,"Harris, Mrs. Todd",female,15.40765674237851,0,0,A/5 471385,54.08320196437646,,S
3580,0,3,"Barnes, Miss. Maria",male,14.078576595661884,0,0,SC/Paris 594070,4.125165098585773,,S
3581,0,1,"Smith, Mrs. Laura",male,51.14460837739218,1,0,W.E.P. 222800,28.527602945997387,,C
3582,1,1,"Brown, Mr. Steven",female,55.321282396575185,1,1,42107,9.702816284964765,C130,S
3583,0,1,"Stevens, Miss. Travis",female,21.71110858804525,1,0,23562,3.367565603840281,,S
3584,1,3,"Randall, Mr. Stephen",male,44.94296593882651,1,0,SOTON/O 786719,23.40578511344504,,S
3585,0,2,"Valdez, Dr. Nathan",male,34.98456621583321,0,0,63939,119.53208091217206,,S
3586,0,1,"Ramirez, Mr. Lynn",male,10.206361916055108,0,2,CA 430132,6.259453459972287,,S
3587,0,3,"Smith, Dr. Sean",male,17.00615348610301,1,0,SOTON/O 269918,0.33975673321186645,,S
3588,1,1,"Roberts, Mr. Heather",female,51.715397188757095,1,0,64746,136.73700224312168,,C
3589,0,1,"Rodgers, Miss. Christie",female,10.024869540461527,1,0,78792,37.762352912912576,D199,S
3590,0,1,"Brown, Mr. Ricky",male,61.93399073304802,1,1,94663,40.887956635649225,F143,S
3591,1,1,"Johnson, Miss. Justin",male,22.00092953723509,1,1,W.E.P. 608806,131.8700419636013,,S
3592,0,2,"Adams, Mrs. Michael",female,52.13140868810527,1,1,A/5 230973,60.2284430845066,C198,C
3593,0,3,"Castillo, Mrs. Tara",male,25.722106875000282,1,0,22835,87.66912007766643,,S
3594,0,3,"Brady, Dr. Sierra",male,41.198650281016114,1,0,64180,73.59119120503469,,S
3595,0,3,"Myers, Master. Sherry",male,49.53046396168965,1,0,55505,47.319128387954535,D180,C
3596,1,2,"Mathis, Mr. Ashley",male,49.459353447534134,1,0,SOTON/O 513073,58.30153832353992,G197,C
3597,0,3,"Edwards, Miss. Pamela",male,21.818882568898417,0,0,A/5 181843,41.12897724468833,,S
3598,0,2,"Freeman, Master. Cheryl",male,17.996566601412233,2,0,PC 339749,21.95605635116202,,S
3599,0,1,"Foster, Mrs. Troy",male,28.86303186348411,1,0,27615,16.79829922015054,,S
3600,1,3,"Hendricks, Miss. Andrea",male,11.793285305524307,0,1,38835,9.675867113069257,,S
3601,0,1,"Barber, Miss. Kevin",male,33.34969845854782,0,1,18877,21.847942153962947,,Q
3602,0,1,"Calderon, Master. Joshua",male,18.508846868114787,0,0,SOTON/O 621506,43.00689718004904,A176,S
3603,0,3,"Wolfe, Miss. Michael",male,45.15793682960082,0,3,17534,44.28047656360921,,Q
3604,0,3,"Page, Master. Johnathan",female,22.018426172946064,1,0,PC 705560,57.50886061705505,,S
3605,0,1,"Walters, Mr. Andrew",male,5.608374427279713,0,0,W.E.P. 938071,105.77426422708136,,S
3606,0,1,"Kelly, Mr. Anthony",male,49.61280686637015,0,0,STON/O 611555,52.755829636367714,,C
3607,1,2,"Roberts, Mr. James",female,32.567152046646086,0,2,W.E.P. 822960,9.369897888188147,,S
3608,0,3,"Morgan, Mrs. Joseph",male,30.407888465881026,0,0,11019,1.3016852009436566,F49,S
3609,1,1,"Brown, Master. Kevin",female,45.321526989246934,0,0,83847,10.962109775251523,,C
3610,1,2,"Hill, Mr. Amber",male,42.202071032174196,1,1,52290,119.35401983980947,A162,S
3611,0,3,"Werner, Mrs. Alexander",male,19.33405038385404,1,0,32639,41.92652768955793,G116,S
3612,0,3,"Anderson, Mrs. Adam",female,23.703057515633756,0,1,42306,94.39377890422675,G104,S
3613,0,2,"Foster, Mrs. Steven",male,14.418626499169267,0,0,SC/Paris 858247,13.348792697742853,,Q
3614,1,1,"Anderson, Mr. Barbara",male,9.497671228252585,2,1,46515,61.87313693167101,,S
3615,0,3,"Woods, Miss. Karen",male,38.10029548881545,0,0,SOTON/O 604572,65.7776666438035,,S
3616,0,3,"Sanders, Mr. Norma",female,35.49058034058354,0,0,STON/O 102560,82.91439247025085,,S
3617,0,1,"Ortiz, Mrs. James",male,40.65160896131523,0,1,94440,38.34120956962678,,S
3618,1,2,"Luna, Dr. Kayla",male,47.942476180943196,1,0,61098,78.87554270859306,,S
3619,1,1,"Parrish, Mr. Eric",male,40.84264712895941,0,1,83301,137.01138837370524,D73,S
3620,0,1,"Walton, Mr. Cynthia",female,42.08843266827361,1,0,27653,157.78736440636925,F95,Q
3621,1,3,"Morris, Miss. Brian",female,0.9085423855900814,1,1,90331,6.701523234462904,B124,C
3622,0,2,"Hughes, Mr. Sarah",female,25.702206613050084,0,0,55483,48.94924125093502,,C
3623,0,3,"Kim, Mr. John",male,43.50407092537982,0,0,68612,6.022916483028325,A27,S
3624,1,3,"Green, Mrs. Jimmy",male,13.645077693126968,0,0,81071,127.92907493289985,,S
3625,0,3,"Anderson, Mrs. Lisa",male,31.28339935972869,2,1,91967,155.49419525724784,F145,S
3626,0,2,"Moran, Dr. Lisa",female,37.272502168589085,1,0,40834,34.61657726046069,,C
3627,0,3,"Wilson, Mrs. Ricardo",female,36.199948913738815,0,1,W.E.P. 861330,160.81048170216087,,C
3628,1,1,"Garcia, Master. Joshua",female,35.1631483114162,0,0,W.E.P. 585134,72.67336366544811,,S
3629,1,3,"Henderson, Miss. Jason",male,38.38477806663805,1,0,CA 270881,59.526315819094265,F161,S
3630,1,3,"Stafford, Mr. Andrew",male,32.53041452899507,1,0,A/5 268149,43.465324094960756,,S
3631,1,1,"Gutierrez, Mr. Jared",male,9.519005096525813,0,1,88181,26.109294822546513,,S
3632,0,1,"Mcpherson, Master. Phillip",male,37.09737749564891,1,0,50245,165.90734777552478,,S
3633,0,1,"Bowen, Miss. Elizabeth",male,33.98645184775242,1,1,W.E.P. 912034,10.973225410007752,,C
3634,0,3,"Chavez, Master. Wendy",male,9.703521688023653,1,0,60714,81.11042982267558,,S
3635,0,3,"Harvey, Master. Jacqueline",female,49.31629295521199,0,1,95623,22.90003301689326,,S
3636,0,3,"Kramer, Miss. Jessica",male,37.473727796472566,0,0,13905,69.96810997591898,,S
3637,1,3,"Ponce, Mr. Matthew",female,10.675123506315579,0,1,42078,8.937657863430267,,S
3638,0,2,"Jenkins, Mr. William",male,18.558847704389894,0,0,61925,23.36471001861882,D172,S
3639,0,3,"Mosley, Miss. Kevin",male,22.103271415553483,0,0,SC/Paris 763837,146.07423250841362,,S
3640,0,3,"Buchanan, Mrs. Harold",male,22.09331185679092,2,0,STON/O 897979,40.74260894936339,,S
3641,0,3,"Bass, Miss. Charles",male,34.10270264345819,1,0,47810,33.78982638827204,,C
3642,1,3,"Mcdonald, Master. Claudia",male,16.331075485184336,1,2,29564,69.73789466839916,,S
3643,0,3,"Smith, Master. Yesenia",male,45.79391445970708,0,1,SC/Paris 846811,26.983007446108093,,C
3644,0,3,"Kim, Mr. David",male,44.64124831915188,0,0,61295,33.96463503078461,D153,S
3645,1,3,"Jones, Miss. Virginia",female,38.67044233439425,1,0,PC 532048,41.118050999067385,,S
3646,0,3,"Powell, Miss. Cristian",female,30.619384855513914,0,1,W.E.P. 933395,230.19310787687016,C76,S
3647,0,3,"Mercado, Mr. Scott",female,43.12426521212152,0,1,W.E.P. 460639,81.83358572150333,,C
3648,0,3,"Little, Master. Tyler",male,26.136731880743874,0,0,70493,2.030698699413962,,C
3649,0,3,"Pierce, Mr. Victor",male,19.85715594063507,0,1,46635,76.53544684750591,D113,S
3650,1,3,"Navarro, Dr. Timothy",male,46.66153503867638,1,0,STON/O 987645,34.95580638946368,D125,C
3651,1,2,"Jimenez, Master. David",female,34.44559859826613,0,1,58457,13.11148322148864,D17,S
3652,0,2,"Johnson, Miss. Elizabeth",male,20.423193031860517,0,0,47564,96.03728386777625,,S
3653,1,1,"Williams, Mrs. George",male,24.15160686141789,0,0,PC 157308,15.77197499475439,,S
3654,0,3,"Terrell, Mrs. Stephanie",male,19.69000822728625,0,0,W.E.P. 291327,19.313364451973307,D156,C
3655,0,3,"Christensen, Mrs. Margaret",male,58.31044802360047,0,2,W.E.P. 204111,3.253250650305781,C13,S
3656,0,3,"Reed, Miss. Jeremiah",female,30.057378124307345,0,0,14171,189.94580051314185,,S
3657,0,2,"Ryan, Miss. Derrick",male,32.20879835755136,0,0,W.E.P. 303971,79.33060794877015,,S
3658,0,2,"Owens, Mrs. Marvin",male,40.097066670067164,0,0,STON/O 475860,8.01440855155486,C72,S
3659,0,1,"Lopez, Mrs. Michelle",female,12.98494624350192,0,0,10933,33.62310635421529,,S
3660,1,1,"Golden, Dr. Brandi",male,45.35166172800712,0,2,98083,20.529952233914276,,Q
3661,0,3,"Carter, Mr. Sarah",male,21.490154168970058,1,1,A/5 239613,1.6465191018538907,,S
3662,0,2,"Goodman, Mrs. Raymond",male,55.620228005612084,0,0,A/5 508579,131.01643041833663,,S
3663,0,3,"Smith, Mrs. Sabrina",female,25.622777779795697,0,1,CA 604100,91.44511065024149,,S
3664,0,3,"Jackson, Dr. Doris",female,44.5269602066846,0,0,W.E.P. 866953,216.86273209909257,D119,C
3665,0,3,"Green, Mr. Madison",male,0.42,1,1,SOTON/O 518169,13.887562816600783,,S
3666,0,3,"Weaver, Mrs. Maurice",female,13.548136934796414,0,1,85448,60.10158294415172,,S
3667,1,2,"Watson, Dr. Erin",male,25.889499774033233,0,0,W.E.P. 769626,6.28776011345588,G141,C
3668,0,2,"Robertson, Master. Mark",male,1.5690380262515262,0,0,76302,28.228307948000886,,S
3669,0,3,"Hall, Mr. Sarah",male,38.41238228377966,0,2,SC/Paris 827976,93.7808252084265,,C
3670,0,3,"Mueller, Mr. James",female,34.381413756107484,1,1,SC/Paris 577576,0.4045178964048497,A69,S
3671,0,1,"Hurst, Master. Michael",male,16.128412901961717,0,0,SOTON/O 196763,32.76372879623542,,S
3672,0,1,"Orr, Mrs. Elizabeth",female,29.77657918189702,1,0,W.E.P. 604273,28.519632160343996,C69,C
3673,1,1,"Joseph, Master. Garrett",female,41.29068121892375,0,0,92975,58.72045333158461,,S
3674,0,2,"Brown, Mrs. Jamie",female,0.5573067638203639,0,0,97015,13.585604992040418,A59,S
3675,0,3,"Marquez, Mrs. Billy",male,12.171153772714803,0,1,86086,9.514659378277102,,S
3676,0,3,"Rodriguez, Dr. Michele",male,25.30876381087318,1,0,14152,52.591152301191165,,C
3677,0,2,"Lindsey, Dr. Stephanie",male,30.332130772854658,1,0,57677,51.257345829373826,,C
3678,0,3,"Clements, Miss. Amy",male,29.17944009757839,0,0,W.E.P. 657909,69.67274274766847,,S
3679,1,3,"Nelson, Mr. Heidi",female,42.450126996099954,0,0,A/5 732889,14.178756948256874,C98,Q
3680,0,2,"Hess, Dr. Kristy",male,36.68095743917556,0,0,SOTON/O 548722,0.8230231395102428,,S
3681,1,3,"Payne, Mr. Stephanie",female,39.752887767994835,1,0,W.E.P. 499620,105.16938475081103,,S
3682,0,3,"Hays, Mrs. Daisy",female,10.541739740738887,0,1,68667,11.554911984264812,A196,S
3683,1,3,"Price, Dr. Brian",male,32.027533967191324,1,1,75346,27.0615409869141,G70,S
3684,0,3,"Manning, Miss. James",male,25.700004870668792,0,0,STON/O 445857,31.602653099693374,,C
3685,1,3,"Lopez, Mrs. Jerry",male,50.46900634336274,0,1,87690,10.371809102543436,,S
3686,0,1,"Foley, Master. Benjamin",male,32.441538923290594,0,1,PC 172329,36.78494926797234,,S
3687,1,3,"Burgess, Dr. Sandra",male,20.633244913975595,0,0,STON/O 165893,122.83966487766682,,S
3688,0,3,"Wright, Mr. Stephanie",male,41.93501786337056,1,0,80767,15.828356266630216,,Q
3689,0,2,"Reid, Miss. Katherine",male,37.88616914210507,0,0,SC/Paris 852278,36.733858750595275,,S
3690,0,3,"Miller, Miss. Amanda",female,18.497576583033286,0,0,STON/O 776548,18.458807963911536,,S
3691,1,3,"Pearson, Miss. Kelly",male,25.121144161231552,1,1,22259,197.4484265964606,,C
3692,0,1,"Stewart, Mrs. David",male,25.359749565482943,0,0,STON/O 848961,12.461447696655727,G79,S
3693,1,3,"Soto, Mrs. Jennifer",male,47.18445529191352,0,1,29431,5.789079345400313,,S
3694,0,1,"Hanson, Dr. Amy",female,32.84538623429819,1,0,11220,7.693611766676825,,S
3695,0,3,"Roberts, Mr. Robert",female,40.1749546998424,0,3,33108,22.868160330434023,A17,C
3696,0,1,"Myers, Master. Michael",male,23.09419590417884,0,0,52717,40.24323263200074,,S
3697,1,3,"King, Mrs. Michelle",female,34.68720407595218,0,0,W.E.P. 150720,55.132676277436644,,C
3698,1,2,"Weaver, Miss. Paul",female,48.2470526410152,0,2,CA 500701,41.32400052543607,G53,Q
3699,1,1,"Todd, Miss. Chase",female,24.944925286490935,1,0,CA 544002,117.97712914989653,D178,S
3700,0,1,"Taylor, Mr. Sheila",male,31.612167253728867,0,0,PC 656051,22.33709981370126,F14,C
3701,0,3,"Peterson, Master. Stephanie",female,10.913712412673497,0,0,19948,62.2976989338893,E193,Q
3702,1,3,"Alexander, Dr. Richard",male,19.282186741259615,0,0,36475,15.611109346690228,,C
3703,0,3,"Middleton, Dr. Suzanne",female,25.317799512030476,0,0,32421,57.24746850593079,,S
3704,1,3,"Salazar, Mrs. Michael",male,15.148249674675906,0,0,CA 363509,130.05931619685697,,S
3705,1,3,"Hart, Master. Marilyn",female,48.50763148530585,0,1,A/5 219356,191.7618089177011,B196,C
3706,1,1,"Clarke, Mrs. Jesse",female,18.26790171661882,0,0,CA 186789,65.41003640880193,,S
3707,1,3,"Thomas, Mrs. Collin",male,41.015180289641435,0,0,SOTON/O 311004,142.75200326595987,G181,C
3708,0,2,"Cameron, Mr. Corey",female,32.615707325440674,1,0,77912,57.03960754767985,G27,S
3709,0,3,"Lewis, Dr. Christopher",male,30.431927279146482,1,0,PC 523600,165.10776123372395,,S
3710,1,3,"Sullivan, Miss. Melissa",male,50.80629102951221,0,1,CA 531398,114.14920751585298,,S
3711,0,2,"Frost, Mr. Andrew",male,0.42,0,0,75322,5.637143302752622,,C
3712,1,1,"Johnson, Mr. Angela",female,27.25313144447653,0,1,W.E.P. 585185,32.13441234233703,,S
3713,1,3,"Lambert, Miss. Chase",male,14.874675288083811,0,1,SC/Paris 176502,21.343367112155942,,S
3714,1,1,"Jackson, Master. Michael",male,2.5401142721374725,0,0,67771,1.3685127916866495,,S
3715,1,1,"Thornton, Miss. Brian",female,13.27375572739232,0,0,29186,31.452708222297453,F11,S
3716,0,1,"Robinson, Miss. Dana",female,30.241325490042993,0,1,SC/Paris 544715,8.029051405195355,,S
3717,0,3,"Stone, Miss. Joseph",female,19.845140191109763,1,0,12440,1.8566958028750322,,S
3718,0,3,"Miles, Miss. Jacob",male,42.55259025755208,0,1,SOTON/O 528107,29.440989904809623,,C
3719,0,2,"Holloway, Dr. Travis",male,27.006158128821372,1,1,STON/O 776956,13.223384153891551,,C
3720,0,1,"Monroe, Dr. Norma",male,25.4536630339068,2,1,W.E.P. 892127,136.8933705871641,,S
3721,0,3,"Allen, Mr. William",female,25.516066692914706,0,1,26411,83.7514662791074,,Q
3722,1,3,"Sullivan, Mr. Keith",male,28.621078314186455,1,1,71559,156.3731339031112,,S
3723,1,1,"Jackson, Master. Kimberly",male,24.141300510801457,0,0,76891,106.62731220485244,,S
3724,0,1,"Johnson, Miss. Thomas",female,18.082448234101715,0,0,A/5 770380,65.08964511153633,,C
3725,0,3,"Nunez, Master. Courtney",male,43.848588375664505,0,0,28695,45.52072334678007,,S
3726,1,3,"Adams, Master. Leslie",male,21.262669294554758,1,0,W.E.P. 100561,3.384750901164746,,S
3727,0,3,"Wright, Master. Sandra",male,24.630627371153395,0,0,STON/O 825441,15.44918303317478,E144,S
3728,0,3,"Burns, Master. Wayne",male,36.01167112126435,0,0,PC 521363,62.021646798868034,,S
3729,0,1,"Lam, Dr. Jessica",male,34.46237744620154,0,0,27582,25.639767194774215,,C
3730,0,1,"Vang, Miss. Sabrina",male,17.491867127155306,0,0,42135,19.679121790598973,,C
3731,0,2,"Arnold, Mr. Thomas",female,40.56974721755045,2,2,SC/Paris 199143,5.4889650970618975,,C
3732,1,2,"Pitts, Mrs. Mark",male,37.527384757737664,0,0,24094,3.638433993333571,,C
3733,0,3,"Stafford, Dr. Ryan",male,32.49164767862156,0,0,SC/Paris 105700,11.785345010225099,,Q
3734,0,3,"Nguyen, Master. Cindy",female,23.961564091859113,0,1,22930,89.96210941114724,C52,C
3735,0,3,"Anderson, Mrs. Devon",female,24.30577033270028,0,1,SOTON/O 804709,54.385983013746376,A80,S
3736,0,1,"Williams, Miss. William",female,27.17484055797747,1,0,63632,20.847538083237435,,S
3737,1,3,"Hicks, Miss. Keith",female,12.754352824211278,1,1,W.E.P. 406773,3.1485057714451092,,S
3738,1,3,"Miller, Master. Nathaniel",female,29.450241719642612,1,0,PC 789692,10.435691313438314,,Q
3739,1,1,"Johnson, Dr. Caleb",male,42.489428566257985,1,0,77556,29.881380490853093,,S
3740,0,3,"Sanchez, Mrs. Thomas",female,42.26919665767633,2,0,37633,8.315595296292498,,S
3741,1,2,"Vance, Master. James",male,24.668075202129657,0,1,83281,71.9005296278071,,S
3742,1,1,"Ramirez, Mrs. Alexandra",male,44.89716581815751,0,0,23117,77.70845043754605,,S
3743,1,3,"Lawson, Dr. Stephen",male,56.68266376341223,0,0,45629,7.359563025683349,,Q
3744,0,3,"Williams, Mr. Melissa",male,25.573094506320416,0,0,35820,64.89061040123562,,S
3745,0,1,"Young, Mrs. Mark",male,39.68120589005036,1,0,SC/Paris 232233,35.89650144393196,D144,S
3746,0,2,"Garcia, Miss. James",male,0.42,0,0,CA 697651,164.01302499840403,F98,Q
3747,1,3,"Williams, Mrs. Gloria",male,12.385945805452124,0,0,PC 193970,77.4566052276681,,Q
3748,0,3,"Jones, Mrs. Tiffany",female,31.27569441066928,0,0,CA 316633,44.00978247591911,,S
3749,0,3,"Molina, Miss. Mark",female,15.905737124742567,0,0,SOTON/O 488260,46.26882925386241,,S
3750,1,1,"Ayers, Miss. Maria",male,58.54882862611428,0,0,SOTON/O 398604,9.85625507874953,,C
3751,1,1,"Johnson, Mrs. Steven",female,38.37031562215175,0,0,17039,112.04039093460729,D42,S
3752,1,2,"Mclean, Mrs. Patricia",male,43.52164305601383,0,0,97887,40.96361637576656,,C
3753,0,2,"Arroyo, Mrs. Timothy",female,29.59363031375178,0,1,66972,42.6771822082129,,S
3754,1,1,"Rush, Dr. Christopher",male,15.95508772190887,2,0,SC/Paris 884870,42.832546398702156,,C
3755,0,1,"Benson, Miss. Joseph",male,22.736656049551673,0,1,91149,16.164478814132035,B161,C
3756,0,3,"Warner, Master. Kerry",male,33.56132671476904,0,0,PC 569100,83.58976601798712,,Q
3757,0,2,"Schwartz, Miss. Christine",male,21.069185262273844,1,0,A/5 994891,99.14823062768467,,S
3758,0,3,"Cook, Dr. Michelle",male,39.39668788418079,1,0,43357,16.975783513137436,,S
3759,0,1,"Valdez, Mrs. Blake",male,39.95980956886494,2,0,CA 571080,29.149221522885526,B48,C
3760,1,3,"Cherry, Mrs. Charles",male,30.06973825515424,2,0,76270,9.870798586927839,,S
3761,0,1,"Nelson, Dr. John",male,4.441108781762008,2,1,37348,13.62604243032698,,S
3762,1,3,"Cooper, Mr. Rachel",male,54.00698907132343,0,0,A/5 369272,20.47236254986889,,S
3763,0,1,"Dean, Dr. David",female,27.022580006346754,1,0,19516,116.13397403141354,,C
3764,0,3,"Snyder, Mrs. Bonnie",male,67.92987307859451,1,0,86164,49.19632382764698,G175,S
3765,0,3,"Williams, Miss. Lori",male,39.13549974893073,1,0,STON/O 762506,44.330406874711095,,C
3766,0,3,"Bell, Miss. Michael",female,27.060628925751203,0,0,65396,146.64487473343897,,S
3767,0,1,"Jackson, Miss. Eric",female,36.26950627097206,1,0,SOTON/O 498246,78.34777805836089,D123,S
3768,0,3,"Boyle, Mr. Larry",male,1.7300027608994313,1,1,55381,0.8090390264656441,D146,S
3769,0,3,"Sullivan, Master. Jennifer",female,44.36599364530353,1,0,A/5 413651,6.638562080788491,,C
3770,0,1,"Anderson, Master. George",male,65.93717732541266,0,1,W.E.P. 723216,14.234577040992116,,C
3771,0,3,"Williams, Mrs. Christine",male,0.7507313661926958,1,0,16630,18.114574089307315,,S
3772,1,3,"Henson, Miss. Jay",male,25.976273862440095,2,0,67728,89.80712389733748,D66,S
3773,0,3,"Odom, Miss. Danielle",male,28.525266280918633,0,0,STON/O 923615,73.46393228720683,B70,C
3774,1,3,"Brown, Miss. Patricia",male,42.2532008082829,0,0,A/5 529795,7.858862015145367,,S
3775,1,3,"Tanner, Miss. Michael",female,59.48365943831752,0,0,81979,38.171262320516504,,S
3776,1,3,"Arnold, Dr. Richard",male,35.36034971633791,0,0,SC/Paris 360225,5.77707471263482,B57,C
3777,1,2,"Choi, Mrs. Brandon",female,59.98508553901738,0,0,80721,9.490524742893129,,S
3778,0,3,"Hunt, Dr. Joseph",male,32.38605467638527,1,2,PC 891364,13.865976524641379,,S
3779,1,3,"Long, Mr. Jessica",male,36.319933463147215,0,0,W.E.P. 923797,117.84944739021468,,C
3780,1,3,"Gibson, Mrs. Jose",male,34.59529792624357,0,0,85977,22.763385956682928,,S
3781,0,3,"Peterson, Miss. Abigail",female,47.08419696207121,0,1,A/5 381555,123.73841138260535,,S
3782,0,1,"Flores, Miss. Todd",male,24.087505186457154,1,0,42885,69.46309026926276,C52,S
3783,0,2,"Hill, Dr. Robert",female,41.45601462266112,1,0,89050,69.19605461166381,B10,S
3784,1,2,"Andrews, Master. Jessica",female,12.76884751241002,0,0,26154,81.35249981723268,,C
3785,1,2,"Rios, Dr. Amanda",male,26.016942534880272,1,1,A/5 818555,5.044403122520053,,S
3786,0,1,"Anderson, Master. Meagan",female,21.085589278856684,1,0,49213,84.26657055052367,D132,S
3787,0,3,"Blair, Mrs. Thomas",female,31.23146182065119,0,0,SOTON/O 984622,14.556637007222479,A156,Q
3788,0,1,"Salazar, Mrs. Justin",male,25.574883508347057,0,0,94810,206.54443022591278,,S
3789,0,3,"Evans, Mrs. Matthew",male,45.84987169439765,0,0,74682,94.26061107410787,,S
3790,1,3,"Wood, Mr. Daniel",male,17.698646667597004,0,0,A/5 825542,284.8731989165891,,Q
3791,0,2,"Farmer, Mrs. Janet",male,5.761576898645824,1,0,53438,138.3233928503613,G10,C
3792,0,2,"Mcintyre, Dr. Kaitlyn",male,10.998026524038199,0,1,CA 284738,22.293206351840823,,S
3793,0,3,"Dunn, Dr. Rachel",male,43.91835264821847,0,1,PC 667473,142.0990792708799,,S
3794,1,3,"Gomez, Master. Daniel",female,16.42619719357289,0,0,A/5 117576,20.041043481866236,,S
3795,0,3,"Smith, Mrs. Richard",male,35.56982181728992,0,1,37322,53.83364451190198,,S
3796,1,3,"Hughes, Master. Julie",female,25.87297495452688,2,0,PC 491322,85.36635456109558,G55,S
3797,0,3,"Sanders, Dr. April",male,41.53941676654557,0,0,12598,24.060891622157595,C83,S
3798,0,3,"Lin, Miss. Deborah",male,26.769280128367456,1,1,SC/Paris 658614,11.399467242350958,,C
3799,0,3,"Hill, Mrs. William",female,68.70087922563991,0,0,60828,112.63594094322345,,S
3800,0,3,"Haynes, Mr. Kimberly",male,56.57363822145906,0,0,77189,5.450681965968493,B146,S
3801,0,3,"Valdez, Mr. Jared",male,25.587057474320307,0,0,W.E.P. 919807,22.704580698257583,,S
3802,1,1,"Garcia, Miss. Nicholas",male,23.670115752670196,2,0,17286,38.88872337955757,,S
3803,1,3,"Olson, Master. Francisco",male,73.85256611131847,0,0,11609,81.67363944802759,,S
3804,1,3,"Thomas, Master. Dawn",male,14.896086541399743,0,0,CA 407813,101.56874711076863,,S
3805,0,3,"Myers, Master. Phyllis",male,29.229670329143115,0,0,27530,35.834430911211,,Q
3806,1,1,"Allen, Mrs. Jennifer",female,30.314284875875984,1,0,80394,42.59504296377282,,S
3807,0,2,"Cohen, Master. Timothy",male,29.967269430595962,0,0,SC/Paris 932981,96.1477425089342,,S
3808,0,2,"Ross, Mr. Ronald",male,5.658035912572629,0,0,83634,31.462838670213138,,S
3809,0,2,"Aguirre, Mr. Michael",male,36.95243373546317,0,0,CA 799777,40.94718603607946,,S
3810,0,1,"Walker, Mr. Matthew",male,16.41509872050756,0,0,A/5 192676,0.9305466184019195,,C
3811,1,3,"Knight, Master. Barbara",male,50.103847738366994,0,0,76961,150.91803489896748,,S
3812,0,1,"Hodge, Mrs. Mariah",male,9.616489405915296,1,0,96637,41.825275572499976,,C
3813,0,2,"Anderson, Mr. Tyler",male,30.832522983256666,1,1,86594,65.01946993945296,B59,C
3814,0,1,"Williams, Dr. Mark",female,0.42,1,1,26088,14.245161625945368,F45,S
3815,0,3,"Wagner, Mr. Ryan",male,0.42,1,1,70384,53.44128547404679,C190,S
3816,0,2,"Carrillo, Mrs. Debbie",female,18.249072583903143,0,0,24394,30.81168560674645,,C
3817,0,2,"Robinson, Mr. Jonathan",male,20.225058847281606,1,0,15941,5.965655637029812,,S
3818,1,3,"Black, Miss. Micheal",male,50.52016978185209,1,1,W.E.P. 960116,88.64675250360125,,S
3819,1,3,"Williams, Miss. Anthony",female,29.431714292333425,1,0,STON/O 360899,91.4228534736125,G78,Q
3820,0,1,"Adams, Miss. Elizabeth",female,48.093696612761754,0,0,83645,3.291674964167458,C57,S
3821,0,1,"Jones, Mr. Sean",male,24.682987674526522,0,1,W.E.P. 206079,24.764450482780557,,S
3822,0,2,"Wright, Mrs. Spencer",female,38.48519256032464,0,0,53204,16.525483643304593,A168,C
3823,1,3,"Mccarthy, Master. Kelly",female,19.843345563135387,1,0,SC/Paris 122236,36.321684482903905,,S
3824,0,2,"Gallagher, Mrs. Erin",female,18.891377032619584,0,0,STON/O 224816,33.549332194181034,,S
3825,0,3,"Wilcox, Dr. Belinda",male,4.508098055149475,1,0,28087,53.41784659215938,C44,Q
3826,0,2,"English, Dr. Debbie",female,34.700555913917846,0,3,34154,14.216894290149465,,S
3827,0,3,"Anderson, Mrs. Wanda",female,33.6691678058021,0,0,STON/O 201382,12.532124846127765,,S
3828,0,1,"Watson, Mr. Patrick",female,40.88238042200193,1,2,STON/O 991381,64.24588114932128,B105,C
3829,1,1,"Schmitt, Miss. Erik",female,33.00885601997953,2,0,CA 363010,186.91441983484174,D8,Q
3830,0,3,"Garcia, Miss. Elizabeth",female,58.366743680715544,1,0,SOTON/O 428485,146.25849242593853,E73,S
3831,0,2,"Collins, Master. Erica",male,32.464386913485136,0,1,STON/O 269648,78.5075445349506,A165,C
3832,1,1,"Harrell, Mr. Rebekah",male,43.88557400073369,0,0,74291,3.492593977944742,,C
3833,1,3,"Stewart, Master. Shawn",male,25.462472838012562,0,1,34975,13.575608328418632,,S
3834,0,3,"Olson, Mrs. Holly",male,17.281419519780556,1,0,28254,58.49908819201842,,S
3835,0,2,"Kramer, Master. Alexis",male,40.04773238261291,1,0,96734,17.5327004804958,,C
3836,0,3,"Nelson, Dr. Justin",male,28.751928170515228,0,1,A/5 895055,25.012693094046124,,S
3837,1,3,"Nelson, Master. Pamela",male,41.64860264301469,0,2,A/5 384727,153.61271484466704,E135,C
3838,0,3,"Murphy, Miss. Benjamin",female,34.94111158582553,0,0,CA 751659,4.5130471922755335,,Q
3839,1,3,"Lopez, Dr. Laura",female,18.897813424937812,2,0,64059,98.75240712761757,B191,C
3840,1,3,"Chavez, Miss. Joan",male,45.0407302874784,0,0,35506,2.5803583899576914,,S
3841,0,1,"Martin, Mrs. Michelle",female,17.80334064701465,0,0,20843,20.62013640238612,G24,S
3842,0,3,"Payne, Master. Matthew",male,38.754567686137065,0,0,58175,40.529161857031454,B36,C
3843,0,2,"Wells, Master. Gina",female,47.94255556136194,1,0,91846,22.032666473739386,,S
3844,0,1,"Hart, Master. Vanessa",female,24.615672262187793,0,0,SOTON/O 758798,157.5106806638518,A118,S
3845,0,2,"Evans, Mr. Gary",male,46.183922351412406,1,0,92197,35.096792813238736,,C
3846,1,1,"Park, Mr. Matthew",male,35.566635676744696,1,0,PC 286996,66.18269867465789,,S
3847,1,3,"Ramirez, Dr. Brittany",male,41.92721289754769,0,0,SOTON/O 540410,60.54404877357934,,S
3848,0,3,"Franklin, Miss. Donna",female,18.285420324563795,0,0,84604,90.11847998832326,,C
3849,1,3,"Williams, Mrs. Keith",female,33.00020324875247,1,1,STON/O 574019,99.72345516693014,,S
3850,0,1,"Mitchell, Mr. John",male,10.28686165965695,0,0,69089,31.397661746202278,E48,S
3851,0,1,"Boyd, Miss. Katherine",male,53.95820721434649,0,0,W.E.P. 580934,99.38972476063972,,S
3852,0,3,"Adams, Master. Jessica",male,1.8040234978169032,1,0,60191,52.9863825663905,B122,S
3853,0,3,"Stafford, Master. Cynthia",male,25.033474525196098,0,0,32363,57.92782766838652,E110,Q
3854,1,1,"Avila, Miss. Donald",female,16.95607968120529,0,0,STON/O 817678,9.51183589208254,,C
3855,1,2,"Allen, Master. Stephanie",male,39.44580581283133,0,1,CA 784328,14.05846352320444,,S
3856,0,3,"Morrison, Mr. Heather",female,56.93524324301886,0,1,61262,58.183895896558724,,Q
3857,0,1,"Rivera, Mrs. Jesse",female,39.16881138162536,0,0,16004,15.437362849395504,F117,S
3858,0,3,"Wells, Mr. Carol",female,71.45797175731892,0,0,W.E.P. 946557,33.671149062868245,,S
3859,0,3,"Ortiz, Master. Joshua",male,10.70883752817624,2,0,37877,33.66382600059491,,Q
3860,1,2,"Lee, Mrs. Amy",male,11.783422144600085,1,1,26102,13.331051631734143,,S
3861,1,2,"Miller, Master. John",male,17.4964007573844,1,0,14384,41.79248866804451,,S
3862,0,2,"Rodriguez, Mrs. Mark",female,31.697425734142683,0,1,SOTON/O 262907,41.47768666162661,,S
3863,0,2,"Williams, Dr. Jamie",female,15.6230867460345,0,0,26363,6.906580908182727,B101,C
3864,0,3,"Gardner, Master. Jeremy",male,19.47672143972964,0,0,92975,23.991773391218395,,S
3865,0,3,"Morales, Dr. Megan",female,38.68676933498203,1,0,SC/Paris 190876,22.771617708940624,,S
3866,0,3,"Smith, Mr. Kevin",male,12.651593636406549,0,0,STON/O 140992,41.28693419114213,,C
3867,0,3,"Green, Mr. Randy",male,14.135255818418575,2,0,95021,69.18114052202826,B87,Q
3868,1,2,"Osborne, Mr. Kathleen",male,24.42045745813899,0,0,SOTON/O 835495,0.920066774930401,A98,Q
3869,1,3,"Howard, Master. Robert",male,25.737797008249505,1,0,82776,7.110518093455929,,S
3870,0,3,"Smith, Miss. Wendy",male,44.14022004109842,1,1,81643,17.976445346692827,,Q
3871,0,3,"Gibson, Dr. Danny",male,17.391043528306312,0,0,70214,83.14542745920748,,C
3872,0,2,"Riggs, Dr. Lauren",female,19.916080222307436,1,0,53217,32.74613255697439,,S
3873,0,3,"Williams, Dr. Jennifer",female,38.14338162790609,1,1,55558,35.75804440904975,B95,S
3874,1,3,"Stuart, Master. Kelly",male,41.21952053296735,1,0,99463,26.314591071172273,E156,S
3875,0,2,"Gilbert, Dr. Alexis",female,50.00214253977224,0,2,PC 268271,26.81954282045661,,S
3876,0,1,"Collins, Dr. Andrew",male,36.56768496810656,1,0,12535,189.8386530808539,,S
3877,0,3,"Smith, Dr. Joanna",male,31.825096839465573,2,1,PC 583181,114.45425779168772,,S
3878,1,2,"Bowen, Master. James",female,38.05053769444616,1,0,SOTON/O 990822,64.70715889524621,,S
3879,0,3,"Hernandez, Master. Nathan",female,26.256220717560335,0,1,SOTON/O 290164,19.58426687224363,,C
3880,0,3,"Robles, Miss. Briana",male,26.153253678743297,1,0,21978,36.04514530210486,,S
3881,0,3,"Ayers, Dr. Kelly",male,5.162455628097451,0,0,79612,58.46454381357741,,Q
3882,1,3,"Andrews, Miss. Thomas",female,42.507823393650675,0,1,SC/Paris 590177,25.09125399564954,,C
3883,1,3,"Wagner, Dr. Michelle",male,32.96042523072446,0,1,W.E.P. 892495,37.166579228816445,,S
3884,0,1,"Smith, Dr. Cassandra",female,40.878549729156276,1,0,SOTON/O 662510,7.874280171500569,E80,S
3885,1,2,"Murray, Mr. Audrey",male,0.42,0,0,27300,4.912440070913333,,S
3886,1,3,"Holmes, Mr. Brad",female,29.340576089490355,0,0,SC/Paris 671769,9.154677329577359,G123,C
3887,1,3,"Morris, Miss. Mia",male,18.017658910713145,1,0,SOTON/O 341955,70.45914441808763,G119,S
3888,1,1,"Gonzalez, Master. Marissa",male,51.019075067483264,0,0,STON/O 649233,10.533707503718556,E198,S
3889,1,1,"Goodwin, Miss. Felicia",male,38.599036816773605,1,0,W.E.P. 413303,129.3281546911128,,S
3890,0,3,"Pratt, Mr. Joshua",male,33.279295751347846,3,0,97611,22.986734758469936,,C
3891,1,3,"Johnson, Mrs. Adrian",female,23.95293842922566,0,0,59301,9.25824829793581,A111,S
3892,0,3,"Tucker, Master. Barbara",male,35.560916341843054,1,0,41225,87.2182666747473,,S
3893,1,2,"Hoffman, Mrs. Brittany",female,17.005401188706536,0,0,44083,30.499789240394364,D73,C
3894,0,3,"Barajas, Master. Ann",male,28.60384513239928,0,0,45203,24.588732653357166,C16,S
3895,1,3,"Velazquez, Mr. Charles",male,21.90291258217612,0,0,20942,19.98308723672798,,S
3896,1,3,"Neal, Mrs. Molly",male,61.73085516974368,1,0,93668,20.062136997787583,,C
3897,0,3,"Taylor, Mrs. Alicia",male,50.57926858667176,0,0,SC/Paris 436123,54.44909231842329,D79,S
3898,1,1,"Cruz, Dr. Sharon",female,44.88266477575963,0,0,35597,38.896939645629146,D8,S
3899,0,3,"Brock, Mrs. Zachary",male,9.135645689841791,0,0,SC/Paris 125664,31.52191883519914,,S
3900,1,1,"Beasley, Dr. Javier",female,42.09819957197675,0,0,SC/Paris 195779,29.623615900013405,C124,S
3901,0,2,"Smith, Mr. David",female,32.62733345198713,0,1,46838,7.657620498098136,G161,S
3902,0,3,"Hobbs, Mrs. Allison",female,47.128441953226044,2,0,77564,87.9773368508752,,S
3903,1,3,"Griffith, Dr. Karen",male,34.51353133177715,0,0,71747,130.76061682823806,,C
3904,0,3,"Moore, Mrs. Sarah",male,29.905952675463748,0,2,78756,81.02654097007671,,C
3905,1,3,"Ford, Mr. Scott",male,33.272980148711824,0,1,STON/O 362181,30.007167670876793,,S
3906,0,2,"Gonzalez, Mrs. Tamara",male,4.721133917284373,1,0,23793,179.1244603601708,D35,S
3907,0,3,"Gray, Mrs. John",male,19.256354189650835,0,0,SOTON/O 160392,48.2011494288984,,S
3908,0,1,"Moran, Miss. Robert",male,35.22669754184581,1,0,STON/O 204298,74.37934800374639,E51,S
3909,0,3,"Cannon, Miss. Thomas",male,45.95143701769216,0,0,SC/Paris 280290,67.58949291094676,D46,S
3910,0,1,"Walker, Dr. Kristen",female,22.293096371630345,0,0,SOTON/O 206773,61.518125547111694,,C
3911,0,3,"Wolf, Mrs. Alexander",female,29.428703681904928,0,2,79525,51.35921910852686,,C
3912,0,1,"Taylor, Mrs. Jennifer",female,7.586105774544535,0,0,CA 336808,11.8882506778979,,S
3913,0,3,"Thomas, Mrs. Jeffrey",male,50.43035138695264,2,0,SC/Paris 469946,17.43914613752625,,C
3914,1,3,"Robinson, Mrs. Tanya",male,45.592384251263695,1,0,13342,108.89353113495784,,S
3915,1,3,"Stewart, Miss. Jessica",male,39.12943665994078,0,1,65496,9.920085310507496,,S
3916,0,3,"Rivera, Mrs. Kimberly",male,35.69528662683247,1,0,82522,8.241471657380165,E197,S
3917,1,3,"Lewis, Dr. Patricia",male,51.73568691205516,0,1,30801,16.714983615557745,D123,C
3918,0,3,"Khan, Mrs. Andrea",male,18.72984612159396,1,0,PC 312811,22.50950890431436,,S
3919,1,3,"Gonzalez, Miss. Susan",male,17.21573821142678,0,2,13780,40.2743256993048,,Q
3920,1,2,"Underwood, Dr. Ernest",female,44.861277007590004,0,0,42719,46.5116314276976,,S
3921,1,1,"Lynch, Miss. Maria",female,43.920387343913745,0,0,CA 724467,78.19272234496377,,Q
3922,0,1,"Francis, Dr. Jeff",male,13.291061794751872,2,0,CA 382192,3.8120261520803336,,S
3923,1,2,"Gonzalez, Dr. Max",male,22.560961657923873,1,0,72155,11.674476653688412,E136,S
3924,0,1,"Taylor, Mrs. Allen",female,53.64730383508345,0,0,63503,35.1762325905414,C161,S
3925,1,3,"Morgan, Master. Emily",male,35.76334259502265,1,0,33490,14.438306869952031,E185,S
3926,0,1,"Mcclure, Miss. John",male,41.02026125225441,0,0,21719,103.36979840978478,,S
3927,0,1,"Green, Dr. Daniel",male,13.773348404589008,2,0,A/5 481651,51.105897276633414,D98,S
3928,1,1,"Williams, Dr. Jerry",male,39.193023343520494,1,0,A/5 270390,33.69015526385224,B154,C
3929,1,3,"Walker, Miss. Donald",male,10.126418359207676,0,0,29336,0.022185726503198964,D170,Q
3930,0,3,"James, Miss. Joshua",female,2.2825008815904084,0,0,23315,97.82518251767999,,S
3931,1,2,"Ferguson, Mr. Mercedes",male,40.17553544253215,1,1,21750,30.889035000586723,,C
3932,0,3,"Rivers, Miss. Tonya",male,50.08223237488285,1,0,99285,37.901273848156336,,S
3933,1,1,"Johnson, Master. Amy",male,26.44699493951165,0,1,96022,59.911377649130216,A178,S
3934,0,3,"Morris, Master. Randall",female,22.34829045403758,0,0,CA 744601,138.59376675230828,A170,S
3935,0,3,"Torres, Master. Amanda",male,53.95188118744919,0,1,42562,8.611235326832995,,S
3936,0,1,"Moses, Mr. Andrew",male,27.27303283239549,0,1,STON/O 644821,3.692240713384941,,S
3937,0,3,"Houston, Mr. Amber",male,29.079237870198366,0,0,37638,6.500247151134629,,S
3938,0,3,"Vargas, Mr. Michael",male,53.7154011701647,2,0,25008,67.49314424452758,,C
3939,0,2,"Myers, Dr. Carol",male,25.04981261760506,0,1,CA 513879,6.921616417056063,A122,Q
3940,0,3,"Ray, Mrs. Justin",male,20.843613469171878,0,0,SOTON/O 126099,34.75555622703019,,S
3941,1,1,"Ellis, Mr. Edward",female,41.417115137919225,0,1,SC/Paris 516214,61.29301945655148,,Q
3942,1,2,"Bird, Mrs. Katherine",female,20.034013838692378,1,0,PC 999449,62.372176163540594,F168,Q
3943,0,1,"Baker, Mrs. Michael",male,27.975578466289452,2,0,PC 513197,26.07349070442696,,C
3944,0,1,"Todd, Mrs. Shawn",male,11.531779576029212,1,1,21400,59.96824451578854,,C
3945,0,1,"Hoffman, Master. Kevin",male,32.59555923727118,0,0,CA 958825,149.79773257762764,,S
3946,0,3,"Hernandez, Mr. Amber",female,30.9533648208433,2,1,21622,1.41888506099207,,C
3947,1,1,"Holland, Miss. James",male,43.55228384612401,1,1,50855,55.64268182188694,,S
3948,0,2,"Goodwin, Miss. Ann",female,42.00159151326423,1,0,STON/O 841869,36.97192353670238,,C
3949,0,3,"Ramirez, Master. Matthew",female,37.72125211857415,2,0,A/5 880215,11.950216200064624,B118,C
3950,0,3,"Lawson, Dr. Lisa",female,35.51957969893418,0,0,90850,18.387675382008815,F32,S
3951,0,3,"Jones, Dr. Jonathan",female,28.97444240746722,0,0,A/5 438143,90.74646092677514,B125,S
3952,1,3,"Patterson, Mr. Joseph",female,38.53378356594125,0,0,A/5 593327,44.20304741746237,,S
3953,1,3,"Ramirez, Miss. Tracy",male,14.427349568634181,0,0,PC 172359,0.7318472656687949,,Q
3954,0,3,"Blair, Mrs. Carrie",male,0.42,2,0,66136,168.139230045974,,S
3955,0,3,"Gallagher, Mr. Ashley",male,46.26684739698051,1,0,A/5 737468,54.85830621132273,,S
3956,1,3,"Coleman, Dr. Dawn",male,39.43824647147079,0,0,39604,29.22744436624658,,S
3957,1,1,"Noble, Mr. Dawn",male,28.222189920081192,0,0,A/5 292801,62.2976590583131,B107,S
3958,0,2,"Flores, Miss. Justin",male,45.043820518243805,0,1,35712,11.443560513267066,,S
3959,0,3,"Robbins, Mrs. Brandi",female,19.759036162748618,0,2,71620,15.086842341020443,A93,S
3960,0,2,"Vasquez, Mrs. Ricky",male,20.123104550835894,0,0,64445,8.251177495278919,F162,S
3961,0,2,"Cohen, Dr. Melissa",male,18.182071868281657,0,0,STON/O 386192,25.297959436253016,E148,S
3962,0,3,"Lane, Dr. Justin",male,37.94670765162239,1,4,CA 900782,117.5364227828359,,S
3963,0,3,"Bell, Master. Michael",male,7.83858691899346,0,0,PC 792672,24.59940757188476,,S
3964,0,1,"Miller, Miss. Christopher",male,19.262537505051423,2,1,CA 312017,16.98988677868854,,Q
3965,0,3,"Acevedo, Dr. Holly",female,34.0560103253059,0,0,SOTON/O 237450,60.79616889892512,,S
3966,1,3,"Walker, Miss. Joseph",male,13.141884937083447,1,0,91466,101.85957787762649,,S
3967,0,3,"Horne, Master. Ryan",male,20.755654320743403,1,0,CA 716948,14.00105194605189,B41,S
3968,0,3,"Orr, Mr. Kimberly",male,0.42,0,0,W.E.P. 356807,82.492604914942,,S
3969,0,3,"Cook, Master. Julie",female,38.481293091621524,1,0,42335,18.178135508998963,,S
3970,0,3,"Obrien, Miss. Lisa",male,20.3703072932081,0,0,52844,14.205502975869605,,S
3971,1,1,"White, Dr. Rhonda",female,14.610062498023842,0,0,CA 520891,32.023637978017845,,S
3972,0,3,"Lopez, Master. Jennifer",male,11.869681836579947,0,0,35339,3.4530793632186416,,S
3973,0,3,"Jones, Mrs. Taylor",male,24.145010829128605,0,1,49099,99.1107957663024,G28,S
3974,1,3,"Collins, Miss. David",female,7.877821783519845,1,0,43156,103.70904920190202,,Q
3975,0,3,"Woods, Dr. Raymond",male,57.193315480081345,0,0,29954,56.56349871556584,,S
3976,1,1,"Malone, Mr. Jennifer",female,0.42,1,0,PC 858273,18.040271830106164,C124,S
3977,0,3,"Montoya, Dr. Carolyn",male,23.69133190298914,1,0,STON/O 286627,9.118605177109435,,S
3978,0,2,"Lopez, Miss. Adam",female,31.49669701007757,0,0,SOTON/O 148087,59.99984162289513,D163,S
3979,0,1,"Choi, Mrs. Michael",male,19.14469394208824,0,0,SOTON/O 957501,5.439914537102363,,Q
3980,0,1,"Martin, Dr. Daniel",female,32.96984432210362,1,0,W.E.P. 556388,26.475650039539183,,S
3981,1,1,"Martinez, Dr. Rhonda",male,18.80557795075374,2,0,48474,4.65013571206324,,Q
3982,1,3,"Brown, Miss. Jose",male,51.421322491424085,0,1,75145,27.796097434424443,,S
3983,0,2,"Miles, Miss. Stephanie",female,14.335721802463125,0,0,93078,7.222063516600652,B19,S
3984,0,2,"Casey, Mrs. Tony",female,0.42,0,0,SC/Paris 296380,1.6356746972696765,,S
3985,1,3,"Spencer, Dr. Steven",male,11.821002093653497,1,0,PC 532103,29.867708048938585,A14,S
3986,1,2,"Jackson, Mrs. Maria",male,35.41092684739198,0,0,61499,41.931067234667715,,S
3987,0,1,"Riggs, Miss. Dylan",male,28.3490586863159,0,0,90241,28.932134525571385,,C
3988,0,2,"Cole, Mrs. Benjamin",male,40.529860711749635,0,0,STON/O 534674,9.688199538288389,,S
3989,0,1,"Daniels, Miss. Holly",male,37.02442463395353,0,0,21563,4.02967471938914,,S
3990,1,1,"Dixon, Mr. Christopher",male,21.092075103847144,0,0,45770,6.754741151854931,,S
3991,0,1,"Moody, Mrs. Lisa",male,23.152831086862342,0,0,13290,64.93504862412702,E121,S
3992,0,3,"Wilson, Dr. Emily",male,24.605397140854837,1,0,71054,0.8001764180967039,,Q
3993,1,1,"Martinez, Dr. John",male,56.380845168953144,2,1,29474,99.50430280831533,,C
3994,0,2,"Long, Dr. Brandi",female,39.671512405623176,1,0,SOTON/O 526590,91.65693738644221,,S
3995,0,3,"Rosales, Dr. Kevin",male,56.483616588499075,0,1,A/5 747882,106.20891801989917,,S
3996,0,2,"Wong, Mr. Leslie",female,41.77091121278539,0,1,W.E.P. 412191,105.49313939549964,B97,Q
3997,0,3,"Trevino, Dr. Robert",male,29.10983247109828,0,0,CA 308909,55.058089686940804,C90,S
3998,0,3,"Atkinson, Mrs. Cindy",male,15.728939182200692,1,0,STON/O 729690,94.00688696105553,,S
3999,0,2,"Bowman, Miss. Timothy",male,32.82127539608241,0,0,STON/O 775301,65.52786134741547,,S
4000,0,3,"Powell, Miss. Michael",male,29.147831588972775,0,0,STON/O 569756,17.842381368111685,,Q
4001,0,1,"Hernandez, Miss. Kristina",female,28.688938005265005,1,0,43309,70.3508280482224,,S
4002,1,1,"Patton, Miss. Samuel",male,27.072612923410503,0,0,PC 717474,47.80051272639098,,Q
4003,1,3,"Dudley, Mrs. Jacob",male,1.265522093932887,1,0,87739,1.393742859074002,,Q
4004,0,3,"Flores, Dr. Gordon",female,47.65175743148518,2,1,PC 446848,77.173044857218,,C
4005,0,3,"Johnson, Master. Kristy",female,29.293651150957558,2,0,SOTON/O 188549,102.33325769669801,,S
4006,0,3,"Gregory, Dr. Melissa",male,10.200456375599014,0,0,A/5 869357,36.43587651688202,G96,Q
4007,0,2,"Haynes, Master. Nina",male,36.744677927031034,1,1,57718,33.37657795599093,,S
4008,0,3,"Kim, Mr. Amanda",male,18.018293639508606,0,0,48637,27.867072620387294,,S
4009,1,3,"Silva, Miss. Mary",male,37.86996872159096,1,0,56283,63.4406444578716,,S
4010,0,3,"Martin, Mr. Jean",male,42.34319044717445,1,0,A/5 574495,12.132482167689512,,S
4011,0,3,"Rodriguez, Miss. Michael",male,44.27491086937045,1,0,98410,74.34650867908105,E102,S
4012,0,3,"Fowler, Master. Tiffany",female,27.747165826832514,0,0,A/5 267921,17.289806547163654,,S
4013,1,2,"Walker, Miss. Natalie",male,24.20711180774076,0,0,66592,15.156520535252124,E20,S
4014,0,3,"Johnson, Miss. Jeffrey",male,21.242462956294617,0,0,SOTON/O 276523,82.8210852103399,,Q
4015,1,2,"Jones, Dr. Clayton",female,19.884214761553046,0,1,13166,9.580772238159323,,Q
4016,0,1,"Bridges, Dr. Darlene",male,29.75877910104716,0,0,75144,99.21351070479943,,S
4017,1,3,"Patton, Dr. Anthony",male,27.069197126515647,1,0,W.E.P. 358887,190.5313936282327,,S
4018,1,1,"Moon, Mr. Gary",female,18.44574657848968,0,0,28452,19.273836315713684,B110,S
4019,0,3,"Martin, Mrs. Terry",male,13.987013446759335,0,0,85675,131.46684240050888,D13,C
4020,0,1,"Wilson, Master. Marc",male,28.477414708379847,2,0,69861,41.78333621424801,,S
4021,0,3,"Ramsey, Mr. Christopher",male,23.92123334878637,0,0,53567,15.010590936474019,,S
4022,0,2,"Anderson, Dr. David",male,14.02086237405388,0,1,A/5 954112,30.131855248438217,,Q
4023,1,2,"Terrell, Dr. Randy",female,41.6279941878997,0,1,96935,80.48552344266888,,C
4024,1,1,"Huber, Mrs. Mary",male,54.80929851155348,1,1,PC 608607,54.92619699242408,,S
4025,1,3,"Smith, Mr. Robert",male,43.476234995779144,1,0,42974,34.13830499881534,F145,Q
4026,1,2,"Graham, Dr. Steven",male,19.917367836535384,0,2,67817,14.874269015356017,F47,S
4027,0,3,"Mcclure, Miss. Eric",female,29.29678441574089,0,0,98244,64.69384223149243,,C
4028,0,1,"Cook, Master. Thomas",male,51.56600532362445,0,0,51748,18.79418892948544,,S
4029,1,1,"Holmes, Mr. Phyllis",male,13.568205001115096,0,1,STON/O 960314,20.09473372456829,,C
4030,0,1,"Smith, Miss. Jerry",female,40.956331773593156,0,0,PC 873332,68.69501644796084,,S
4031,1,2,"Wilson, Mr. Sean",female,9.726835085984142,0,1,14436,40.87128128000765,F37,S
4032,0,3,"Harper, Mr. Paul",male,53.576526784038606,1,0,A/5 593960,10.279521062824823,A82,S
4033,0,3,"Olson, Dr. Elizabeth",male,23.975596653486143,0,0,W.E.P. 510030,58.0954649123847,,S
4034,1,2,"Owens, Mrs. Deanna",male,61.20661214333338,0,1,STON/O 453798,14.923837305747533,,S
4035,0,3,"Herring, Miss. Melissa",male,54.19289318098562,0,1,PC 723817,71.45835610753521,,S
4036,1,3,"Davis, Dr. Victoria",female,28.50997286586057,0,0,CA 875543,32.57309946121001,,S
4037,1,2,"Cobb, Master. Austin",male,19.92832477645425,0,0,SC/Paris 563732,45.19159447697876,,Q
4038,1,2,"Long, Dr. Christina",male,32.72685660647279,0,2,SC/Paris 901256,45.93677333745722,,S
4039,1,3,"Hall, Mr. Jennifer",male,27.477774466948105,0,1,72929,7.938680149103304,D65,C
4040,0,1,"Hawkins, Miss. Kristine",female,24.3780625098017,1,0,51477,52.559074178393814,,Q
4041,1,1,"Hernandez, Master. Jonathan",male,6.78641443590384,0,1,54060,100.91819583300592,A115,S
4042,0,1,"Costa, Dr. Angel",male,22.796249828835784,0,1,SOTON/O 659176,110.91312333876343,B116,S
4043,0,3,"Gregory, Mr. Debra",female,14.453292295412643,0,0,49824,58.32621190320775,,S
4044,0,1,"Buchanan, Master. Rachel",male,37.72306788995331,0,0,SC/Paris 749222,173.64986136914217,,S
4045,0,1,"Cobb, Mr. Jason",male,43.874998432363945,0,0,22956,45.59952026212699,,S
4046,0,2,"Becker, Dr. William",male,40.369576054930356,0,0,SC/Paris 807485,14.710041123692132,A188,S
4047,0,1,"Burnett, Dr. Kelly",male,34.793251254785105,1,0,W.E.P. 134800,53.96590169698763,,S
4048,0,1,"Harrington, Mr. Lindsey",male,18.059301060027376,1,0,PC 785489,119.94162799090269,,S
4049,1,3,"Walters, Miss. Nathan",male,32.87561081642674,0,0,STON/O 261889,22.22475192746102,,S
4050,0,1,"Macdonald, Miss. James",male,41.09871201102126,1,0,STON/O 723287,15.383962295298378,,S
4051,1,3,"Stewart, Mrs. Sara",male,21.79270195840378,0,0,75652,169.81690181388544,A39,S
4052,1,2,"Cummings, Dr. Rebecca",male,31.66580989953009,1,2,68895,72.73921210238484,D66,S
4053,1,3,"Brewer, Miss. Alyssa",male,27.963537750221075,1,0,87501,2.552993996136358,,C
4054,0,3,"Rice, Mr. Daniel",male,53.27313337454679,0,2,SC/Paris 823532,41.18362440262189,,Q
4055,1,1,"Chavez, Miss. Angela",male,41.92167389370334,0,0,53889,13.356791883276436,A186,C
4056,0,3,"Smith, Master. Lisa",female,38.52823456447748,0,1,78555,16.90082098192882,,S
4057,1,3,"Wolfe, Master. Vanessa",male,5.966287724483912,0,0,SOTON/O 284839,4.583112899364118,,Q
4058,0,3,"Melendez, Mr. Elizabeth",male,32.41972257474617,1,0,91410,13.132933905222968,,S
4059,1,2,"Patterson, Mr. Veronica",female,27.82981199505602,0,0,W.E.P. 391731,35.18280665502791,,S
4060,1,3,"Beck, Dr. Ashley",male,27.70880045202178,0,1,SOTON/O 641872,4.0910666560033855,B138,S
4061,0,3,"Howard, Master. Christopher",female,8.112211381617033,0,0,10948,110.22473211963812,F193,S
4062,0,3,"Thomas, Miss. Danny",female,14.771239287834026,0,0,20730,74.67237531963384,,S
4063,1,3,"Bush, Mrs. Greg",female,29.047755169319043,0,1,64668,24.013319169612018,,C
4064,0,3,"Bates, Mr. Dawn",female,45.600980894666456,0,0,26480,6.976185188879678,,S
4065,1,3,"Thomas, Master. Christina",male,21.732656022248072,2,0,63033,255.5753632720044,,S
4066,0,3,"Kelly, Mr. Stephanie",female,24.400857820540256,0,1,SC/Paris 496076,41.42620517722922,B85,Q
4067,0,3,"Jackson, Miss. Shannon",male,54.93528793400691,0,1,28936,27.493507330364885,,S
4068,1,2,"Stevens, Miss. Nicholas",male,25.844486551650288,0,0,SOTON/O 868173,11.072200881396627,,C
4069,1,3,"Foster, Master. Mary",female,28.19694666604987,1,0,97684,11.358619863018584,B120,C
4070,1,1,"Holloway, Dr. Kari",male,28.386573051275626,0,0,66485,79.53305487016344,,S
4071,0,3,"Valenzuela, Dr. Ashley",female,11.162927950336854,0,0,72897,36.686082525078014,,Q
4072,1,1,"Kaufman, Mrs. Patricia",male,38.00517372781161,0,1,CA 894728,206.7644558942006,,S
4073,0,2,"Walters, Miss. Brian",male,20.859734339819255,1,0,29680,152.98445840106424,A193,S
4074,0,3,"Chapman, Mr. Daisy",male,29.579011361443666,0,0,SOTON/O 970944,11.585746705597964,,S
4075,1,1,"Deleon, Miss. Trevor",male,36.221221501849165,1,0,30687,368.9163395190575,D48,C
4076,0,3,"Williams, Master. Michael",male,57.19580624649549,2,0,SOTON/O 330512,215.6057772509738,F17,S
4077,0,3,"Russell, Mrs. Amanda",male,11.551219376352595,0,0,12510,80.2921062802734,C45,C
4078,0,1,"Richmond, Dr. Mary",male,42.109750590927135,0,0,56805,24.789449922286984,,S
4079,1,2,"Reyes, Dr. Hannah",female,42.16212558643555,0,0,51887,12.689468632849021,,S
4080,0,3,"Reed, Miss. Melvin",male,21.064993181090173,1,0,A/5 598735,5.4438181895394715,,C
4081,1,1,"Faulkner, Dr. Mark",female,38.39305387272774,1,1,SC/Paris 550164,2.668679679127891,,S
4082,0,3,"Rodriguez, Mr. Erik",male,53.00810611808649,0,2,SOTON/O 751694,85.96330391714999,,S
4083,1,3,"Hood, Mrs. Jason",male,19.290403071025814,1,0,33438,145.53429235763375,,S
4084,1,1,"Hines, Miss. George",male,33.38057715989217,0,0,16093,74.04285129155095,,S
4085,0,1,"Watson, Mrs. Timothy",female,35.667219095156995,1,1,51945,71.1559762528916,,C
4086,0,3,"Aguilar, Mrs. Alyssa",male,37.4785039693497,1,1,W.E.P. 683716,26.822498152524844,D59,S
4087,0,3,"Kelly, Miss. Anthony",male,40.77008465002418,0,0,SC/Paris 603006,51.24685510612623,B78,S
4088,0,2,"Kane, Dr. Margaret",female,32.328267595530434,0,1,59953,55.617652261116454,E154,Q
4089,1,1,"Gordon, Mrs. Alice",male,37.18810660887203,0,0,A/5 887405,14.871741566800825,D61,C
4090,0,3,"Jones, Master. Melissa",female,17.239368898267873,0,1,18518,67.10038310311141,,Q
4091,1,3,"Baker, Master. Lucas",male,32.29604891095381,0,0,11524,7.898052879983379,,S
4092,0,2,"Maldonado, Dr. William",male,23.3312222804728,0,0,A/5 830838,17.3685031971823,,Q
4093,0,2,"Conrad, Master. Rachael",male,12.782395327842774,0,0,SOTON/O 199091,44.54435479660751,,S
4094,1,3,"Vasquez, Mrs. Michelle",male,22.871976307883394,0,0,SOTON/O 901821,38.780184436737784,,S
4095,0,3,"Moreno, Master. Eric",female,33.77238949077282,0,1,A/5 590607,60.9681087949054,D139,S
4096,0,3,"Jones, Mr. Heidi",female,36.101161869182704,0,0,80378,43.72311255218993,G144,S
4097,0,3,"Oneal, Master. Arthur",male,12.241572307081203,1,0,58032,2.540641783358768,B16,C
4098,0,3,"Small, Mr. Derek",female,16.872525965851807,0,0,43895,190.16515048752976,,S
4099,0,3,"Mccoy, Master. Wayne",male,40.145187915705094,0,0,STON/O 962787,72.08801906502308,G4,S
4100,0,3,"Montoya, Mrs. Matthew",male,37.11407329662209,1,0,50821,106.19316597261432,,S
4101,1,3,"Mejia, Master. John",male,42.41943726864894,1,0,83515,81.46370757823391,,S
4102,0,3,"Cook, Master. Rachel",male,49.14962598047184,0,0,74021,11.937846289324375,B82,S
4103,0,2,"Chase, Master. Andrea",male,37.53041953426838,2,0,25259,134.93625711114507,,Q
4104,0,2,"Sparks, Mrs. Kendra",male,24.19269321960779,1,0,50494,207.02056945685902,,S
4105,0,3,"Camacho, Dr. Jasmine",male,31.607892413146836,0,1,SOTON/O 361506,4.096969998145285,,S
4106,1,2,"Young, Dr. Stephen",female,53.23855941298335,0,0,65008,8.62461369237677,,S
4107,1,3,"Shaw, Mr. Timothy",female,68.70228596899543,0,0,SOTON/O 552491,231.74992857222506,,S
4108,0,2,"Lewis, Master. Heather",male,36.48334912039303,1,0,SOTON/O 802564,17.369099882110216,D151,S
4109,1,3,"Lester, Mrs. Victoria",male,37.497757943358295,0,0,64786,85.6851381167387,,S
4110,0,1,"Nelson, Miss. Jessica",male,40.15991713796383,0,0,31395,3.851777973012692,F177,S
4111,0,3,"Fitzgerald, Mr. Gregory",female,30.333099841471082,0,0,PC 394834,65.92074505769558,,S
4112,0,3,"Black, Miss. Gary",male,46.29395463279674,0,1,SC/Paris 749080,60.43168226349541,,S
4113,0,1,"Hill, Mrs. Michael",male,44.11263409825992,0,0,72348,138.74522621188385,,S
4114,0,3,"Ryan, Master. Kelli",female,34.96127026008343,0,0,A/5 834346,65.22958760690545,A193,C
4115,0,2,"Adams, Dr. Jennifer",male,25.547721315921383,1,0,55396,2.114049815288573,D193,S
4116,0,2,"Proctor, Master. Jeffrey",male,8.710250576720085,0,0,49392,29.933028938061078,B55,C
4117,1,2,"Atkinson, Mrs. James",male,40.2537896665995,1,0,CA 537225,21.377148089201917,,C
4118,0,1,"Rowe, Mrs. Maria",male,32.98001641316546,0,0,14030,42.28303090577472,,C
4119,0,3,"Nguyen, Mr. Carol",female,19.671251770842584,0,1,W.E.P. 682119,27.95901735144415,,C
4120,1,1,"Aguilar, Mr. Sharon",male,14.18111629007522,1,0,64710,16.483789785271565,,C
4121,0,3,"Rodriguez, Mrs. Tina",male,39.26005989136552,0,0,21548,54.09437740835903,D177,S
4122,0,2,"Ford, Mrs. Deborah",male,7.5826914973624895,0,0,SOTON/O 778236,18.63556629350364,,S
4123,1,3,"Lewis, Mrs. Kimberly",male,34.19497662421327,1,0,34125,95.0755898344065,,S
4124,1,2,"Mckee, Mr. Amanda",male,41.80970572836451,1,1,W.E.P. 553510,19.50374148450404,B34,S
4125,1,3,"Poole, Mr. Daniel",male,37.698500409832725,0,0,CA 508769,36.214791527199715,,S
4126,1,3,"May, Mrs. Randy",male,24.529643158981834,1,0,W.E.P. 236661,87.44123825631202,,S
4127,1,3,"Barr, Miss. Gary",male,12.508757217351203,0,0,57999,86.54898849541452,,S
4128,1,1,"Gardner, Master. Susan",male,38.21826935713266,0,0,PC 563998,44.1055965841614,,S
4129,0,3,"Jones, Miss. Dalton",male,46.807323287347884,0,1,PC 597494,23.895405679316013,,C
4130,0,2,"Ramirez, Mr. Cory",female,21.98173303359743,1,1,SC/Paris 983783,40.81542488911588,,S
4131,0,1,"Wolfe, Mr. Melissa",male,37.09671480410003,0,0,20910,94.750627165818,E152,S
4132,0,2,"Estes, Miss. Barry",female,52.141211662245325,0,0,A/5 131018,12.345001917137195,,Q
4133,1,2,"Vega, Miss. Sara",male,34.74385935018254,1,0,58617,6.533067645795966,,S
4134,1,3,"Morales, Dr. Marie",female,24.443677971710972,1,0,56496,43.61754688343269,G139,S
4135,0,3,"Gray, Miss. Christina",male,44.571949560884214,1,0,CA 871473,42.67084053870246,,S
4136,0,2,"Boone, Miss. Dylan",male,19.674146361790626,0,0,73134,17.346714701867544,A64,S
4137,1,2,"May, Dr. Brenda",male,11.825311789257675,0,0,70005,28.498784034830837,,S
4138,0,1,"Cortez, Master. Noah",male,41.37249667604371,0,0,STON/O 897797,4.634746052778324,E142,S
4139,1,3,"Vega, Miss. Kristin",female,24.313728311230115,1,0,64096,7.006816165538504,,Q
4140,0,3,"Huynh, Miss. Ray",male,25.56870580394842,2,1,66450,88.10960120712843,C83,S
4141,0,2,"Wilkins, Mr. Adam",male,21.222831102285,0,0,83505,31.22521410368232,,S
4142,0,3,"Williams, Master. Robert",female,23.380556462242826,1,0,44357,5.257640978898139,,S
4143,0,3,"Boyd, Miss. Jennifer",male,49.642467985376115,1,1,17102,163.3356790132702,C154,S
4144,1,3,"Palmer, Miss. Mary",male,53.27498272097134,2,1,74641,11.78241078368295,,Q
4145,1,3,"Mccall, Miss. Holly",male,55.129700906024524,1,0,CA 842869,19.056335169972638,D45,S
4146,1,3,"Stephenson, Mrs. Edward",male,45.26168869648517,0,0,43695,179.74219263674652,,S
4147,0,3,"Brown, Mrs. Hannah",female,36.527797636825326,2,1,75381,9.976591474336047,,Q
4148,0,2,"Vega, Master. Eric",male,9.948001712936414,1,1,SOTON/O 730886,173.24751998505383,F190,C
4149,1,1,"Jacobs, Mr. Alexandra",male,27.374654159395103,0,0,SC/Paris 605487,64.04986138245633,,S
4150,1,1,"Gonzales, Master. Paul",male,60.19456284073163,0,0,46454,27.836745683363407,F34,S
4151,0,3,"Valdez, Dr. Dawn",male,23.90129789746284,2,0,81431,45.18467164811231,,S
4152,0,3,"Pacheco, Miss. Diana",male,51.19802264681185,2,0,57849,35.45286296397882,,S
4153,1,2,"Perry, Master. Stephen",male,30.77050146642763,1,2,CA 652901,81.67059685651486,,S
4154,0,1,"Parks, Miss. Christie",male,0.42,0,0,STON/O 818670,3.245214453100207,,C
4155,0,3,"Rice, Master. Austin",female,38.96679789136548,0,0,49419,83.93724893536925,,S
4156,0,3,"Harrison, Dr. Sara",male,47.72756574649636,0,1,SOTON/O 165953,176.3738789948457,,S
4157,0,3,"Holmes, Miss. Mike",male,29.314056439032377,2,0,STON/O 869327,28.068498163205824,G42,S
4158,1,3,"Olsen, Mrs. Colleen",male,47.262714062795794,1,0,CA 520088,10.62269182557072,,S
4159,1,3,"Taylor, Miss. Daniel",female,6.6504147981607815,0,0,45813,5.7598363091294065,,C
4160,0,1,"Wilson, Mrs. Keith",male,10.602100305408825,1,0,36495,21.290194613854947,F85,Q
4161,0,1,"Schmidt, Mr. Christopher",female,32.868100313199626,0,0,68441,7.000722075085343,D38,C
4162,0,1,"Lee, Mrs. David",female,36.679606189445444,0,1,66945,13.049515528489469,,S
4163,0,3,"Davis, Master. Richard",female,48.9921041602919,0,0,68119,53.12888678307204,,S
4164,0,1,"Hoover, Miss. Margaret",male,38.94494253447985,1,0,SC/Paris 654492,26.873727948478333,E187,C
4165,0,3,"Dickerson, Miss. Kathleen",male,13.289192748889398,1,0,46717,115.64207347107296,B15,C
4166,0,3,"Ward, Master. Samuel",male,32.9826387090414,0,0,PC 219951,31.17201322009106,D195,S
4167,0,2,"Griffin, Miss. Robin",female,38.41018423403409,2,0,W.E.P. 256402,8.367712837893503,G69,S
4168,0,3,"Gibbs, Dr. Ronald",female,3.760724018240193,0,1,96630,7.462223906224443,D86,S
4169,0,1,"Blanchard, Miss. Ryan",female,29.389131423667788,1,0,A/5 745473,59.06467959343005,,S
4170,0,2,"Thomas, Miss. Kimberly",male,25.30184438486485,0,0,STON/O 134938,50.24326896298078,,S
4171,0,3,"Knapp, Mr. Kristen",male,20.834296967559567,0,0,43020,61.52794709327394,,S
4172,1,1,"Sellers, Miss. James",male,36.982878724537414,0,0,STON/O 533108,20.681728679533222,E55,S
4173,0,3,"Cortez, Miss. Hailey",male,13.904458628189065,0,1,80413,123.2734644338735,,S
4174,0,3,"Castillo, Dr. Larry",male,35.83631316805109,0,1,SOTON/O 916151,6.038485057779086,,C
4175,1,3,"Crawford, Mrs. Jennifer",male,37.83287580892453,0,0,92152,1.6700084128302508,F53,C
4176,1,3,"Powell, Mrs. Nathan",female,45.17268634365363,0,0,23661,67.76819410036529,F10,C
4177,0,2,"Rios, Miss. Ariana",male,14.272130320903534,1,0,A/5 114363,56.516732285582336,,C
4178,1,3,"Mendez, Mrs. Todd",female,8.926720943036337,0,0,PC 971747,34.01752236419818,,S
4179,0,1,"Floyd, Mr. Alexander",female,33.904650502746165,0,1,SC/Paris 629528,2.2338159412975798,,S
4180,0,2,"Bell, Mr. Devon",male,25.992202725852174,1,0,SOTON/O 729126,6.063228562077275,G96,C
4181,0,1,"Barnett, Mrs. Christopher",male,70.63710367491208,1,1,83903,10.864183337680544,,S
4182,1,2,"Perry, Mr. Eric",male,36.41897866740105,0,0,78976,50.90554485733262,,S
4183,1,3,"Key, Miss. Rebecca",male,30.81426396385854,0,0,99253,54.39064615579908,,C
4184,0,2,"Nelson, Mrs. Nicolas",male,27.580408620530182,1,0,44645,56.49188946485953,,C
4185,0,3,"Francis, Dr. Michelle",male,12.947134163847714,1,0,A/5 443231,81.24001315090054,,S
4186,1,2,"Osborn, Miss. Kayla",female,37.894341741364364,0,0,66325,1.2554322177598045,,C
4187,0,3,"Larson, Miss. Jessica",male,28.89196963220883,0,1,80283,51.537678444904614,,S
4188,0,3,"Henry, Miss. Carrie",female,28.903608431987912,0,0,SC/Paris 249703,14.488416888631573,,C
4189,1,2,"Kim, Mrs. Elizabeth",female,31.322206556981175,0,0,A/5 829934,42.319302421631356,,S
4190,1,3,"Price, Dr. Wendy",female,33.09697541884144,0,2,17777,66.94682276053796,,C
4191,1,2,"Burns, Dr. Paul",male,5.650420957154697,0,1,W.E.P. 645324,63.65668167146799,,S
4192,1,1,"Murphy, Dr. Anthony",female,41.718322089193045,0,0,CA 344257,16.97691369891397,F39,S
4193,0,3,"Torres, Mrs. Angela",male,18.149778752577085,1,0,A/5 755526,21.949123841109845,,S
4194,1,3,"Myers, Mr. Jessica",male,28.067549235439216,0,0,A/5 545599,124.62878260912271,,C
4195,0,1,"Hill, Miss. Gregory",female,48.00266888931405,0,1,68147,94.48640788922057,,C
4196,0,1,"Hall, Miss. Pamela",male,54.91228029178159,0,0,A/5 306691,14.853408195627916,,S
4197,0,1,"Brown, Mr. Yolanda",female,6.193077859230517,0,0,60746,44.21994968396203,F173,S
4198,0,3,"Anderson, Mrs. James",male,30.423427587445083,0,3,70493,5.673918409853875,,S
4199,0,3,"Williams, Dr. Haley",male,33.82078459232451,0,0,W.E.P. 598711,53.04674452528033,,S
4200,0,3,"Dillon, Mrs. Eric",female,8.89457963331975,2,0,A/5 466654,48.55718388919589,E155,S
4201,1,3,"Erickson, Mr. Emily",female,41.23627910185431,1,0,W.E.P. 674262,15.320644432213005,,S
4202,0,3,"Anderson, Master. Stephanie",male,31.627677483798422,0,0,SC/Paris 234117,27.395210690060324,G120,S
4203,0,3,"Thompson, Master. Jennifer",female,32.71823433972995,1,0,SC/Paris 615673,76.23336954201118,,S
4204,1,3,"Schaefer, Mr. Phillip",female,17.15425914321291,1,0,PC 461066,14.747959986054301,,S
4205,0,3,"Morrow, Mr. Michelle",male,35.78041300733888,1,0,40436,73.1299352309634,,C
4206,0,3,"Mitchell, Dr. Katherine",male,41.735135389459124,1,0,SOTON/O 500472,19.018069840432236,,Q
4207,0,3,"White, Miss. Jonathan",male,31.782170372163073,0,2,71104,91.4933443746429,,S
4208,0,3,"Fernandez, Dr. Linda",male,22.80489738651725,2,1,51502,1.5489390849574431,,S
4209,0,3,"Rivers, Miss. Joseph",male,23.895029547350898,0,0,23401,14.930277022002207,B125,S
4210,0,1,"Dunn, Dr. James",male,33.08553989976352,0,0,W.E.P. 735311,9.777873541106874,D56,C
4211,0,1,"Delacruz, Mrs. Arthur",male,30.68316329732881,0,0,A/5 315054,110.62306199419316,,S
4212,0,3,"Mcdonald, Miss. Christine",female,42.66750966767153,0,1,SC/Paris 747231,27.976270265535035,,S
4213,0,2,"Riley, Dr. Marvin",female,23.276383974661677,2,2,W.E.P. 847628,39.438951274598885,,S
4214,0,3,"Wilson, Mr. Bruce",male,12.942671561628451,0,0,SOTON/O 851342,13.858660731736844,,S
4215,1,2,"Weber, Dr. Antonio",female,35.03140508248704,0,1,81338,6.8686779168062495,A110,S
4216,1,1,"Knapp, Mrs. Laura",male,23.314582058018154,2,0,STON/O 316473,45.595310042499904,B105,Q
4217,0,1,"Patton, Mr. Janice",male,40.971547286509136,1,0,76076,16.654851176437564,,S
4218,0,1,"Hoover, Miss. Brian",male,30.105540826406408,0,0,STON/O 720926,132.1528585854885,A164,S
4219,1,2,"Robinson, Mr. Hunter",female,39.167384861107514,1,0,STON/O 535797,32.34657099395285,,S
4220,0,3,"Ellis, Dr. Travis",female,15.799561345768971,1,0,STON/O 821068,7.434267092050126,C89,S
4221,0,3,"Bird, Mrs. Cameron",female,32.007407685217494,0,2,SOTON/O 193505,1.2039311445388667,F94,S
4222,0,3,"Powers, Dr. Kristin",female,20.210315096625173,0,1,CA 124262,13.216514546283989,E11,Q
4223,1,2,"Espinoza, Dr. Jimmy",male,12.914768856932916,0,0,SOTON/O 815468,19.27746969279835,,S
4224,1,3,"Williamson, Master. Melissa",female,17.944489707005786,0,0,41804,11.594556259977164,,C
4225,0,3,"Collins, Mrs. Michael",male,22.377320715137973,0,2,79476,22.753893886437254,F65,S
4226,1,3,"Martinez, Mr. Crystal",male,47.42572337833393,0,0,76701,105.58357586897651,,S
4227,0,3,"Hampton, Master. Ryan",female,22.00683440710277,0,0,SC/Paris 135364,2.4570185131224864,,S
4228,1,1,"Valencia, Mr. Robin",female,12.198436496104875,0,0,18853,80.77998801226494,D56,Q
4229,0,1,"Smith, Mr. Joe",male,31.840683914953363,0,0,SOTON/O 784345,27.738135353198544,,S
4230,0,1,"Douglas, Miss. Amber",male,30.408529249487444,0,1,STON/O 426243,118.44551011263735,,C
4231,1,1,"Nixon, Miss. Alyssa",male,23.111257831857227,0,0,80895,54.98817395601452,D96,S
4232,0,3,"Mercer, Mrs. Stephanie",male,27.74287147815423,1,0,A/5 119132,9.01119202029239,,S
4233,0,1,"Terry, Mrs. Dennis",male,43.66717920395199,1,0,55530,160.32220614418503,,S
4234,1,3,"Malone, Dr. Kelly",male,39.389880715588475,1,0,SOTON/O 530357,8.404051337499029,,S
4235,0,3,"Harris, Mrs. Holly",male,38.17922289623223,0,0,72819,20.49574527109884,,C
4236,0,3,"Kidd, Mrs. Crystal",female,13.428497016716776,0,0,STON/O 892307,192.69975792548817,D102,S
4237,0,3,"Mcdonald, Miss. Christopher",female,70.41167286401452,0,0,SOTON/O 125594,11.903084306466964,,S
4238,1,2,"Lopez, Master. Kelly",male,44.71753094383911,0,0,PC 638934,49.87280778209763,,S
4239,1,3,"Livingston, Miss. Shelley",female,37.238399884672205,3,1,CA 639821,189.73395530961105,,S
4240,0,1,"Morris, Mrs. Katherine",female,13.699635158439065,1,0,16082,58.38517724662178,F9,C
4241,1,3,"Foster, Dr. Kimberly",male,43.268221578277505,2,0,85205,54.34836427570905,,S
4242,0,3,"Patrick, Dr. Cole",male,22.984200855809405,1,1,SC/Paris 257428,48.583003849429765,,S
4243,1,3,"Vance, Dr. Ryan",male,27.280208735096483,0,0,W.E.P. 642759,40.535351317926214,,C
4244,0,2,"Branch, Miss. Chase",male,6.469090135170038,1,1,CA 425284,148.947814171254,C21,S
4245,0,3,"Hanna, Dr. Henry",male,12.619236796832869,2,0,PC 264928,39.2364631805622,,C
4246,1,1,"Graham, Mrs. Emily",male,36.13965098357989,0,0,SOTON/O 760765,54.427497921048186,F23,S
4247,0,1,"Oconnor, Miss. Eric",male,44.08728545378686,0,2,46118,67.13068817701942,,C
4248,0,3,"Ayala, Mrs. Peter",female,39.58866187713049,1,1,A/5 509630,37.50811971889376,,S
4249,0,2,"Parker, Master. Taylor",male,39.11146595440128,1,0,71292,109.33825321451458,G69,C
4250,1,3,"Riley, Mrs. Ruth",female,29.093269602564106,1,0,W.E.P. 927694,1.1530908765104744,,Q
4251,0,1,"Moore, Master. William",male,24.30610178487303,0,0,85822,25.148511985804866,,Q
4252,0,3,"Jones, Master. Lisa",female,34.04453200991551,0,0,22334,47.93768299633189,,S
4253,0,3,"Mcmahon, Mr. Brandon",male,41.49971652340383,0,0,STON/O 390331,0.9577228933644535,C84,S
4254,0,3,"Santos, Mr. Kimberly",female,30.06807156907028,0,0,92682,138.1498737823433,,S
4255,0,3,"Waters, Mrs. Ashley",female,46.94352827878767,1,0,SC/Paris 958432,87.54431952608604,,Q
4256,1,3,"Moore, Master. Sean",male,26.98903030657589,2,0,A/5 764407,12.361310904250999,F90,S
4257,1,2,"Pitts, Miss. Joshua",female,16.276094905855285,0,0,PC 494418,20.15635852685305,,C
4258,0,3,"Olson, Miss. Aaron",male,29.85492861142599,1,0,PC 582995,56.52840937435839,,S
4259,0,1,"Cannon, Dr. Dave",female,31.483611895633956,0,0,47798,20.85287382177805,D156,S
4260,0,1,"Maldonado, Dr. Bethany",male,28.85157905813027,0,1,69884,97.16169107917251,,S
4261,0,2,"Williams, Miss. John",male,47.92917785235166,0,1,15806,14.282535103228291,,C
4262,1,3,"Robertson, Mr. Amanda",male,41.274227730136545,0,0,PC 510223,85.26703893440185,,S
4263,0,3,"Bernard, Master. Brent",male,9.966826159296065,0,1,SC/Paris 859971,31.23709016682587,,S
4264,0,3,"Butler, Mrs. Lisa",male,51.481138198776,0,0,71789,30.19943509602068,D106,S
4265,1,3,"Terry, Miss. Brian",female,0.42,0,0,28049,9.222421194505941,,S
4266,0,1,"Oliver, Miss. Craig",male,60.114341219934964,0,1,SC/Paris 454156,204.8310621978162,,C
4267,1,3,"Berry, Mr. Leslie",female,25.97772281020373,0,1,STON/O 994293,21.14310166703556,,Q
4268,0,1,"Clark, Dr. Dennis",male,27.346051686878997,0,1,21908,11.446837294738888,,Q
4269,1,3,"Perez, Master. Dana",male,29.15977265436904,0,0,STON/O 147597,1.6489810348989904,,S
4270,1,2,"Hunt, Mrs. Katherine",male,35.39287605976253,0,0,PC 282939,34.012610278118,,C
4271,1,3,"Hernandez, Mr. Melissa",female,29.996315182264198,1,0,26599,1.6395482239223107,,C
4272,1,2,"Sampson, Dr. Eric",male,28.13246735627826,1,0,SOTON/O 451635,30.381585416454328,,S
4273,0,1,"Humphrey, Mrs. Kevin",male,48.32485633098659,1,0,SOTON/O 446622,116.46920787161994,E188,S
4274,0,2,"Miller, Mrs. Kathleen",male,37.918345116511894,1,1,CA 410561,34.45483656872851,G191,Q
4275,0,1,"Schwartz, Mr. Wanda",male,16.57674603880934,0,0,96888,2.2138283935401075,,S
4276,0,1,"Vega, Mrs. Steven",female,40.36943480070015,0,0,A/5 958559,15.351428159438637,,S
4277,0,1,"Johnson, Dr. Jeffrey",male,37.33749804456675,0,2,A/5 666975,2.4987374793839017,,S
4278,0,3,"Bradley, Miss. Heather",male,22.366167841862936,1,0,63137,106.86844647326788,,S
4279,0,3,"Lewis, Dr. Michael",male,41.08993796907026,0,0,CA 833498,13.728955638445198,,S
4280,0,3,"Hernandez, Mr. Joshua",male,27.793983582877445,0,0,16602,3.3634428338904927,,S
4281,0,3,"Lawson, Mrs. Luis",male,26.896571390248592,0,0,PC 967162,166.96182762056824,,S
4282,1,3,"Smith, Miss. Scott",male,26.515216355938918,0,0,W.E.P. 671797,33.3875889941041,,S
4283,0,3,"Moore, Master. Brandon",male,0.42,0,1,W.E.P. 256400,26.013294784212448,C180,S
4284,0,3,"Rios, Dr. Andrew",male,22.62620933891558,0,0,A/5 997597,130.91901702326857,,S
4285,0,2,"Moss, Master. Erin",male,39.984425389758414,1,0,90300,37.84033493391441,,S
4286,0,3,"Alvarez, Mr. Samuel",male,29.686242599347317,1,0,17703,16.526215626100335,,S
4287,1,1,"Cook, Mr. Steven",male,12.007389982019504,0,0,37210,78.50374395915716,,S
4288,0,3,"Morse, Master. Micheal",male,43.50483757268852,0,0,W.E.P. 357843,15.857840334329534,,S
4289,0,3,"Pineda, Miss. John",male,25.819597766392462,1,0,CA 644654,29.243962274712327,G69,Q
4290,1,2,"Wright, Mrs. Scott",male,12.897943130738678,0,0,A/5 639554,81.27100581467793,,S
4291,0,3,"Charles, Master. Heather",female,60.88417446339421,1,1,CA 134170,134.00247242633517,A111,Q
4292,0,1,"Miller, Miss. Michael",male,15.25558367717142,1,0,SOTON/O 200858,46.55729074664149,,S
4293,0,1,"Beard, Mrs. Jessica",male,42.31288115799994,2,0,SOTON/O 393522,35.14078345191282,D13,S
4294,1,1,"Smith, Master. Julia",male,19.229602588035537,1,0,W.E.P. 879753,3.96152939048657,,S
4295,0,3,"Mendez, Master. Stephen",male,31.901575684033503,0,0,75782,47.988522191807256,G191,S
4296,0,3,"Lambert, Mr. Marissa",female,17.36946651284554,1,0,A/5 198216,19.77053122319849,,S
4297,0,3,"Copeland, Mr. Julie",male,12.649741462168777,1,1,CA 781834,36.12864801586756,A74,S
4298,0,1,"Wright, Dr. Kevin",male,37.31083562539973,0,0,83447,68.24633545605218,,Q
4299,0,3,"Huffman, Mrs. Scott",female,35.674067631881606,0,0,CA 285207,51.11075037396318,,S
4300,0,3,"Aguilar, Mrs. Jerry",female,46.025092219066906,0,0,52734,5.097936844437143,,C
4301,0,1,"Pittman, Mrs. Laura",female,29.51865297585792,1,0,STON/O 408150,25.312242471928855,G192,S
4302,1,3,"Jones, Miss. Becky",male,61.08492511777088,0,0,SC/Paris 514598,11.12557323844862,,S
4303,1,1,"Miller, Master. Blake",female,33.7568533441185,0,0,SC/Paris 553560,8.191801829316615,,S
4304,0,1,"Carlson, Dr. Jonathan",male,37.934845537320975,0,1,CA 461262,12.44569366202541,,S
4305,1,3,"Nguyen, Mrs. Janet",male,10.981990568498802,0,0,CA 474436,126.71556128093438,,S
4306,0,3,"Fisher, Dr. James",male,21.402819588284572,0,0,PC 272516,62.328219420318035,,S
4307,0,1,"Horn, Miss. Brittany",male,37.275515807223684,1,0,STON/O 637705,119.35509200936232,,S
4308,1,1,"Hernandez, Mr. Shannon",male,28.82081132620984,1,0,A/5 333527,35.30743459590555,A166,S
4309,1,1,"Garcia, Dr. Nicole",female,32.6275638904849,0,0,17911,0.05608461576433716,G51,S
4310,1,1,"Hampton, Master. Jeremy",male,18.56908742000129,1,0,PC 726233,1.7519294848238436,,C
4311,0,1,"Lara, Miss. Zachary",female,31.7072576286027,0,0,PC 509186,7.814870457937589,,Q
4312,1,2,"Hunt, Miss. Mary",male,31.659642482284305,0,0,SOTON/O 400206,75.870182953612,,S
4313,0,3,"Cook, Dr. Nancy",male,13.473909721606656,0,0,78970,11.26089650633302,,S
4314,1,2,"Clayton, Mrs. Marcus",male,38.99569782552827,0,0,SC/Paris 236550,5.356790082280761,,S
4315,1,3,"Ford, Miss. David",male,6.199090743148435,2,0,82512,98.66154185106294,G33,C
4316,0,3,"Carpenter, Mr. Rachel",male,32.57933312836757,0,0,SOTON/O 831890,12.973534971565769,,C
4317,1,1,"Johnson, Miss. Brianna",female,54.71829771355701,0,0,87527,34.89977716587658,,S
4318,0,1,"Snyder, Master. Jennifer",male,39.52770752946715,1,0,STON/O 987163,20.735748073749395,,S
4319,0,3,"Townsend, Mr. Dawn",male,39.44018944451946,0,1,CA 911406,113.43466360253056,,S
4320,0,1,"Flores, Dr. Sarah",female,17.43602655071841,0,0,56143,60.996756173064384,,S
4321,0,1,"Flowers, Mrs. Diana",male,54.76686874414005,0,0,PC 944255,30.249317085796502,,S
4322,1,1,"Hayes, Mr. Anne",male,49.27405332443204,1,1,81442,99.41059632998238,,C
4323,1,3,"Lopez, Dr. Jessica",male,18.189739679462058,0,0,CA 283882,64.86502969736271,,S
4324,0,3,"Pierce, Mr. Kathryn",male,23.353314614591724,1,0,48101,82.74173707826199,G29,S
4325,1,3,"Francis, Mrs. Brenda",female,47.56518462897363,1,1,21481,189.8584674916726,,S
4326,1,3,"Wright, Master. Michael",female,55.146063296434605,0,1,CA 620052,11.354554022261631,C18,Q
4327,0,2,"Turner, Miss. Suzanne",female,12.294395508735967,0,0,SOTON/O 290411,11.3130200625331,,S
4328,1,2,"Banks, Miss. Eric",male,15.948049223855927,2,0,58075,40.65302705494694,D162,Q
4329,0,2,"Smith, Mrs. Mary",female,27.986985410089627,0,0,63773,38.029385629049465,,Q
4330,1,1,"Rose, Mrs. Wayne",male,0.42,1,0,41533,101.67323337157922,D186,C
4331,0,1,"Brown, Mr. Teresa",male,30.266632242931927,0,0,A/5 562292,8.47499850126123,E171,C
4332,0,1,"Collins, Miss. Adrian",male,46.60040919641978,0,0,SOTON/O 983087,27.672981590019262,A109,S
4333,0,1,"White, Miss. Jasmine",female,9.859081772699508,0,2,39511,37.52939566150981,,Q
4334,1,2,"Moore, Mrs. Margaret",female,31.77949750965122,0,0,50228,31.193960578093776,,S
4335,0,2,"Simpson, Dr. Dwayne",male,21.855210130065615,0,0,SOTON/O 278723,3.4730154460549993,,S
4336,0,3,"Cross, Dr. Laura",female,52.95924328255485,2,0,98057,7.999806650166211,C182,C
4337,0,3,"Sandoval, Master. Thomas",male,22.022913930137285,0,0,SC/Paris 830225,8.336078315074595,,S
4338,1,3,"Hood, Mrs. Joanne",male,51.26590322848016,0,1,84638,45.32087068460531,E70,S
4339,0,2,"Gonzalez, Master. Cody",male,21.635629008642816,0,2,19187,28.006211787595188,,S
4340,0,3,"Good, Mrs. Elizabeth",male,40.79646127467782,1,0,30358,9.811225508570496,,C
4341,0,2,"Burton, Mrs. John",female,33.52723865707779,0,0,31161,66.71410891540185,,S
4342,0,1,"Knox, Mrs. Jennifer",male,28.064182668799777,1,0,17973,81.21899599989437,,S
4343,1,1,"Hopkins, Miss. Shelby",female,18.93260003324434,0,1,66418,11.7945729367781,,S
4344,1,3,"Scott, Miss. Robert",male,34.523335898450505,0,0,71332,64.14436733877233,,S
4345,0,3,"Baker, Master. Michael",female,23.832506325211234,0,1,SOTON/O 637709,3.2864167329535316,B113,C
4346,0,1,"Villarreal, Mr. Ariana",male,20.34327285268607,0,0,17514,96.87603203319793,,S
4347,1,1,"Conrad, Mr. Julia",female,50.61811837926008,0,0,W.E.P. 839711,164.47164990186482,E175,S
4348,0,2,"Steele, Mr. David",male,37.66542318490518,1,0,59031,8.472370621397518,,S
4349,1,1,"Davis, Master. Heather",female,39.010945326700835,1,0,91094,77.1263496624984,,C
4350,1,2,"Elliott, Master. Victor",male,24.517620739428324,0,0,54317,5.1182466186970155,A104,S
4351,1,1,"Young, Mrs. Carolyn",male,27.396303140833734,0,1,68370,162.5331286978507,C184,C
4352,0,3,"Thomas, Master. Susan",male,26.519926657084437,1,1,A/5 445540,30.080534660397017,B192,S
4353,0,2,"Nguyen, Miss. Amy",female,34.721344775013684,0,1,31784,38.315748522110795,,S
4354,1,2,"Cortez, Master. Paul",male,38.985248325795084,0,0,PC 501022,72.17417870795008,,S
4355,0,1,"Thomas, Dr. Tanya",male,29.576480815637996,1,1,SC/Paris 715307,14.303027403978568,,S
4356,0,2,"Mercer, Mrs. Traci",female,18.902970081471025,0,0,CA 805850,25.446460419058152,,C
4357,0,3,"Martin, Miss. Amy",female,40.647986398371685,2,1,75855,3.6291619297106177,,S
4358,1,2,"Sparks, Mr. Mariah",male,30.46765415491671,1,1,W.E.P. 767482,47.676338923526245,,S
4359,0,3,"Gonzalez, Dr. Hannah",male,9.82829069720627,1,1,SOTON/O 928270,80.30499498159021,,C
4360,0,3,"Walton, Master. Sarah",male,0.42,1,0,SC/Paris 240303,95.47338183044972,C131,S
4361,0,3,"Shea, Dr. Aaron",female,34.17056045644663,2,0,72224,38.43141081247884,,S
4362,0,3,"Wright, Mr. Kevin",female,18.387366815712145,2,0,47928,72.5801834362615,F55,C
4363,1,3,"Gardner, Mrs. Diane",female,36.03486981155034,0,0,37156,8.120441521892275,C32,S
4364,0,3,"Evans, Mrs. James",male,19.14134367590492,2,0,SOTON/O 121891,68.01436871991828,,S
4365,0,1,"Johnson, Mrs. Eric",female,31.8646008149301,0,0,14917,0.22746779733536326,,S
4366,1,3,"Jones, Dr. Jamie",male,24.70237860853072,1,0,CA 160873,10.836042214776345,,C
4367,0,3,"Wood, Miss. Lori",male,54.526891343826264,0,0,SC/Paris 839587,50.343275100926896,,S
4368,0,3,"Evans, Master. Renee",female,43.30441920946102,0,0,88143,19.322846476264356,B20,S
4369,0,3,"Nelson, Mr. Michelle",male,48.862156602629625,0,0,STON/O 475678,26.433318767664016,,Q
4370,0,3,"Roberts, Dr. Francisco",male,30.33666876766692,1,0,A/5 844869,87.45421827074955,F83,S
4371,0,3,"Woods, Mr. Kimberly",female,41.51305314760833,0,1,95456,42.32615599457749,G42,C
4372,0,3,"Jackson, Dr. Jack",male,31.283101086415986,0,0,81622,25.455049793722832,,C
4373,0,3,"Swanson, Master. Brianna",male,50.574279144072165,0,0,CA 191322,31.34577467500066,,S
4374,0,3,"Rodriguez, Dr. Angela",female,28.98413108641217,1,0,SC/Paris 667336,94.33571446384752,,S
4375,0,3,"Webster, Mrs. Jonathan",female,10.435149234948888,2,1,16688,33.23687698059982,,S
4376,0,3,"Hill, Dr. Robert",female,2.019298646444856,1,1,37601,104.11204084966334,,S
4377,0,3,"Harris, Dr. Jacqueline",male,53.35635567390321,1,0,89695,14.191099216287217,C34,S
4378,1,3,"Gilbert, Master. Angela",male,36.69906263811203,0,0,SC/Paris 109426,38.15244437937942,,S
4379,0,2,"Ellis, Mrs. Jill",male,37.619595900584386,1,1,46503,23.024889717720836,,S
4380,0,1,"Wilson, Master. Jeffrey",female,50.85506979208215,0,0,SOTON/O 959514,44.73843591101064,,C
4381,0,3,"Bates, Mr. Jennifer",male,6.875710787836624,0,0,A/5 174021,42.84340560213366,,C
4382,0,3,"Wright, Dr. Christina",female,24.97958298675469,0,0,STON/O 164103,42.35099224711957,,S
4383,0,2,"Burnett, Master. Matthew",male,26.69502238538953,0,1,61717,37.51478418884606,,S
4384,0,1,"Butler, Miss. David",male,40.39185326489821,0,2,CA 928488,30.296386910471856,,S
4385,1,3,"Price, Miss. Stephanie",female,20.30303684858764,1,1,STON/O 857692,120.6049084694235,B4,Q
4386,0,3,"Johnson, Miss. Michael",female,13.18076759079294,0,0,21058,15.595547369792486,D163,S
4387,1,3,"Stevens, Master. Alexander",female,13.0551188860405,1,0,97629,28.45397416648181,,C
4388,0,3,"Chambers, Dr. Mary",female,46.09185306780829,0,0,42129,11.862635560337578,,S
4389,0,2,"Grimes, Miss. Robin",female,19.604550686756355,1,1,PC 323318,20.192379243203,,C
4390,0,2,"Barnett, Mrs. Zachary",female,22.271755219494636,1,0,SOTON/O 288931,14.316323836666053,,S
4391,0,1,"Powell, Miss. Dennis",female,38.882974110190666,0,2,85712,55.39058740115648,,C
4392,0,3,"Bowman, Miss. Kathleen",female,20.214764284711404,0,1,A/5 550585,61.48382403701934,,S
4393,1,1,"Kennedy, Dr. Jeffrey",female,6.130722081421016,1,0,SOTON/O 520734,16.199043670852678,,S
4394,0,3,"Harrison, Miss. Brianna",male,7.856183567851414,3,0,65569,205.56364134398058,,S
4395,1,3,"Mooney, Miss. Nancy",male,29.204696445983586,1,0,SOTON/O 175939,16.719527949434454,,S
4396,1,3,"Lowery, Dr. Connie",male,36.9625980251131,0,0,49753,88.12757101012953,A174,S
4397,0,3,"Brown, Miss. Yolanda",male,27.16856658609412,0,1,42940,17.307889423068136,D149,C
4398,0,1,"Townsend, Master. Ethan",male,36.02619785332696,0,0,W.E.P. 506453,26.65296073146163,,S
4399,0,3,"Alvarez, Mrs. Brett",male,7.420274635893101,2,0,A/5 400337,54.639254060642,,S
4400,0,1,"Morrison, Master. James",female,8.365750426446485,0,1,SC/Paris 140051,40.78457160540786,,S
4401,0,1,"Thornton, Miss. Jessica",female,61.555102828119374,1,0,22315,35.281431362838454,E72,S
4402,0,2,"Franco, Mrs. Andrew",male,47.25897980991353,2,0,34440,79.04717805536468,,S
4403,0,1,"Lara, Mr. Sabrina",male,40.765606486579244,1,2,27020,61.502294306199644,,Q
4404,0,3,"Thompson, Mrs. Kathy",female,20.763854609717853,1,0,27934,122.76748400197457,,S
4405,1,3,"Golden, Dr. Tyler",female,26.66791332977369,1,1,22104,13.123273875075647,,C
4406,1,1,"Rodriguez, Mrs. Brent",female,29.976517560129597,1,1,90507,0.8226418664066114,,S
4407,1,1,"Rosales, Master. Andrew",female,48.40084559203133,0,1,W.E.P. 665399,443.1499350528178,B156,C
4408,0,3,"Ware, Dr. Matthew",female,35.63895873023128,1,0,PC 183742,16.662891663870248,,S
4409,0,3,"Barton, Master. Lauren",male,37.36279321802922,0,0,A/5 334901,2.1948116161971774,D45,C
4410,0,2,"Guzman, Master. Cassidy",male,27.652830908355003,0,0,CA 969152,14.20767493454154,,Q
4411,0,3,"Monroe, Mr. Krista",female,41.097310935761186,0,1,SOTON/O 906844,55.24866989824293,,S
4412,0,3,"Taylor, Miss. Michael",male,34.232518464037824,0,0,W.E.P. 325935,44.35008008344416,,S
4413,1,3,"Benson, Mr. Tyler",female,30.616318258439524,0,0,PC 409667,11.578231556081517,D143,S
4414,1,1,"Miller, Miss. Derek",male,19.596821589392203,0,1,A/5 135545,10.303429788540747,E23,S
4415,0,3,"Mitchell, Master. Nancy",female,28.40999561057715,0,0,W.E.P. 395467,29.38014025320142,,C
4416,0,3,"Wilson, Mrs. Kyle",male,14.886542147080622,0,0,SOTON/O 295424,0.6798938193671106,E169,S
4417,0,3,"Evans, Miss. Christina",male,29.438053916182636,0,1,SOTON/O 916863,0.11908479232936749,,S
4418,0,3,"Carter, Mr. Jordan",male,31.24475901150859,0,0,A/5 286033,47.966321229005814,C46,Q
4419,0,3,"Davis, Dr. David",female,0.42,0,0,SOTON/O 450705,19.67328283329123,,S
4420,0,1,"Stanley, Mr. Aaron",male,26.77524645259295,1,2,W.E.P. 175679,1.2103101840888753,,S
4421,0,3,"Lyons, Master. Marcus",female,13.537677135535702,1,0,13888,30.79151816321044,,S
4422,1,3,"Johnson, Master. Kevin",female,36.980950557233726,0,0,16195,137.09827041493756,,Q
4423,0,3,"Cherry, Mr. Jordan",female,38.92023640971393,0,1,CA 133751,14.712852374705232,,S
4424,1,1,"Wilson, Mr. Gail",female,24.031242552685555,0,0,63044,14.455044037781489,D9,Q
4425,0,2,"Barker, Dr. Deborah",male,37.68630921970682,0,0,87135,31.55415383306704,,S
4426,0,3,"Young, Miss. Mary",male,38.27493710869086,0,1,W.E.P. 939248,8.035488416406045,,S
4427,0,3,"Davis, Master. Deanna",male,26.783978248235247,1,0,STON/O 354986,50.797173673312,C86,C
4428,0,1,"Harmon, Miss. Ashley",female,51.48001765425121,0,1,31365,91.39701544576543,,S
4429,0,3,"Harris, Master. Lisa",female,19.848950881908976,1,1,95374,10.816185002389538,,S
4430,1,1,"Stewart, Master. Christine",male,50.59911984554433,0,0,62156,53.75452740248122,C108,S
4431,1,3,"Cook, Mr. Matthew",male,26.847207991435123,0,1,STON/O 469022,109.46488120481604,,S
4432,0,3,"Carey, Mr. John",male,18.193431054836456,1,0,44036,116.69270670337062,,S
4433,0,1,"Martinez, Mrs. Kevin",male,25.078321338738647,1,0,SC/Paris 993284,40.24681646619071,,C
4434,1,3,"Walker, Mr. Nicole",male,14.608550811789474,0,1,PC 290554,8.261065253762489,,S
4435,0,3,"Sanchez, Mrs. Nicole",male,40.983810143448835,0,0,25249,53.81881232142197,,S
4436,0,2,"Thompson, Master. Russell",male,7.561234306946133,2,0,82741,66.36615668402385,,C
4437,0,3,"Patel, Dr. James",male,49.45451975276357,0,0,25214,70.18503040442563,,S
4438,1,2,"Martin, Miss. Katherine",male,16.897859175549556,0,0,70853,136.16253720860146,E154,Q
4439,1,3,"Wade, Miss. Heidi",male,41.71314720584336,1,0,22399,47.76118708076893,,S
4440,0,2,"Nielsen, Dr. Robert",male,30.33916205484655,1,0,63744,31.378478927234493,,S
4441,1,2,"Murray, Dr. Stephanie",male,33.79141396269435,0,1,47963,34.91310759844609,,S
4442,1,2,"Guzman, Mr. Christopher",male,21.739392802116907,1,0,60436,19.39664067085204,,S
4443,0,1,"Wang, Master. Deborah",male,34.939312004663854,0,0,CA 145842,2.94855468053803,E57,S
4444,0,3,"Mcclain, Miss. Daniel",male,31.8896400397121,1,0,CA 188574,63.19781345195904,,S
4445,0,2,"Mills, Dr. Amber",male,9.589245045629411,1,0,94524,1.0024683075024035,D76,S
4446,1,2,"Lee, Master. Ann",female,16.524999958934387,0,0,83480,3.313038467570576,,C
4447,0,3,"Griffin, Miss. Brooke",male,22.427230445862712,2,0,76661,20.33281960898259,,S
4448,1,3,"Evans, Master. Carol",male,19.43004874622971,0,0,SC/Paris 756016,133.7292178491187,,S
4449,0,3,"Blevins, Mrs. Meghan",male,47.539353235371124,0,0,14114,32.998576661204524,,C
4450,1,3,"Padilla, Miss. Jeffrey",male,30.09819857386499,1,0,STON/O 451538,12.114960235356437,F175,S
4451,0,3,"Johnson, Mrs. Paul",female,19.098601133041655,1,0,70461,113.67512469614553,,S
4452,0,1,"Fowler, Master. Tyler",male,23.129222463957447,0,0,PC 311060,42.395498437238736,,S
4453,1,3,"Phillips, Mr. Ashley",male,22.937516830341067,0,0,PC 367856,23.086927410838314,,S
4454,1,3,"Fisher, Dr. Gregory",male,25.96730739192908,0,1,SC/Paris 140948,62.89012825319688,,S
4455,1,2,"Benton, Mrs. Joe",male,14.945388333925607,2,1,42099,29.091167299425052,,S
4456,0,2,"Young, Mr. Antonio",male,18.604964451637535,0,0,12123,65.46270765533545,,S
4457,1,1,"Douglas, Miss. Justin",male,40.73249675629895,1,0,51889,12.319110467359746,C199,S
4458,0,1,"Alvarez, Dr. Charles",male,32.59480344713679,0,0,W.E.P. 515637,8.136678577858314,,S
4459,0,3,"Hubbard, Master. Patricia",male,27.867274348437196,0,0,67253,30.89615196200749,,S
4460,0,3,"Fernandez, Dr. Jennifer",female,30.036719442411396,0,0,SOTON/O 553028,19.25350524784381,,S
4461,0,3,"Thomas, Mr. Kelli",female,29.36214940794425,1,1,94255,46.46283678902127,E82,S
4462,0,3,"Grimes, Mr. Krystal",male,27.072164533756983,1,0,31447,77.74577561585923,E17,S
4463,1,2,"Cooper, Miss. Kelly",male,37.239467741904704,1,0,W.E.P. 627294,115.88713799873447,C194,C
4464,0,1,"Thomas, Master. Jenny",male,36.20423980187096,0,0,STON/O 585438,71.4658857832755,,Q
4465,1,3,"Hernandez, Miss. Bryan",male,7.995318374818986,0,0,34015,20.908471458823268,B35,S
4466,0,2,"Lee, Master. Angela",female,28.1581293972706,1,0,A/5 159832,64.98121110248259,,C
4467,0,2,"Hernandez, Miss. Hunter",male,8.918528409229289,2,0,SOTON/O 175943,37.73902456854625,,S
4468,0,3,"Powell, Dr. John",male,38.89808084837989,1,0,STON/O 401801,118.26592906785945,,S
4469,1,3,"Mcgee, Master. Alejandro",female,40.747331795903975,2,0,PC 466928,61.358819549981966,,S
4470,1,1,"Johnson, Master. Christina",female,21.449095433016254,0,0,69278,8.139909248273954,,S
4471,1,3,"Davis, Master. Brittney",male,28.36537462531398,1,0,66889,4.0656843434467955,D144,S
4472,1,3,"Rosales, Miss. Raymond",female,0.43983584028855915,0,0,A/5 612252,39.24537309684189,F79,S
4473,0,1,"Murphy, Miss. Sabrina",female,43.61905739728837,0,0,W.E.P. 703948,22.709831418921837,,S
4474,0,3,"Munoz, Miss. Philip",male,39.935432363519624,1,0,99811,9.20196664171848,G150,S
4475,1,2,"Boyd, Mr. Jose",female,46.101193664325365,1,0,69896,79.88887301964718,,S
4476,0,3,"Castillo, Dr. Paul",male,50.811617964719396,1,0,CA 287304,23.533990811308946,A149,S
4477,0,3,"Chandler, Miss. Rhonda",female,12.862469898325148,1,0,42121,4.497048664474848,,S
4478,0,3,"Becker, Dr. Michael",female,42.43261882293818,1,0,32405,15.208627543315684,,S
4479,0,2,"Day, Mrs. Samantha",male,50.710262221858436,1,0,63632,56.487190374988586,D83,S
4480,0,1,"Mccann, Miss. Cynthia",male,9.075909805590694,0,0,SC/Paris 430628,52.197537441576905,,S
4481,0,1,"Johnson, Master. Cindy",female,27.60304303416001,0,0,79634,15.222057714876144,G123,S
4482,0,3,"Hall, Master. Sherri",male,24.91237223478806,2,0,STON/O 820662,20.867201602637937,,S
4483,0,1,"Smith, Mrs. Carlos",male,41.97646609868097,2,0,96251,2.555445623335085,,Q
4484,0,2,"Diaz, Miss. Kyle",male,0.42,0,0,SOTON/O 648499,153.16182770352964,,Q
4485,0,1,"Nichols, Master. Jordan",female,55.42340774725072,0,1,17599,19.812154656706856,,S
4486,1,2,"Baker, Master. William",female,28.424481101275692,0,0,34740,132.5436203944786,,Q
4487,0,1,"Scott, Mrs. Laurie",male,42.82532162824004,1,0,17241,84.06827470929072,,S
4488,0,3,"Coleman, Master. Taylor",female,29.156678672317728,0,0,99998,20.41198009780669,F188,S
4489,1,1,"Bowman, Dr. Angela",male,36.889750713715436,2,0,SC/Paris 356801,59.23263557597861,,S
4490,0,2,"Henry, Dr. Alex",female,0.42,0,0,PC 126230,32.087104952196945,A85,S
4491,0,3,"Tyler, Mr. Matthew",male,24.61164678079006,1,0,49934,187.86036597812497,,Q
4492,1,3,"Ortega, Mr. Christina",male,41.8686569588115,1,0,16675,50.87292019343196,,C
4493,0,1,"Baker, Miss. David",male,34.04225285399173,1,2,W.E.P. 998047,36.6021274194003,,Q
4494,1,1,"Wong, Mr. Patrick",male,7.084224701825395,1,1,PC 710551,50.801398408715045,,S
4495,1,3,"Christensen, Master. Amy",male,30.859948514272585,1,0,PC 474035,12.43907744650657,,S
4496,0,2,"Hayes, Master. Guy",female,18.53760743793893,1,0,54510,18.292264019985033,,S
4497,0,3,"Johnson, Miss. Melissa",male,17.32413048357187,0,1,CA 916414,62.36066751381494,,S
4498,0,2,"Jones, Mr. Jane",female,8.710280173565952,1,0,A/5 619091,4.3715954700553405,A6,S
4499,0,2,"Jones, Mr. Olivia",male,38.661836706699816,0,1,A/5 985035,18.019060792803117,,S
4500,0,3,"Schultz, Master. Allison",female,45.58220221509889,0,0,63371,48.322246938821735,,S
4501,0,3,"Hart, Dr. Thomas",male,59.68200387827983,0,1,SOTON/O 490730,272.4153096179699,G100,S
4502,0,3,"Durham, Mr. Cassandra",female,9.363322515599002,0,0,PC 594703,129.96023964156728,,S
4503,0,1,"Rowe, Mrs. Ashley",female,40.74321025717066,0,0,STON/O 723951,89.25569636165396,,Q
4504,0,3,"Day, Master. Scott",female,41.66439918589272,1,0,86661,34.73951780518752,,Q
4505,0,1,"Cook, Miss. Ashley",female,21.872934518947886,0,1,86504,81.67224208224275,,S
4506,0,3,"Chavez, Mr. Samuel",male,17.15390260426937,0,0,68171,40.92733846518711,,S
4507,1,3,"Huber, Dr. Tina",male,14.799607506462975,1,0,30640,30.666794845428647,,Q
4508,0,2,"Sanchez, Master. Michelle",female,22.617054591556986,0,0,72840,12.649452250996159,,S
4509,0,3,"Nelson, Mr. Adam",female,32.8367023419833,0,0,96807,150.72568898543634,,Q
4510,1,3,"Goodman, Dr. John",male,49.041568147095376,0,0,SOTON/O 167652,45.59026921547113,E37,S
4511,0,3,"Blackwell, Dr. Deborah",male,45.47473673214163,0,1,STON/O 187691,56.2516628414047,C78,S
4512,0,3,"Delacruz, Master. Anthony",female,7.384162780238725,1,0,CA 897558,7.603846009996035,A28,S
4513,0,1,"Odom, Mr. Bradley",male,18.956194519592835,2,0,A/5 312789,28.18065311259919,,C
4514,1,1,"Collins, Miss. Todd",male,48.19496524033259,0,0,49247,167.14096976906134,,S
4515,0,2,"Thomas, Mr. Eileen",male,19.76470034366905,0,0,PC 171220,70.87264939147163,,S
4516,0,1,"Evans, Mrs. Ronald",male,29.203201712257535,0,1,PC 446816,107.19975352740352,,S
4517,0,3,"Hernandez, Miss. Shannon",male,6.125954915402804,0,0,A/5 492337,25.199115918235716,,S
4518,1,3,"Roth, Master. Brenda",female,46.14246781718127,1,0,93827,3.4392902467266158,F95,S
4519,0,3,"Casey, Mrs. Grant",female,3.2215251180805673,1,0,26766,21.653052132769602,F54,S
4520,0,2,"Morrison, Mrs. Brenda",female,7.000651868987333,1,0,SOTON/O 308606,23.57979932315473,,C
4521,1,3,"Brooks, Mr. Candice",female,44.71143885171385,1,0,CA 794587,17.914038564124734,,S
4522,0,3,"Cruz, Dr. Felicia",male,56.8808635139318,0,2,53106,37.40189242639138,D162,S
4523,1,3,"Obrien, Mrs. Pamela",female,25.931444813851193,0,0,A/5 291223,10.667774596143149,B15,S
4524,0,1,"Patel, Master. Megan",female,29.34392063392045,0,0,51302,138.76661525818938,B103,S
4525,1,3,"Garcia, Master. Cheryl",female,42.71591383696184,0,0,92583,119.04037768241152,,S
4526,0,2,"Andrews, Dr. Kenneth",female,34.052269405763354,0,0,68962,15.163568107559518,,S
4527,1,2,"Clark, Mrs. Mitchell",male,24.7749454887267,0,0,W.E.P. 627513,52.70363396457534,,S
4528,1,2,"Velasquez, Dr. Justin",male,23.2036493006003,0,0,64686,34.77144363944575,,S
4529,0,3,"Thompson, Mrs. Kevin",male,8.06482859521023,1,0,25207,14.388642298650774,,S
4530,0,3,"Rodriguez, Mr. Brenda",female,33.26118480968308,1,0,46597,113.69946589009719,,C
4531,0,3,"Waller, Master. Lauren",male,28.713164491027335,1,0,70589,13.137369645797465,,S
4532,0,3,"Shelton, Dr. Veronica",female,23.870153492422467,1,0,W.E.P. 553244,48.991185457045034,D139,S
4533,0,1,"Rodriguez, Mrs. Carmen",male,15.97459286212656,0,1,51208,20.42517822596959,,C
4534,0,3,"Ellis, Mrs. Angela",female,17.39256805389197,2,0,25013,87.4659942374749,D153,S
4535,0,3,"Serrano, Miss. Michael",male,38.6572768870938,1,0,72409,48.42277835027585,E100,C
4536,0,1,"Adams, Miss. Steven",male,42.34329107772666,0,0,W.E.P. 836477,89.36641590237264,,S
4537,0,3,"Bean, Miss. Kathy",male,25.420373811931363,1,1,A/5 200991,21.363464936469228,,C
4538,0,1,"Diaz, Miss. Lisa",male,23.945285974550693,0,0,84241,0.5614596455729111,,C
4539,0,3,"Knight, Miss. Warren",male,18.048927347401154,0,0,44874,12.529300005161323,C53,C
4540,0,2,"Phillips, Miss. James",female,43.11548061003961,0,0,SC/Paris 257988,84.212164759587,D2,S
4541,0,2,"Morris, Master. Edward",male,30.4339407751827,0,1,SOTON/O 453342,19.05327260687584,,S
4542,0,3,"Waller, Mrs. Jacqueline",female,35.15061371058171,0,0,CA 253977,19.25843771687295,,Q
4543,0,1,"Williams, Master. Stacy",male,35.01858182130848,1,1,88796,29.85926160698453,E77,C
4544,0,2,"Martinez, Mrs. George",female,25.692177312524883,0,0,37614,16.056634937712666,,S
4545,0,2,"Henry, Miss. Aaron",male,13.6849586021921,1,0,W.E.P. 815319,82.27905987253554,E77,S
4546,1,2,"Walker, Mr. Edward",female,16.05413582039713,0,1,PC 958324,19.40912196870318,E33,S
4547,0,3,"Marsh, Dr. Sarah",male,45.790397457064316,2,0,36669,46.31131273182077,,S
4548,1,3,"Rivers, Dr. Michael",female,19.840419592091994,2,0,80445,29.985194523842956,,S
4549,1,3,"Ramirez, Master. Penny",female,24.254927523523094,0,1,54357,16.938728576849506,,S
4550,1,3,"Tucker, Miss. Lori",male,14.11853250480306,0,0,SOTON/O 990145,15.41535667404318,C86,S
4551,1,2,"Kim, Master. Christine",male,12.975068735030305,0,0,CA 656756,34.84712676746063,,S
4552,0,1,"Scott, Dr. Candice",female,19.23169004159788,0,1,SC/Paris 451585,11.839643801851565,D25,S
4553,0,3,"Luna, Miss. Samantha",female,53.63770057942242,1,1,80555,21.204756424656708,,S
4554,1,3,"Myers, Dr. Lisa",male,39.21252347669401,0,0,A/5 612900,2.0087583139910232,B115,S
4555,0,2,"Johnson, Mrs. Thomas",male,22.624955800069277,0,0,A/5 709917,78.10454766983663,,S
4556,0,2,"Palmer, Dr. Erica",male,45.160275123727935,0,0,CA 944846,2.231060485636011,F67,C
4557,1,3,"Harris, Mrs. Alexander",male,27.86781577384975,1,0,STON/O 189447,102.89285568807618,,S
4558,1,3,"Khan, Mr. Audrey",male,48.960760657885736,1,0,25535,2.427065626148064,,C
4559,1,3,"Ramirez, Miss. Cassandra",female,60.964224905546985,0,0,STON/O 544720,94.2508880072963,,S
4560,1,1,"Davenport, Dr. Rachel",male,44.394264349726676,0,0,PC 647595,51.664214808071705,A111,S
4561,1,3,"Robles, Dr. Brian",male,31.32371337311608,0,0,52485,35.25590869189107,,S
4562,0,1,"Roberts, Dr. Roger",female,39.790338229229036,1,0,CA 966428,7.829994424240537,,S
4563,1,3,"Hardy, Dr. Rodney",male,30.21099706995097,0,0,79122,14.838241446939607,,C
4564,0,3,"Harris, Miss. Jessica",female,4.296022904349403,1,0,SC/Paris 156383,58.58112246292485,,S
4565,0,3,"Moore, Dr. Gary",female,20.83524420103138,0,1,W.E.P. 888112,35.88740174956919,,S
4566,1,1,"Lucas, Master. Pamela",male,16.67771766085496,1,0,86419,36.1129479926839,,S
4567,0,3,"Jordan, Mrs. Samantha",male,20.52492541436778,0,0,STON/O 623058,7.149315650207965,E51,C
4568,0,3,"Vega, Mrs. Tiffany",female,55.11140005695222,0,0,93919,32.22717267512629,A186,C
4569,0,3,"Gomez, Dr. Kirk",female,45.710096399965224,1,0,68913,44.61312687442098,,Q
4570,1,2,"Mcgrath, Mr. Timothy",male,36.17238722018306,0,0,CA 222143,6.522886869424152,,Q
4571,0,1,"Mcclain, Master. Dale",male,41.37280130631901,2,0,30609,183.13148146450763,A113,S
4572,1,3,"Gilbert, Master. Nicole",male,3.5104111973180174,0,1,STON/O 592082,88.61260628607262,,C
4573,0,3,"Gonzalez, Mr. Jonathan",male,40.19457198325341,1,1,A/5 716957,19.097078471967137,,S
4574,1,3,"Khan, Mrs. Ronald",male,43.154740426830344,2,1,46117,41.43539473455592,,S
4575,1,2,"Owens, Miss. Amy",male,0.42,0,0,94744,40.93155712564666,,C
4576,0,2,"Lewis, Dr. Kenneth",female,40.713314552911584,1,0,19173,5.637832563076373,,C
4577,0,3,"Horton, Mrs. Joshua",male,10.062969002660807,0,0,CA 322305,28.82903312243642,,S
4578,0,3,"Sullivan, Miss. Gregory",female,2.419925009755552,0,0,PC 942640,11.644692357823804,B53,S
4579,1,1,"Riggs, Mrs. Timothy",male,48.568455036034095,1,0,19213,20.264735141974587,,S
4580,1,1,"Michael, Mr. Mark",male,15.90131333342721,1,0,84757,144.00380433842986,B190,S
4581,1,3,"Hernandez, Mr. Samantha",male,19.976745648618717,1,0,W.E.P. 463231,40.07265769909456,D57,S
4582,0,1,"Huff, Mrs. Steven",male,43.854463598602834,0,0,95530,3.4623604395451952,,Q
4583,1,3,"Ruiz, Mrs. Zachary",male,25.726664188466383,1,1,80699,55.78054529214933,,S
4584,1,2,"Stone, Miss. Tracey",female,27.477684767792848,0,0,A/5 897371,330.01233589429137,,S
4585,1,3,"Phillips, Dr. Jennifer",male,27.17078330986899,2,0,96635,9.177886725303699,A144,S
4586,1,2,"Perez, Master. Megan",female,34.866382793647,1,1,PC 756846,57.430035956516704,,C
4587,0,3,"Werner, Dr. Kristina",male,26.831318170530537,0,0,A/5 767917,86.93713573437603,,C
4588,0,1,"Duncan, Miss. Blake",male,31.597765041027408,0,1,26642,92.9148000601667,,Q
4589,1,3,"Mccall, Miss. Nathan",male,22.950186244222117,0,0,12046,61.469202205745844,,C
4590,1,1,"Klein, Mrs. Sonia",female,34.92547425831107,0,0,59183,120.32339036129034,,S
4591,0,3,"Wilson, Mr. Jason",male,34.39380244666394,0,0,SOTON/O 612271,1.6307837971034758,,S
4592,0,3,"Gross, Master. Steven",male,56.570401727578556,0,2,STON/O 937125,3.3159907528405226,C102,S
4593,0,3,"Perez, Dr. John",female,24.662486704568167,0,0,54313,7.224702775999678,,S
4594,0,3,"Lee, Master. Bruce",female,27.421682750730284,0,0,SC/Paris 690121,2.2139786081428894,C197,S
4595,0,3,"Williams, Dr. Christopher",male,33.34354056311858,0,0,84872,6.388705745531132,,S
4596,1,3,"Gray, Dr. Susan",female,43.50209902040608,0,0,SC/Paris 658595,84.89997620006092,,Q
4597,1,3,"Johnston, Mr. Brent",male,14.717807855519183,2,0,56133,113.3886197498577,,S
4598,0,3,"Saunders, Master. Francisco",female,31.45007130485095,0,1,STON/O 424954,20.47243483709297,F78,S
4599,0,2,"Lewis, Mr. Michael",male,0.42,2,0,PC 215777,157.54241050082064,,Q
4600,0,3,"Burns, Miss. Rebecca",male,26.198553165886466,0,0,43250,27.102167748150308,,S
4601,0,1,"Stone, Mrs. Seth",male,45.018178421391056,0,1,41205,9.435883651107622,,C
4602,1,2,"Duke, Mrs. Susan",male,19.834005891137547,2,0,68243,57.175544449804995,,S
4603,1,1,"Sanchez, Mrs. Patricia",male,32.47572661399437,0,1,CA 514600,27.263566663349348,,S
4604,0,2,"Evans, Miss. Nicholas",female,22.595321958629565,1,0,A/5 495462,0.9812730027320625,,S
4605,1,3,"Reynolds, Mrs. Lisa",female,17.968369231728442,1,0,A/5 942832,169.59587573650828,,C
4606,1,3,"Buchanan, Miss. Elizabeth",male,43.60080397575342,0,2,60978,45.552546643733635,,S
4607,1,3,"Escobar, Mrs. Donna",male,15.366378342160848,0,0,45663,47.50944934049555,,S
4608,0,3,"Holmes, Dr. John",male,34.1015141140833,1,0,SC/Paris 106407,202.79262706612985,,S
4609,1,3,"Wagner, Mr. Audrey",male,34.31692269072622,0,0,CA 255873,89.63938441983643,,S
4610,0,3,"Johnson, Miss. Stephanie",female,18.074806761459268,0,0,A/5 391748,22.523016286538326,,S
4611,0,2,"Wallace, Miss. Rachel",female,32.1795935974068,0,0,STON/O 646930,2.1363696475957243,,S
4612,0,3,"Green, Mr. Stephen",male,16.91073027544832,0,0,CA 688343,12.575914399984592,,S
4613,0,3,"Rogers, Dr. Javier",male,37.305086248728216,0,1,SC/Paris 581167,21.656805835055213,,C
4614,0,3,"Black, Mr. Michael",male,11.590759994999488,0,0,33462,161.26162276671897,,C
4615,0,3,"Johnson, Miss. Elizabeth",male,25.245522955314225,0,0,SC/Paris 767695,109.76277647471801,,S
4616,0,3,"Gonzales, Mrs. Robin",male,26.461196764789403,1,0,58900,1.0881659339492353,,S
4617,1,2,"Brown, Mrs. Gregory",male,45.58137473494938,0,0,76633,218.0235773858336,G182,S
4618,1,2,"Savage, Dr. Richard",male,31.96060300396649,0,0,SC/Paris 274070,14.861013804597134,D59,S
4619,0,3,"Fitzgerald, Miss. Steven",male,43.37018886156883,0,1,SOTON/O 666659,74.66550894767336,,S
4620,1,3,"Klein, Miss. Bryan",male,37.7656746788583,0,1,47332,6.198639868835071,B90,C
4621,1,3,"Waters, Dr. Victoria",male,37.67624201254062,1,0,STON/O 734468,12.44340638164984,,S
4622,1,2,"Larson, Master. Kimberly",female,25.35293533677905,0,0,SC/Paris 427955,35.20358559078864,,S
4623,0,2,"Martinez, Dr. William",male,44.29268236934841,1,0,STON/O 198607,60.80428359605955,G73,S
4624,1,3,"Hall, Mr. Jimmy",female,25.013614269771963,0,1,18193,21.186454787862292,G23,S
4625,1,3,"Alvarez, Mr. Darlene",male,5.7824432809784945,1,0,SOTON/O 171746,103.27909722307066,,C
4626,1,3,"Barnett, Master. Jacob",male,26.9929796414635,0,0,62401,140.8331127590568,C113,S
4627,0,2,"Mcmillan, Mr. Bryan",male,36.348669665016956,1,0,A/5 842675,6.537622536181781,,S
4628,0,2,"Miller, Dr. Courtney",male,7.507239938020614,0,0,41719,63.392887787266815,D121,C
4629,1,3,"Brown, Mr. Pamela",female,17.6085669779146,0,0,32288,7.073010214817399,,S
4630,0,1,"Mccoy, Dr. Elizabeth",male,12.771761837517019,1,2,PC 952708,20.833795880298627,,S
4631,0,3,"James, Mr. Michelle",male,41.01403946592549,1,0,14812,85.6180436261117,F117,Q
4632,0,3,"Horn, Mr. Rachel",female,53.42007691817494,0,0,95336,20.500229631697444,,Q
4633,1,1,"Todd, Mrs. Ashley",male,27.064211841014973,0,1,SOTON/O 346962,118.97192560730035,,S
4634,1,3,"Young, Mrs. Brandon",male,37.44142508295563,1,0,W.E.P. 844500,26.50654416822714,,S
4635,0,3,"Li, Dr. Jeremy",male,37.07727112259613,0,0,STON/O 695374,18.53843319392047,C63,S
4636,1,1,"Jackson, Master. Douglas",male,51.75315725015946,0,1,41454,226.05746805603198,,S
4637,0,2,"Vazquez, Mrs. Taylor",male,20.864259344663502,0,1,SOTON/O 856995,29.125331632096273,,S
4638,1,2,"Soto, Dr. Cynthia",male,26.92169449338346,0,2,W.E.P. 980067,67.53786558082952,D149,C
4639,1,3,"Munoz, Dr. William",female,25.229238908063184,0,0,SOTON/O 277689,45.74619468440284,,S
4640,1,3,"Greene, Mrs. Donna",female,31.05514136056368,0,0,74973,11.312771925929235,F32,S
4641,1,3,"Diaz, Master. Amy",male,65.06043522963532,0,2,30211,34.68863530340165,F1,S
4642,0,3,"Wilson, Mr. Jeremy",male,30.431355612762385,1,0,17596,4.02899020985779,,S
4643,1,3,"Mcintosh, Master. Shane",male,18.034050863501157,0,0,A/5 438860,61.67784715266584,A106,S
4644,0,3,"Horton, Mrs. Brian",male,13.837038823496332,0,0,20085,36.58832217291516,,S
4645,1,3,"Hunter, Dr. Jacob",male,47.53703010238266,0,0,28861,6.5268429895887285,,S
4646,1,2,"Hubbard, Mrs. Rose",female,17.970436944306893,2,0,CA 471872,72.78426283729071,A173,S
4647,1,3,"Delacruz, Mrs. Mary",female,39.29021742878734,1,0,72059,81.6255290891177,,S
4648,0,3,"Perez, Mrs. Joshua",male,20.484321390379208,2,0,19338,66.18094388830727,,S
4649,1,3,"Miller, Mrs. Dalton",male,12.266301687835593,2,1,24336,19.953563242426384,,Q
4650,0,3,"Stewart, Master. Nicole",male,38.472794404225496,0,0,W.E.P. 800599,64.21727756155485,,S
4651,0,1,"Robbins, Miss. Stephanie",male,21.16957186531056,1,1,SOTON/O 788973,43.10303599263859,,C
4652,1,3,"Schwartz, Mrs. Mason",male,35.95595894934451,1,0,16593,39.249912380529196,A40,Q
4653,0,2,"Robertson, Master. Jason",male,36.98996117184461,0,0,PC 907611,52.31184955606542,,S
4654,1,3,"Simmons, Master. Daniel",male,37.64771343017456,2,0,SOTON/O 335380,49.724609400060295,D25,S
4655,0,3,"Reeves, Mrs. Melinda",male,26.245918424795388,1,1,W.E.P. 546574,80.2587363495632,,S
4656,0,3,"Barnes, Master. Maria",male,39.60656979106591,0,0,65217,213.37985300204843,,S
4657,1,3,"Vazquez, Mrs. James",female,17.084351401726842,0,0,W.E.P. 941921,64.78201086715178,F128,S
4658,0,3,"Gibbs, Dr. Amanda",male,0.42,0,0,44879,29.149452771052815,C182,S
4659,0,1,"Travis, Mr. Paul",male,39.89649042368151,0,0,60668,30.963990905469856,,S
4660,1,3,"Cantu, Master. Robert",male,32.31826706772458,1,0,63931,1.485837239240039,,S
4661,0,3,"Nelson, Miss. Amber",male,21.458904583804408,0,1,53643,8.712078680529302,,C
4662,0,3,"Lara, Miss. Holly",female,9.403861332349368,2,0,STON/O 508505,12.94949226760761,,Q
4663,0,2,"Smith, Dr. Bryan",male,1.4879038163051952,0,0,10291,231.9140200732233,F47,S
4664,1,3,"Franklin, Master. Vincent",female,30.72440687492561,2,0,SOTON/O 715968,72.00558449066882,,S
4665,1,1,"Rogers, Dr. Jeffrey",male,53.083003520219336,0,0,77925,7.63105085724241,,S
4666,1,3,"Martin, Miss. Henry",male,28.060196169966282,2,1,74022,34.49482016438733,,S
4667,0,1,"Richards, Dr. Alexis",male,24.941304586318363,0,0,SOTON/O 249300,12.010243210074968,,S
4668,1,3,"Lambert, Mrs. Terri",female,29.658850205058197,0,0,SOTON/O 819284,17.663589962779824,,S
4669,1,3,"Wilson, Mr. Joshua",male,60.508871566722775,0,1,97020,46.39028377464582,,S
4670,1,2,"Rivas, Mrs. Alyssa",female,40.52665917314387,0,1,71158,45.69441273899292,,S
4671,0,3,"Henry, Master. Gail",male,16.92994647619455,0,0,40680,102.71032902803022,,S
4672,1,3,"Carney, Miss. Megan",male,30.393454654629444,1,1,40100,8.991057355414078,,S
4673,1,1,"Casey, Master. Manuel",male,34.654116756169174,0,1,20272,34.3982103085258,A158,C
4674,0,3,"Wright, Dr. Nicholas",male,15.21125586789617,0,0,STON/O 684551,45.668788479701945,G104,S
4675,0,1,"Rose, Mr. Colleen",male,40.62791271279583,0,0,27629,133.29950592919843,F47,S
4676,1,1,"Mack, Mrs. Ashley",male,18.550676839979047,0,0,56301,36.32727086463296,,S
4677,0,1,"Hunter, Mrs. Lynn",male,8.846759257239007,0,0,STON/O 850501,20.825944634874922,,C
4678,1,3,"Smith, Mr. Cassandra",female,31.065869753756896,2,1,PC 109368,17.27535571305159,A14,S
4679,1,2,"Evans, Mr. Jonathan",female,28.849817967135028,1,0,STON/O 488398,12.173634222944141,,S
4680,1,3,"Perkins, Dr. Debbie",female,29.985693369162274,2,1,88218,163.99464126358407,D56,C
4681,0,3,"Morris, Mrs. Brandon",male,19.29497535272097,0,0,SC/Paris 933286,46.18318222948773,,S
4682,0,1,"Farrell, Miss. Elaine",female,21.248423349805424,0,0,CA 362462,18.086045948460058,F32,C
4683,1,3,"Potter, Mr. James",female,45.79825324516756,0,1,32874,68.34682442972,,C
4684,0,1,"Henry, Dr. Valerie",male,36.175198610010476,1,0,PC 208860,17.073479004210302,,S
4685,1,3,"Mcdonald, Mr. Lisa",male,16.60555492791801,0,1,71826,35.042613301630965,E48,S
4686,0,1,"Figueroa, Master. Linda",male,2.6902434781184965,0,1,97211,1.3159806528151323,B97,Q
4687,0,2,"Smith, Mr. Kelly",male,17.19817037042906,0,0,34497,93.72564530495612,A111,S
4688,0,3,"Peters, Master. Ryan",female,32.20218701024267,0,1,33503,156.80950461409614,,S
4689,0,3,"Rasmussen, Master. Cynthia",female,21.152955943037817,0,0,67268,100.40456522259527,B120,S
4690,1,2,"Nunez, Miss. Peter",female,20.06489712752451,1,1,PC 504303,9.383615636046553,,S
4691,0,3,"Davis, Master. Joseph",male,21.75175385497072,1,0,SC/Paris 473228,87.2260586456214,F132,S
4692,0,1,"Patterson, Master. Bob",male,28.98209412169197,0,0,43036,21.30944723792951,,S
4693,0,3,"Wright, Master. Katelyn",male,40.98479078141688,0,1,86308,137.66416340291062,,S
4694,0,3,"Williams, Mr. Jeffrey",male,29.9941311447603,0,1,35145,17.76792605046982,,C
4695,0,1,"Ochoa, Mr. Douglas",female,30.86711830124711,1,0,48776,4.682621234244557,G10,Q
4696,1,2,"Nelson, Dr. Caroline",male,26.851954905640515,0,0,43746,95.83909402365221,,S
4697,0,1,"Johnson, Mrs. Jesse",female,23.009004349833653,1,0,38344,6.201492440727193,,S
4698,0,2,"Austin, Miss. Eric",female,42.51937219847902,1,1,SC/Paris 488449,38.98267057226869,,C
4699,0,1,"Clark, Mr. Bianca",female,40.39362894981875,0,0,STON/O 240550,23.576070679999077,,S
4700,1,3,"Brown, Dr. Joshua",male,58.6339188473247,1,1,58423,70.70470560356705,C190,S
4701,0,3,"Lewis, Dr. Nicole",female,38.54790017744954,0,0,W.E.P. 411883,69.09510968628159,,S
4702,0,1,"Fleming, Miss. Meghan",female,23.022199494695517,1,2,A/5 141831,74.83616353658988,G107,S
4703,1,3,"Hubbard, Dr. Austin",female,17.334881672457342,1,0,SOTON/O 242623,3.2686571330946013,F196,S
4704,0,3,"Rich, Mr. Jordan",female,43.34123364996263,1,0,CA 729233,97.72874841284842,,S
4705,0,3,"Goodwin, Master. Jason",female,18.59018361965846,0,0,10823,31.398857831488204,,S
4706,0,3,"Davis, Mr. Max",male,41.336313611308995,1,0,CA 363835,12.37079982411646,,S
4707,1,3,"Mcmahon, Dr. Elizabeth",female,19.361204085503402,0,0,22692,17.754938936645857,,Q
4708,0,3,"Ortega, Mrs. Robert",female,34.88821737302193,0,0,SC/Paris 107936,116.5195627164341,,S
4709,1,2,"Edwards, Mrs. Kimberly",male,15.16348299187093,0,0,SC/Paris 429430,0.3005585618370538,F31,S
4710,1,1,"Thompson, Master. Erin",female,40.91839496064914,0,1,70511,80.90428691896106,,S
4711,0,2,"Garcia, Dr. Daniel",male,12.728596822870514,1,0,SOTON/O 593749,128.80478984034465,,S
4712,0,1,"Reid, Master. John",male,33.821402613093824,1,0,80351,14.387750185874134,E32,C
4713,0,3,"Obrien, Master. Samantha",male,27.230240920821835,0,1,SC/Paris 707543,86.29929428371922,,S
4714,1,2,"Thompson, Master. Jason",male,31.425290121167638,0,0,67897,8.782588734699235,,S
4715,0,3,"Hernandez, Mrs. Jessica",male,24.458746321737127,0,1,54377,0.8179143109003019,,S
4716,0,1,"Bernard, Miss. Heather",male,24.130360736806125,0,0,SOTON/O 561717,46.38962260597532,,Q
4717,0,3,"Herrera, Dr. Rebecca",male,32.1669368561368,0,0,82075,51.951567215981285,E125,S
4718,1,3,"Adams, Master. Olivia",female,15.970062706742073,0,1,14317,8.134318183698777,F111,S
4719,0,1,"Duran, Master. Richard",male,15.887691136666527,1,1,CA 616596,35.91992072308046,,S
4720,1,2,"Gomez, Mr. Donna",male,24.980307005062237,0,0,SC/Paris 366172,24.34663861690927,,S
4721,0,3,"Cook, Mr. Aaron",male,24.435418043933893,0,0,W.E.P. 894743,3.9661308732136593,,S
4722,0,1,"Taylor, Mr. Paul",male,15.924449506738759,0,1,40443,35.43764425458543,,C
4723,0,2,"Osborn, Dr. Erika",male,42.93900570080531,1,0,62381,43.99029636554084,,S
4724,0,2,"Mccann, Miss. Julie",male,25.317372141957534,0,0,10564,12.242117483756436,A90,C
4725,0,3,"Gardner, Dr. Brenda",female,26.82672915805444,0,0,SOTON/O 144598,67.31132353152903,,S
4726,0,3,"Phelps, Dr. Logan",male,11.414603436426347,0,0,73184,3.7685932429235938,D10,S
4727,1,3,"Jimenez, Mrs. Susan",female,59.00290196456967,0,0,21514,40.03608309745557,G121,S
4728,1,3,"Ramirez, Dr. Sierra",female,63.97894353776878,0,0,16103,18.076493695722608,B75,S
4729,1,3,"Cross, Mr. Hannah",female,19.074419902339127,0,0,CA 296908,28.641530034482937,,S
4730,0,3,"Sparks, Mr. Lindsay",male,47.16520933636737,1,0,STON/O 853394,111.96809112668524,C130,Q
4731,0,3,"Smith, Master. Ann",male,28.714612627673734,1,0,68381,55.42620010227791,,S
4732,0,1,"Lee, Master. Austin",male,52.452774299383485,1,0,17446,8.060024729231346,,S
4733,1,1,"Garcia, Mr. Tiffany",male,34.70726320960541,0,0,46047,108.71224232694807,F54,S
4734,1,3,"Robinson, Dr. Diane",male,31.396670362743585,0,0,PC 164337,23.32716032017314,A63,C
4735,0,3,"Buck, Dr. Rachel",female,0.42,0,0,PC 274260,20.873179620384207,,S
4736,0,1,"Landry, Miss. Lee",male,17.699516372026437,0,0,CA 130401,34.81123778410196,,Q
4737,0,1,"Harmon, Dr. Megan",male,30.287289374049198,0,1,STON/O 925429,11.489151775532111,G80,S
4738,0,3,"Patterson, Mrs. Justin",male,32.7813275378557,0,0,41431,122.80778852080488,A6,S
4739,0,3,"Davis, Mrs. Rachel",female,12.992328004876615,0,1,68456,31.545160957201052,A54,C
4740,1,2,"Patel, Dr. Kelly",female,19.797198598532095,0,1,A/5 407304,25.029138053786642,A123,S
4741,1,3,"Black, Master. Michael",male,37.74825824151147,0,0,STON/O 483237,9.374811284388091,,S
4742,0,3,"Morton, Master. Wesley",male,10.635049783732995,1,0,PC 856587,81.14679327449312,,S
4743,0,3,"Thomas, Master. Laurie",male,31.87221613212955,1,0,STON/O 814930,152.70575647268856,,S
4744,1,2,"Perez, Mrs. Eric",female,47.33134944084678,1,0,67372,101.85459949757589,C67,C
4745,0,1,"Vega, Mr. Tammy",female,35.396574807565486,0,0,87652,8.806853775099432,A17,Q
4746,0,2,"Flores, Miss. Diane",male,34.696814404323675,0,0,81319,69.63886310502299,E101,C
4747,0,3,"Clay, Master. Michelle",male,1.7178797115113085,2,0,SC/Paris 774858,11.418097546182347,,C
4748,0,3,"Gomez, Dr. Stacey",female,18.493221130149454,1,0,SOTON/O 136302,1.9804278704446603,A35,S
4749,0,1,"Pope, Mr. Jennifer",female,58.75882567027456,0,1,59812,33.12815555499746,,S
4750,1,3,"Robertson, Miss. Vincent",female,21.611733154356948,1,0,86248,55.49083323796451,E4,Q
4751,0,2,"Garcia, Mr. Lisa",male,47.702666933658946,1,1,PC 408914,6.635875484866448,,S
4752,0,1,"Bowman, Dr. David",male,21.44822754901204,0,1,98214,46.50920961427856,F120,Q
4753,1,3,"Cuevas, Mr. Samantha",male,26.110512978867515,0,1,W.E.P. 165396,92.78147072560094,,S
4754,0,3,"Acosta, Miss. Timothy",male,37.21821583494926,0,0,23517,11.723525944650904,,S
4755,1,2,"Williams, Dr. Nicholas",female,31.409702223916135,1,2,40619,27.912406902492886,,C
4756,1,3,"Miller, Mrs. Jessica",female,35.34117431401512,1,1,18784,34.53757535071574,,Q
4757,0,3,"Garcia, Mr. Brenda",male,18.54253643382218,1,1,17919,88.9555157520804,G135,S
4758,1,3,"Adams, Dr. Benjamin",male,14.092217347437408,0,0,A/5 796864,73.78396151820208,,Q
4759,0,3,"Knight, Mr. Nicole",male,17.597797398532983,1,0,W.E.P. 733784,73.33784623559566,,C
4760,1,1,"Shepherd, Dr. Jessica",female,22.547546019526866,0,0,37096,56.821680105217695,,Q
4761,0,3,"Stewart, Master. Rebecca",male,26.790060651196242,0,0,31249,48.08914252536738,,S
4762,1,3,"Williams, Mr. Tina",male,44.521855328957486,1,0,27513,35.55410512943196,,S
4763,1,1,"Miller, Master. Darren",male,31.222780384350674,0,0,A/5 955126,23.071516218264392,,C
4764,0,2,"Lynch, Master. Nicholas",male,36.78435943512019,0,0,STON/O 712821,35.99793216640501,,S
4765,0,3,"Mendoza, Mrs. Cameron",female,31.98241417612185,0,0,SOTON/O 735677,96.11154866651418,,C
4766,1,2,"White, Master. Mitchell",female,14.383920450597136,1,0,24012,42.26698477115589,,Q
4767,1,3,"Hale, Mr. Jeffrey",male,30.241773364079087,0,0,A/5 264333,212.04669757100336,,C
4768,0,3,"Evans, Mr. Beth",female,31.830949542681505,0,0,PC 774579,7.688640080033747,B163,Q
4769,1,1,"Grant, Miss. Pamela",male,40.6389250987783,0,0,39012,29.0941389034841,,S
4770,0,1,"Farmer, Master. Jeremy",female,15.039767024991491,1,0,18256,11.174711019158266,D110,S
4771,0,3,"Willis, Mrs. Stephen",male,1.4342478879229503,1,0,64925,22.714381393339973,,S
4772,0,3,"Cruz, Dr. Jessica",male,32.467693412386964,0,0,60332,77.9763174445222,,S
4773,0,3,"Marquez, Dr. Connie",male,34.95390002223733,1,0,33215,87.08406605059612,,Q
4774,1,3,"Berry, Dr. Amber",male,27.48861271156133,1,1,20249,1.6116532595075945,,S
4775,0,3,"Williams, Mrs. Paula",male,30.392292610175076,0,0,56466,153.27510767741364,,S
4776,1,3,"Smith, Mrs. Shane",female,42.302813300159265,1,0,PC 732647,102.73626819467476,,S
4777,0,2,"Torres, Miss. Robert",female,23.576721928614877,0,0,SOTON/O 562652,117.67800529203826,,S
4778,0,1,"Underwood, Miss. Wesley",male,26.099028209779892,0,0,83564,23.642735874638937,A160,S
4779,0,3,"Riley, Dr. Patricia",female,31.10651022459365,0,0,PC 349305,34.354265480689186,B24,Q
4780,0,3,"Leach, Master. Jennifer",male,12.922594491629201,0,1,38949,9.226401502262863,,S
4781,0,3,"Johnson, Mrs. Joshua",male,27.87343884933144,1,0,22385,25.278009470689472,G33,C
4782,0,3,"Hunt, Master. Heather",male,29.107593557321117,1,0,16921,6.7421067337245715,,S
4783,0,3,"Butler, Miss. Mary",female,52.918591000483836,0,0,SOTON/O 206242,99.49315257314662,,S
4784,0,3,"Sanchez, Master. Michelle",male,25.82638079320155,0,1,48087,43.50970723085247,D87,S
4785,0,2,"Smith, Mr. Stephanie",male,32.80015735922254,0,0,83664,7.308071827391004,E61,S
4786,0,3,"Hall, Mrs. Eric",male,42.86064647545639,0,1,STON/O 851308,105.62534203128304,,S
4787,1,3,"Vaughn, Mrs. Ricky",male,18.275213845654008,1,0,W.E.P. 256043,4.189106726734462,,S
4788,1,3,"Young, Dr. Jamie",female,49.260365416266325,0,1,CA 980347,130.82872049843505,,S
4789,0,1,"Boyer, Dr. Kim",male,54.69418324880189,0,1,W.E.P. 728730,5.58845632837943,A5,C
4790,0,3,"Vazquez, Dr. Lauren",male,29.595451972918546,0,0,SOTON/O 977874,63.288190045883105,,C
4791,0,3,"Rowe, Mr. Walter",male,22.448035139568677,0,1,SOTON/O 567677,51.82512119502996,,S
4792,1,2,"Harris, Dr. Antonio",male,52.77967194146544,1,0,A/5 855243,76.32415577504949,F176,S
4793,0,3,"Fischer, Dr. Barbara",female,41.138832218754075,0,0,24387,41.59403301972744,G79,S
4794,0,3,"Barnes, Mrs. Derek",male,31.147568865293707,1,0,99074,21.533110467739636,,S
4795,0,1,"Wolf, Master. David",female,49.975813474619834,0,0,W.E.P. 190140,16.037880725677265,,C
4796,0,3,"Newton, Mrs. Rachel",male,48.49389063969048,0,0,A/5 804099,145.4507742780294,F1,S
4797,0,2,"Hernandez, Master. John",female,25.292402644584882,0,0,CA 210305,29.10446769318016,,C
4798,1,1,"Cooper, Mrs. Samantha",female,33.4822179461881,1,1,73923,92.3192993863602,,S
4799,0,2,"Green, Mr. Angela",female,38.07509483096339,0,0,71841,64.1969674639658,D100,S
4800,1,3,"Carroll, Master. Robert",female,30.40222041842992,0,0,15994,53.37529936653107,A27,S
4801,0,3,"Summers, Mr. Jamie",male,10.527811727340072,0,0,32641,176.35384103797642,,S
4802,0,3,"Collins, Mrs. Felicia",female,16.86436694822455,0,0,31660,41.67216614645165,A27,C
4803,1,3,"Chapman, Miss. Karen",female,10.984321003556818,1,0,A/5 760412,66.02859551697658,,S
4804,0,1,"Peters, Mr. Scott",female,36.900940242336056,1,0,PC 387896,94.74599709615894,F98,S
4805,1,1,"Washington, Dr. Joseph",male,13.419067560267582,0,0,CA 811373,2.3534032779688703,,S
4806,0,3,"Johnson, Miss. Antonio",female,32.693852991444025,0,0,CA 976488,280.0785190155871,E48,S
4807,0,2,"Brown, Mrs. Christina",male,55.6466535678522,1,1,SOTON/O 670244,15.20238519667028,,S
4808,1,3,"Lewis, Miss. Howard",male,49.98878258877005,0,0,PC 927067,60.61987392980402,,S
4809,0,3,"Mitchell, Mr. Benjamin",male,4.2761669429242986,0,0,W.E.P. 746283,153.54028096639348,,S
4810,1,3,"Abbott, Miss. Andrea",female,12.098179409205912,0,1,A/5 179643,72.01363455785439,,Q
4811,0,2,"Marshall, Mrs. Ryan",male,19.12877006148198,0,3,PC 877753,13.043393545714082,,S
4812,1,3,"King, Miss. Jennifer",male,13.63366835092885,1,0,W.E.P. 223644,22.495455179561713,,S
4813,0,3,"Wilkins, Mr. Dana",male,6.846598717495731,0,1,SOTON/O 671355,26.737050503326888,,S
4814,0,1,"Rivera, Master. Tracy",male,29.84823524384663,0,0,STON/O 711888,44.136450709457726,,S
4815,1,3,"Montes, Master. Caitlin",female,39.8714076918319,0,0,STON/O 891089,46.18436679595085,,Q
4816,1,2,"Hill, Mr. Anna",female,43.35647654212042,0,0,PC 213119,77.53504377906188,,S
4817,1,2,"Parker, Mrs. Karen",male,23.357333609586668,1,0,A/5 592830,98.18906901589986,B6,S
4818,1,2,"Valdez, Miss. Amanda",male,26.193348195581716,1,1,13396,4.690138762649099,,S
4819,1,1,"Hopkins, Dr. Alicia",male,34.97948143174658,2,0,SOTON/O 575860,15.952214736813442,F125,Q
4820,0,3,"Miller, Mr. Derek",male,28.481202134251912,0,0,84976,21.053983568412722,,C
4821,0,2,"Bryant, Miss. Andrew",male,41.34849486534122,1,0,86792,0.6727390561995051,E32,S
4822,0,1,"Santiago, Mrs. Megan",male,36.025108079683186,0,0,70791,27.028563104516312,B81,S
4823,0,2,"Jordan, Miss. Steven",male,24.731738070803594,0,0,CA 761686,22.220588067595017,,S
4824,0,2,"Marsh, Mrs. James",male,4.0070916368517935,1,0,SOTON/O 395491,37.263111201861015,,S
4825,0,2,"Wilkins, Mr. Marie",female,50.98644247674791,0,1,SOTON/O 659820,5.278109617224678,B165,S
4826,0,1,"Elliott, Miss. Nathaniel",male,20.394847947779496,1,0,73143,26.721158453576255,,C
4827,1,3,"Mclaughlin, Dr. Tiffany",male,35.005821040223644,1,0,21181,45.49257080493857,,S
4828,0,3,"Johnson, Dr. Judy",male,3.167716637932635,0,0,CA 421059,81.43492820135337,C7,S
4829,0,3,"Case, Miss. Anna",female,29.84156783259873,1,0,42042,72.71847594030658,,S
4830,0,3,"Thomas, Mr. Brianna",male,31.403667452070785,1,0,SOTON/O 776763,25.947642180208884,E191,C
4831,1,3,"Davis, Master. Felicia",male,32.08042901566727,0,0,A/5 283028,24.67651761253834,,S
4832,1,3,"Hunt, Mrs. Lacey",male,72.19310595805194,0,0,W.E.P. 644939,1.9096086467720086,,S
4833,1,3,"Monroe, Master. Melissa",female,21.16434276689194,1,0,25063,4.313017182776014,A62,S
4834,0,2,"Adams, Mrs. Bryan",female,41.489299177393704,1,0,34448,102.94526704199889,,S
4835,0,3,"Black, Mrs. Stephanie",female,37.32525433093128,1,0,40535,81.96266201215025,,C
4836,0,2,"Ortega, Mrs. Tracey",male,20.499054102653794,1,2,PC 499610,1.0656348319230795,,S
4837,0,2,"Anderson, Master. Peter",female,41.279371644533015,0,0,75159,107.14188904997712,E46,S
4838,0,3,"Chambers, Dr. Robert",female,27.699506882968766,1,0,W.E.P. 639134,47.58025816067828,,S
4839,0,1,"Jones, Dr. Barbara",male,42.253405046074064,1,0,99212,80.95399228785358,,S
4840,0,2,"Jackson, Dr. Jennifer",female,57.453476727904004,1,0,CA 371301,34.91067193578394,,S
4841,1,1,"Schmidt, Mr. Vincent",male,32.1111844688774,0,0,67450,8.162805853266063,E42,S
4842,1,2,"Henderson, Master. Stephanie",male,26.064246793041683,0,0,37410,22.072013777964507,C143,Q
4843,0,1,"Vasquez, Mrs. Michael",female,44.72178657334578,0,0,STON/O 836763,29.894493524645632,,S
4844,0,3,"Becker, Mr. Adam",male,49.55314432308078,0,0,STON/O 966732,70.10333302897598,,C
4845,0,3,"Ross, Mr. Connie",male,17.63439444851131,1,0,CA 779511,83.75020676032415,,C
4846,0,3,"Hudson, Master. Andrea",male,23.658600746466945,0,0,SOTON/O 143454,67.63387504992674,G26,Q
4847,1,2,"Harris, Miss. Amanda",female,39.45592580577767,1,0,20274,32.37499652431395,,S
4848,0,3,"Watson, Miss. Jeanette",male,28.151551854193926,0,0,96412,54.4877980669816,,S
4849,1,3,"Mitchell, Dr. Tracy",male,16.639351818184984,0,0,55910,17.514396465394512,,S
4850,0,2,"Jacobs, Dr. Gregory",male,37.56972759053553,0,0,29545,220.32297491377983,,S
4851,1,3,"Hill, Dr. Margaret",female,39.40085601989482,1,1,A/5 536535,9.20850747098632,,S
4852,0,3,"Cox, Miss. Ashley",female,25.318599417442343,0,1,W.E.P. 492569,64.29577338568684,,S
4853,1,3,"Lewis, Mr. Randy",male,30.858882714637314,1,0,60030,8.416824734404397,,S
4854,0,1,"Norris, Mr. Christie",male,21.927977034754335,1,0,W.E.P. 305374,16.48538827662413,,S
4855,1,3,"Gordon, Mr. Denise",male,14.666676037232383,1,0,13720,69.08042983540436,C165,S
4856,0,3,"Klein, Dr. Keith",male,23.04109550720539,0,1,PC 704439,65.30317654407347,F170,S
4857,0,3,"Alvarado, Miss. Ashlee",female,31.035052902462695,0,0,STON/O 482710,6.64856755505987,D81,S
4858,1,3,"Logan, Dr. Eric",male,9.348750899429852,0,1,PC 423055,56.744534397407634,A85,Q
4859,1,3,"West, Mrs. Stephen",male,24.063818962469774,0,0,45873,11.397695707062132,,S
4860,1,3,"Wells, Dr. Kayla",male,31.22962182829834,0,0,PC 815926,180.52483149318118,G40,S
4861,1,2,"Valencia, Mrs. Daniel",male,46.72523874174814,1,0,W.E.P. 938225,46.197466020702116,,S
4862,1,3,"Andrews, Mrs. Robert",male,25.623707032792563,1,1,A/5 777430,0.17427461305918993,,S
4863,0,1,"Burns, Miss. Jessica",male,12.557367098470891,2,1,67643,11.688399008492995,,S
4864,0,3,"Hogan, Mr. Blake",female,27.064759822231792,2,2,PC 928731,13.042627618844005,B42,S
4865,0,3,"Rogers, Master. Jasmine",male,22.068029742738737,1,0,SC/Paris 881255,14.191017665213812,,S
4866,1,1,"Garrett, Dr. James",male,37.730499770803085,0,0,43912,40.719781471600655,,S
4867,0,3,"Rivera, Miss. Edward",male,25.26932543092879,0,0,W.E.P. 849477,11.508831266491452,F12,S
4868,0,2,"Miller, Dr. Robyn",female,0.42,0,0,48251,26.618815602763945,,S
4869,0,1,"Martinez, Mrs. Edward",male,80.0,0,0,A/5 813545,9.517180434049234,,S
4870,1,2,"Palmer, Mr. Hannah",female,31.993086082273017,3,0,CA 904619,54.96599437358856,,S
4871,0,1,"Vincent, Mr. Jennifer",female,31.24868114432011,1,0,A/5 495161,42.04834124373835,B144,S
4872,0,2,"Mcdaniel, Master. James",female,8.420260392041552,1,0,57209,49.53698848143028,,S
4873,0,2,"Arnold, Mrs. Richard",male,9.496030276537432,1,0,19467,171.1849548614042,,S
4874,0,3,"Frey, Master. David",male,28.712714592577548,3,0,76887,25.48314359398325,,S
4875,0,3,"Watkins, Dr. Heather",male,34.706398652362964,2,1,38191,12.133690677243745,,S
4876,1,3,"Holmes, Mr. Dan",male,39.82959794847453,1,0,SC/Paris 863949,335.07372752932463,,C
4877,0,1,"Fields, Mr. Michael",female,33.32412720245565,1,0,A/5 432782,2.991484722135114,G39,S
4878,1,3,"Smith, Master. Wendy",male,13.396809155646118,1,0,W.E.P. 935556,83.1285848335734,G106,C
4879,0,3,"Lewis, Mrs. Troy",male,0.42,0,0,PC 576207,8.84739742565956,,S
4880,1,1,"Mcdaniel, Mr. Felicia",male,28.59688710870513,1,0,42305,54.649193007401365,,S
4881,0,3,"Scott, Miss. Brandy",female,22.52435461147221,0,2,47574,32.103338531271106,,S
4882,0,1,"Garcia, Miss. Michele",male,12.32399586242801,1,2,PC 883771,91.32548528078553,,S
4883,1,3,"Moore, Mrs. Ashley",male,41.59281513747876,0,2,16415,65.66913103639564,,S
4884,0,3,"Ray, Mrs. Jennifer",male,7.941925511480164,2,0,W.E.P. 579868,9.457393980459331,,S
4885,0,2,"Phillips, Master. Juan",female,38.637563752392154,0,0,SOTON/O 154140,54.71781763856926,,S
4886,1,3,"Wilson, Mrs. Michael",male,10.25806834975526,0,0,28004,12.236939325789896,,S
4887,0,2,"Greene, Master. John",male,31.877241598166634,0,1,W.E.P. 998981,9.27254799879328,A130,C
4888,1,1,"Johnson, Mrs. Matthew",male,43.075640508260705,0,1,18468,4.393280503212569,,C
4889,0,3,"Kelly, Miss. Kelly",female,25.268933581568163,0,0,PC 408985,6.032509050625413,,S
4890,1,3,"Webster, Mr. David",male,53.658877683095504,0,2,W.E.P. 444484,60.84907992817461,,C
4891,0,3,"Bradley, Mrs. Arthur",female,56.850408558309056,1,3,31001,242.1816769201362,,S
4892,0,3,"Chambers, Mrs. Brittany",female,33.32045000027517,0,2,W.E.P. 279261,56.318550244191265,,S
4893,0,1,"Avery, Mrs. Karen",male,37.579395188263824,1,0,44141,61.630134212539666,G122,C
4894,0,3,"Baxter, Miss. Jessica",male,44.84992412843127,1,0,PC 840679,76.32606979962424,,S
4895,0,1,"Miller, Dr. Chris",male,37.62196921479685,0,1,60603,109.91637510441605,,S
4896,0,1,"Brown, Mrs. Sean",male,36.121405046379614,0,2,36637,15.58028126139252,,S
4897,0,3,"Oliver, Miss. Edgar",male,22.66302836113477,0,0,A/5 596402,46.38600046390479,A118,S
4898,0,1,"Powers, Mr. Christopher",male,6.377013547512028,2,0,28363,12.207950517264916,,S
4899,0,1,"Nelson, Miss. Bailey",male,10.538664214507321,0,0,95296,37.289176498442686,,S
4900,1,2,"Baxter, Mrs. Susan",male,63.353143022661264,0,0,PC 623256,11.701917373004477,,S
4901,0,1,"Carson, Mr. Andrew",female,34.51442540927001,1,0,47421,3.307274681271583,A24,C
4902,0,1,"Riggs, Miss. Rebecca",female,26.560431260521355,0,0,38837,4.621366402828919,,S
4903,0,1,"Lee, Master. Ellen",male,47.686581627650725,0,0,CA 181745,187.11906722013492,,S
4904,0,1,"Lawson, Mrs. James",male,19.507588379934386,0,1,A/5 414687,0.3018131775143957,,S
4905,1,3,"Austin, Dr. Crystal",female,38.16351574378463,0,0,W.E.P. 527038,58.58576816573083,C96,S
4906,0,3,"Rivera, Miss. Dawn",female,31.08068846984053,2,0,64442,109.15463910583895,,C
4907,1,3,"Schultz, Dr. Andrea",female,36.44038501545043,0,0,73234,25.0193253777166,,S
4908,0,3,"Smith, Miss. Emily",male,25.290261829886006,0,0,33911,61.56974267331628,,S
4909,1,1,"Bradley, Mr. Michele",male,16.494279697934672,0,0,PC 880880,21.453626033059038,A86,S
4910,0,1,"Parker, Dr. Andrea",male,18.47980497604501,0,0,W.E.P. 726520,37.64112813883811,,S
4911,1,2,"Figueroa, Mrs. David",male,19.025621168355837,0,0,A/5 191786,137.20888449358762,,S
4912,0,3,"Foster, Dr. Valerie",male,29.95841562748982,0,1,SOTON/O 850924,2.162866225270589,G118,C
4913,0,3,"Cortez, Mrs. Martha",male,8.214107473364798,0,1,SOTON/O 299898,15.542414742837959,,S
4914,0,3,"Martin, Mr. Benjamin",male,12.535999389690701,0,1,52988,5.601835673916705,,S
4915,0,2,"Edwards, Mrs. Tabitha",female,31.89734016540883,0,0,STON/O 161570,34.25155349561121,,S
4916,1,1,"Bryant, Miss. Kimberly",male,28.21254937820519,0,1,SC/Paris 830529,73.58834519451904,,Q
4917,0,3,"Duke, Mrs. Derrick",male,32.66324147959378,0,0,34301,187.75037115855324,,C
4918,0,2,"Alvarado, Dr. Ashley",female,29.369390519336477,0,0,43744,8.447453501149402,D19,S
4919,1,3,"Rosales, Dr. Brittany",female,65.26530289643499,0,0,A/5 381535,2.246244586605681,,S
4920,0,3,"Chen, Miss. Christopher",male,31.774338075872226,0,0,CA 681408,7.445243172181648,E12,C
4921,1,3,"Harrell, Mrs. Mary",female,24.69288490717814,0,1,CA 551252,173.29082029255488,,C
4922,1,3,"Davis, Mrs. David",male,31.415844995061136,0,0,45993,19.292607424972967,,S
4923,0,3,"Reilly, Mrs. Ricky",male,44.27937059514462,1,0,21345,15.542244996220314,G92,C
4924,1,3,"Fox, Master. Calvin",female,29.305202548715492,0,0,W.E.P. 127597,66.41396341093227,G30,S
4925,0,3,"Yu, Master. Jasmin",male,39.58619702090744,1,0,82720,6.43005699397716,,C
4926,0,2,"Fitzpatrick, Dr. Karen",male,35.54464350163103,0,0,CA 936047,21.46804897718251,,C
4927,0,3,"Holloway, Dr. William",male,25.93418192420298,0,0,30965,7.821675499907152,,C
4928,0,3,"Ellis, Mr. Veronica",male,31.552261184347326,3,0,92026,183.10307207608656,,S
4929,1,1,"Hubbard, Mrs. Robert",male,52.38490959868906,0,0,STON/O 345739,16.78221786442396,B175,S
4930,1,2,"Valdez, Dr. Christina",male,33.4030961305315,1,0,SOTON/O 699791,15.680446431331227,,C
4931,0,1,"Morris, Mr. John",male,16.195705661605018,0,0,SOTON/O 121538,50.31115225517856,,C
4932,0,3,"Powell, Master. Lindsay",female,25.526854020139744,0,1,60442,0.8377959758150026,,S
4933,1,3,"Harding, Dr. Michael",male,0.42,0,0,PC 427606,52.99905251536068,,S
4934,0,2,"Cervantes, Mrs. Jennifer",male,31.923581894540323,0,1,33224,30.243535430276452,,S
4935,0,1,"Snyder, Dr. Michael",male,48.368872812959395,0,0,CA 897522,10.175319642326306,,C
4936,0,3,"Wiley, Master. Christopher",female,11.220319246126042,1,1,51339,33.30997555592335,,C
4937,1,3,"Rodriguez, Mr. Paul",female,32.09625828311269,1,1,35907,344.8041355871058,E183,S
4938,0,3,"Daniels, Mr. Andrea",female,43.79604528217001,1,1,A/5 960819,91.25732441726652,,S
4939,1,2,"Green, Mr. Jose",male,45.27594086475078,1,1,32803,182.7995679333956,,S
4940,1,3,"Vance, Mrs. Richard",male,47.91721641186163,0,0,SOTON/O 389443,130.22597521418845,,S
4941,0,3,"Jacobs, Dr. Jeremy",male,3.8444463611629516,1,0,PC 699003,85.855352834986,,S
4942,0,1,"White, Dr. Roberto",male,37.06903336456534,0,0,65626,20.379203074138,B107,S
4943,1,1,"Meyer, Mr. Brooke",male,8.922087408675527,0,0,A/5 627602,65.45483867178052,,C
4944,0,2,"Bush, Miss. Andrew",female,16.023350087985403,0,0,42771,24.841044428890008,E129,S
4945,1,1,"Escobar, Master. Daniel",male,41.49571163451908,0,0,21148,28.064443537756933,,Q
4946,1,3,"Moss, Dr. Robert",female,32.21265970592264,1,2,A/5 887687,103.33300686470861,,S
4947,1,1,"Bailey, Master. Nicholas",male,40.16870503935123,1,1,CA 457746,11.482179594259003,,C
4948,1,2,"Lewis, Mrs. Emily",female,16.99236753277622,0,0,85579,17.59107659191546,E91,S
4949,1,3,"Robinson, Dr. Lindsay",male,50.630443542280275,0,0,91098,133.32151803635614,,S
4950,1,2,"Barnett, Mrs. Daniel",female,39.63667507377471,0,1,41260,60.131087684673965,D45,S
4951,0,3,"Brewer, Mrs. Karen",male,42.450173670108434,1,0,28031,3.3550257643749575,,S
4952,0,1,"Jenkins, Dr. Heidi",female,14.877665134388097,0,0,SOTON/O 313779,6.483401680081577,,S
4953,0,3,"Woods, Master. Blake",male,46.399617362976656,0,0,CA 570112,43.321275281828065,,S
4954,1,2,"Bowman, Dr. Kristopher",male,25.573737927034358,0,0,SOTON/O 241500,80.16160075972239,E116,Q
4955,0,3,"Taylor, Mr. Wanda",male,21.44283221796453,0,1,92466,78.70518433511361,,S
4956,1,3,"Sullivan, Mrs. Laura",male,38.75648956063927,0,0,85768,27.662828756237985,A28,Q
4957,0,3,"King, Mrs. Austin",female,38.16496484703114,0,1,52853,14.954632917176273,,S
4958,1,3,"Watson, Master. Bryan",female,18.144536131397274,1,0,17075,77.48963235104183,,S
4959,0,3,"Brown, Mr. Michael",male,58.78821414269528,1,0,W.E.P. 495436,144.18104580775656,,S
4960,1,2,"Chen, Miss. Joseph",female,55.40090806945685,1,0,68611,29.361105080983137,,S
4961,0,3,"Reynolds, Master. Michael",male,38.47049197136477,0,1,29781,7.38304237565493,,S
4962,0,3,"Glover, Miss. Amanda",male,36.025647918243635,2,0,41410,47.04573989293677,B137,S
4963,0,3,"Conley, Mr. Luis",male,34.61700716764415,0,1,CA 146850,3.7165159942073647,D139,C
4964,1,1,"Dominguez, Mrs. Michael",female,8.3000472357386,1,1,STON/O 936281,47.273182892318886,,S
4965,0,2,"Payne, Mr. Susan",male,31.57930343090048,2,0,A/5 360116,9.494254386829791,,S
4966,0,3,"Johnson, Mr. Tyler",female,31.393582146540474,1,1,A/5 986800,36.2813573124742,C40,S
4967,1,2,"Brown, Master. David",male,21.935836392662665,1,0,SC/Paris 530642,49.10739895052764,,C
4968,1,2,"Moss, Mrs. Anne",male,25.669111591977817,0,0,STON/O 388715,29.595067564854382,,S
4969,1,2,"Martinez, Mrs. Paula",male,0.42,1,0,PC 635288,87.80905640244343,,S
4970,0,3,"Rivera, Mrs. Brandon",male,14.638178978250123,1,0,43963,23.47689593486488,,S
4971,0,3,"Anderson, Dr. Scott",male,42.90556808110206,0,0,72162,8.422872569679056,,C
4972,1,3,"Kelley, Mr. Deborah",male,54.23675662295105,0,0,A/5 674708,31.172164338028825,,S
4973,0,1,"Trevino, Mrs. Jacob",female,16.792670405859205,1,0,W.E.P. 850385,165.57536929687683,F170,S
4974,1,1,"Thompson, Dr. Robert",male,32.55988116966314,1,0,CA 728694,106.08916057517399,B80,Q
4975,0,1,"Reyes, Master. Stephen",female,45.377352611562436,0,0,SC/Paris 124093,18.63174467025777,,S
4976,0,3,"Dunn, Dr. Kimberly",male,22.716989637473446,1,1,58414,13.900126297120133,,Q
4977,0,3,"Garrett, Master. Steven",male,39.46747448128462,0,0,69459,33.01349618197441,G144,Q
4978,0,1,"Hawkins, Miss. Susan",male,29.52694426187776,1,1,PC 425947,53.23344763240973,,S
4979,0,3,"Morales, Mr. Amber",male,46.66562783795489,1,1,71269,130.6729841020775,,S
4980,0,3,"Cortez, Dr. Brenda",male,12.045689644639275,0,1,77404,47.50869190068169,,Q
4981,1,2,"Thompson, Master. Erin",male,14.535927197252853,1,1,92722,90.42994820798987,B159,S
4982,0,2,"Walters, Miss. Kurt",male,33.913548365199354,1,0,CA 230074,59.54846083422949,,S
4983,1,3,"Morales, Mrs. Wesley",female,31.346885398606112,2,0,26703,5.3527107374610345,,C
4984,1,2,"Greene, Miss. Jennifer",male,29.211465449093378,0,0,50468,111.18200670830343,,S
4985,0,3,"Smith, Mrs. Claudia",male,38.06167824286276,0,0,91936,11.128276153516891,A186,S
4986,0,3,"Holmes, Master. Raymond",female,16.970906096191694,2,2,35543,22.83636751773142,,S
4987,1,3,"Howell, Mr. Richard",female,10.8279014373,1,1,79643,91.71092501968545,,S
4988,0,3,"James, Miss. Kevin",male,22.998486487597845,0,3,SOTON/O 178706,193.67110902009966,,Q
4989,1,3,"Meyers, Master. Rhonda",female,24.564100178226617,0,0,SC/Paris 147125,18.597536409811322,,S
4990,1,3,"Le, Master. Derrick",female,26.027539465189243,0,0,10600,24.162374565341597,,C
4991,1,3,"Booker, Master. Michelle",male,47.76663995895427,0,0,16504,33.23903131684287,,C
4992,0,3,"Petersen, Mrs. Tyler",male,40.78584145518893,1,0,77912,34.45692629250124,,S
4993,0,1,"Mooney, Mr. Brandy",female,37.465358168176,0,1,CA 454411,69.38975529016196,,S
4994,1,2,"Brooks, Miss. Richard",male,33.107994324810356,1,0,W.E.P. 106568,84.94590778148567,,S
4995,0,3,"Chambers, Mrs. Bryan",male,23.92136161998223,1,1,35906,235.72602246654517,,C
4996,1,3,"Young, Mr. Mark",male,18.04476780503177,1,0,SOTON/O 545102,81.54041190788652,,Q
4997,0,1,"Jones, Mr. Charles",female,13.239796110311705,0,0,PC 244558,17.818136706392064,,S
4998,0,1,"Yoder, Mrs. Dale",female,20.276904093410543,1,0,19115,22.170082708894707,G45,S
4999,1,3,"Lopez, Miss. Mark",male,29.399092162946165,1,0,42681,48.12430239071276,B84,S
5000,0,2,"Davenport, Mrs. Mark",female,13.830221197442668,0,0,23139,58.01980778203737,A119,S
5001,0,3,"Harris, Mr. Beth",male,32.37327660831253,1,0,97171,4.71344290960056,D16,Q
5002,0,3,"Graham, Miss. Jason",male,27.27786621870097,0,1,STON/O 284464,21.055206435318123,,Q
5003,1,3,"King, Master. Phyllis",male,24.437822238395164,2,0,43759,11.324127205428677,,C
5004,0,1,"Adams, Master. John",female,46.26146061696292,1,1,49090,35.448536985977746,C43,C
5005,1,1,"Hawkins, Dr. Brenda",male,0.42,0,0,27989,9.238085357866174,,S
5006,0,1,"Edwards, Dr. Mark",male,24.62778636601098,1,0,CA 653027,43.463372990704684,,C
5007,1,2,"Lane, Master. Kathleen",male,0.42,3,1,SC/Paris 769399,31.489514671691616,,S
5008,1,3,"Smith, Mrs. Kelly",male,33.33987742101219,1,0,81498,25.86933815040519,G168,S
5009,0,3,"Wright, Dr. Dominic",male,40.67054216478496,0,0,66096,52.34174179721817,,S
5010,0,1,"Moore, Dr. Patty",male,11.084513141006777,1,1,55068,26.920261698546895,B78,S
5011,0,1,"Davidson, Miss. Lauren",female,12.877193825520536,0,1,59412,25.480057829990425,,S
5012,1,1,"White, Mrs. Erika",male,6.223802356053621,0,0,SC/Paris 490459,52.65161592942948,,S
5013,0,3,"Paul, Mrs. Chelsea",female,30.89098789798435,1,0,CA 290614,2.9496315555767394,,C
5014,1,3,"Thomas, Mrs. Edgar",male,25.228964133143617,0,0,10970,28.324173322213582,G86,S
5015,0,3,"Baker, Miss. Maria",male,26.098833774517693,0,0,83585,10.870533531476761,,S
5016,0,3,"Rogers, Dr. Daniel",male,24.848397047197658,0,0,78961,1.9668288012252868,,S
5017,0,3,"Nichols, Miss. John",female,16.369613098848852,0,0,91041,1.764922227025118,,S
5018,0,3,"Simon, Master. Stefanie",male,45.846236334544514,1,0,33399,9.173351453224814,,S
5019,0,1,"Taylor, Mr. Allison",female,33.81276952184278,1,0,87163,28.452861042204347,,S
5020,1,3,"Stevens, Master. Nicole",female,13.414710485113542,0,0,42496,41.81607519488871,,S
5021,1,2,"Diaz, Master. Dawn",male,20.19234457834498,1,0,PC 517789,79.45708558231954,,S
5022,0,3,"Mcmillan, Dr. Brittany",male,17.791037157455342,0,0,STON/O 663088,46.78542863796178,F81,Q
5023,1,1,"Stanley, Dr. Veronica",female,49.68299064862286,1,0,27013,36.7042569690179,B31,S
5024,1,3,"Harris, Mr. Anne",male,39.95706981756012,0,1,CA 210530,1.8522170414688992,,S
5025,1,1,"Christensen, Dr. Natalie",male,28.22914760308426,0,0,A/5 907292,17.68394510405094,C180,S
5026,0,3,"Weaver, Mrs. Kerry",male,53.901096589354026,0,0,91147,58.92675730677273,,S
5027,0,2,"Fields, Master. Robert",male,50.32861033278857,0,1,STON/O 971672,15.770788337765845,,C
5028,0,3,"Collins, Mr. Timothy",female,26.77004748201522,1,1,39174,45.11197879479759,,Q
5029,1,3,"Miller, Mr. Angela",male,24.252085490266666,0,0,48562,46.30456490198425,,Q
5030,0,2,"Tanner, Dr. Jennifer",male,24.92690461743712,1,0,76584,18.2013672552285,,S
5031,0,3,"Cooper, Mr. Jason",male,16.66154765643497,0,0,A/5 985590,42.384285111697366,C191,C
5032,0,3,"Thomas, Mr. Eric",female,54.275642278540275,0,0,SC/Paris 362654,6.05042023378589,,S
5033,0,1,"Charles, Mrs. Andrew",male,15.910224957175718,0,1,26695,64.90891936664886,,S
5034,0,3,"Simpson, Master. Bruce",female,42.15626041598416,0,0,22629,1.139265551002847,,C
5035,0,3,"Armstrong, Mr. Jennifer",female,39.667603832723614,0,0,STON/O 634281,1.79820037925206,,C
5036,0,3,"Sellers, Mr. Jennifer",male,25.731876304870077,1,0,78690,102.1105150353623,,S
5037,0,2,"Brock, Mr. Thomas",male,55.34063145130231,1,1,38356,43.409230358098434,,S
5038,1,3,"Davidson, Miss. Brandy",male,8.172651504858603,0,1,PC 117134,8.891431829420334,,C
5039,1,3,"Wilkins, Mrs. Jonathan",female,28.884321786295533,0,0,SC/Paris 984053,46.01972962629859,D133,S
5040,1,2,"Malone, Master. Alexander",female,23.153437690832938,0,0,76917,23.089705196805394,,Q
5041,1,3,"Davis, Miss. Kirsten",female,43.44830410379194,0,0,70495,15.72648539713536,,C
5042,0,1,"Gonzalez, Mr. Christopher",male,34.949922101252355,2,0,CA 248520,83.38638836563418,,S
5043,0,1,"Perry, Dr. Andrea",male,5.817867498669106,0,0,62074,32.43820193361248,,S
5044,1,3,"Elliott, Mr. Kristi",male,47.35271221245034,0,1,STON/O 112146,17.36969998679853,,S
5045,1,3,"Flores, Mrs. Gabriella",male,36.796464120943945,1,0,W.E.P. 587597,143.84817128049906,,S
5046,0,3,"Branch, Mr. Amy",male,15.50311393251897,0,0,A/5 444486,9.017687532132893,F180,C
5047,0,1,"Glover, Dr. Nicholas",male,25.104492532990506,0,0,CA 662869,7.658005805760531,,S
5048,0,2,"Cross, Miss. Natalie",male,11.801611190390851,0,0,94276,5.1184641592434685,,S
5049,0,2,"Miller, Mrs. Patrick",male,27.60826764136928,0,0,W.E.P. 543718,6.64425613010145,A50,Q
5050,0,3,"Harris, Miss. Jason",male,32.10165154303752,1,0,77900,14.57012828179534,D119,S
5051,0,3,"Hale, Dr. William",male,25.31493977912472,0,0,STON/O 606304,59.949949329493,,Q
5052,1,3,"Nolan, Master. Scott",male,23.69349700178004,1,0,CA 205593,55.7154134345308,,S
5053,0,1,"Fisher, Miss. Tamara",male,7.421634833283498,1,0,STON/O 602606,72.08225488034863,,C
5054,0,3,"Jimenez, Miss. Lauren",male,34.721380461044916,0,0,STON/O 704229,42.85052778714879,F101,S
5055,0,3,"Barnes, Mr. Chelsea",female,3.057635643918662,0,0,A/5 958470,33.92384216629633,,C
5056,1,3,"Bentley, Mrs. Joe",male,30.435113255321667,0,0,30407,28.271483966905663,,S
5057,0,1,"Murray, Mrs. Cynthia",female,4.811818463545546,0,0,47763,103.82966296941734,,S
5058,0,3,"Moore, Master. Shannon",male,30.707068466808014,0,0,A/5 664593,21.04201076481328,G161,S
5059,0,1,"Smith, Master. Stephanie",male,29.91433393577152,0,0,CA 639153,111.06029781153843,,S
5060,0,2,"Roy, Miss. Peter",male,35.646829547499564,1,0,CA 683165,16.116415076550307,,S
5061,1,1,"Hale, Master. Catherine",male,42.0720000352223,1,0,43507,8.558360168213145,,S
5062,1,1,"Brown, Mrs. Tiffany",male,44.666237911513136,1,0,17636,14.728120980303618,,S
5063,0,1,"Todd, Mrs. Kelly",female,7.459403608736981,0,2,46368,34.56005924758933,B11,C
5064,0,1,"Alvarez, Miss. Mary",male,29.185115256136875,0,0,23209,130.1086782680682,,C
5065,1,1,"Lopez, Miss. Amanda",male,58.153172383840754,2,0,77423,9.758767157208323,B134,S
5066,0,3,"Atkinson, Dr. Tyrone",male,31.6674079589679,1,0,SOTON/O 891160,43.36332275840064,B92,S
5067,0,1,"Brown, Mrs. Heather",male,18.361126035781613,0,0,30959,12.277201422871867,C8,S
5068,0,3,"Mitchell, Master. Stephanie",female,28.884184229849296,1,1,90423,56.60511869142996,,S
5069,1,1,"Hernandez, Dr. Darrell",female,24.628676835603144,0,0,A/5 455837,31.27770157243927,,S
5070,0,3,"Rowland, Mr. Jack",male,13.529585800149846,1,0,PC 219321,66.12612953286,,C
5071,0,3,"Sherman, Master. Anthony",male,42.16745863489811,0,0,68155,96.93489434549925,B73,S
5072,1,1,"Archer, Mr. David",male,38.18093581585507,0,1,41934,20.379152513953027,G35,S
5073,0,3,"Parker, Dr. Gregory",female,11.316872990430209,0,0,W.E.P. 861874,139.18350030559742,,S
5074,0,1,"Lawrence, Mrs. Amy",male,28.694155826563374,0,0,47380,31.595286150093425,F10,S
5075,1,3,"Baker, Mrs. Kenneth",female,22.06950891145028,0,1,CA 316691,137.94162554780704,G6,S
5076,0,3,"Douglas, Mr. Marcia",male,7.577704796650462,1,0,A/5 361979,13.108690519996664,B102,S
5077,0,1,"Miller, Mrs. Matthew",female,10.192527595336205,0,0,28273,113.6929607854766,,S
5078,0,2,"Jordan, Miss. Leslie",male,12.276562466795351,1,0,77406,20.297505894296048,,S
5079,0,1,"Maldonado, Dr. Anita",male,29.181983451800843,0,0,78088,69.46509718941769,,S
5080,0,2,"Noble, Master. Wesley",male,23.588657997153007,0,0,77450,172.38726514902993,,C
5081,0,3,"Garza, Dr. David",female,16.571368530657214,1,0,87244,121.61302402078084,,C
5082,0,3,"Morgan, Mr. Thomas",female,24.513637585306682,0,1,50745,31.148857794659772,D87,S
5083,1,2,"Rogers, Mr. Raven",female,40.46548960583668,0,1,57328,21.148459834360235,,C
5084,0,1,"Porter, Mrs. Morgan",female,34.99374536180878,0,0,93971,47.419600760059936,,S
5085,0,2,"Kline, Mr. Justin",male,44.02616330670664,0,0,STON/O 342687,61.17636189402139,,S
5086,0,1,"Webb, Master. Jennifer",female,26.803619893930517,1,0,64948,38.85326255424258,,S
5087,1,3,"Benjamin, Dr. Daniel",female,52.43580066954301,0,0,65298,94.35051480630132,,Q
5088,0,1,"Berg, Master. Louis",male,34.87311837177889,1,0,94400,3.00167868453343,,C
5089,0,3,"Brooks, Dr. Susan",male,23.15515607322053,1,0,64873,45.76925426638889,B152,C
5090,0,2,"Orozco, Mrs. Janice",male,31.30132533566517,1,1,W.E.P. 280374,37.247596243433065,,Q
5091,0,1,"Leonard, Mr. Carl",male,12.526936663742557,1,0,73969,2.0079825409590555,,S
5092,0,3,"Garcia, Dr. Thomas",female,25.713408092531232,0,1,SC/Paris 597372,0.6396321826767314,C92,C
5093,1,3,"Anderson, Miss. Crystal",male,36.01963922317251,0,0,W.E.P. 322855,46.58668439349586,,S
5094,0,2,"Clark, Miss. Lisa",male,38.56337311338025,0,0,W.E.P. 852574,6.278093999031864,,C
5095,0,3,"Calderon, Miss. Penny",male,24.257728880363246,0,0,W.E.P. 563342,73.16557026515082,,Q
5096,0,3,"Hall, Miss. Meagan",male,68.27446598531688,0,0,44251,149.04108338946367,,C
5097,1,2,"Hall, Master. Matthew",male,27.58909159582596,0,0,63255,9.765248596427984,,Q
5098,0,3,"Peterson, Mr. Katrina",female,6.502483409995854,1,0,CA 120594,80.1167182303391,,C
5099,0,3,"Nunez, Dr. Lindsay",male,46.985740688118966,0,0,STON/O 361934,44.753227271235716,,C
5100,0,1,"Perkins, Miss. Jason",female,38.499782253895475,0,0,SOTON/O 509939,29.704906843279584,,S
5101,0,3,"Smith, Miss. Cassandra",male,33.243643493373504,0,1,SC/Paris 250043,52.53373974766804,,C
5102,0,1,"Cooley, Dr. Kelly",female,23.491107524715108,0,1,CA 331255,81.05987406715865,,C
5103,0,1,"Schmidt, Mrs. Amanda",male,35.50685122437018,2,0,52683,176.41507443767793,,Q
5104,0,3,"Carter, Master. Katherine",male,52.666227443966825,0,0,SC/Paris 195363,54.01307333719561,,S
5105,0,3,"Palmer, Master. David",male,32.82286112276204,0,0,87001,68.70449134966499,F122,Q
5106,0,3,"Summers, Mr. Adam",female,9.419529784647036,0,0,STON/O 842441,46.763359547880754,A108,S
5107,0,1,"Mejia, Miss. Randy",male,0.42,1,0,SC/Paris 351054,41.62566114954798,B16,Q
5108,0,2,"Porter, Mr. Andrea",male,35.3838338489374,2,0,50639,3.348775445671586,,S
5109,1,3,"Torres, Mr. Lindsey",female,16.197210422358488,0,0,94982,8.42532651867143,,S
5110,1,1,"Barrett, Mr. Jennifer",male,28.604021956458745,0,0,W.E.P. 248603,23.841570660919345,E73,S
5111,1,3,"Thompson, Mr. Tara",male,18.672913277812413,0,1,PC 613562,52.42023819944177,G54,Q
5112,1,3,"Taylor, Dr. Julie",male,17.667274221247627,0,0,87018,3.9410256873287772,,S
5113,0,3,"Bowen, Dr. Amy",male,19.28616213399226,3,1,A/5 119483,39.30450770571941,,S
5114,1,1,"Coffey, Dr. Kayla",male,20.551744961168076,0,1,SC/Paris 671936,0.6635078925012228,,Q
5115,0,1,"Torres, Mr. Cindy",male,40.867303838759696,0,0,21132,72.64168082253708,,Q
5116,1,3,"Guerrero, Miss. Amber",female,38.03101310391219,0,1,18148,54.97063766689296,,S
5117,0,3,"Palmer, Master. Aaron",male,13.088156480643576,0,1,58116,36.76885013305174,,S
5118,0,3,"Carrillo, Miss. Danielle",male,14.995713830861881,0,0,98293,42.33154639933645,F119,S
5119,1,1,"Hernandez, Mr. Anthony",male,35.30770666257121,1,0,SC/Paris 846664,134.9738280274422,,S
5120,0,3,"Thompson, Mrs. Ruben",male,44.735033116097306,0,0,A/5 887238,118.59491595811711,G5,S
5121,0,3,"Reed, Dr. Brian",male,44.51997903879776,1,0,CA 312451,78.6918130191986,,S
5122,1,1,"Young, Miss. Ryan",female,15.959276229076758,0,1,PC 302089,20.4907038846078,D104,S
5123,0,3,"Herrera, Dr. Scott",female,43.85036004660314,0,0,59799,5.672259324384981,,C
5124,0,3,"Serrano, Miss. Tanya",female,5.132225119536102,1,0,W.E.P. 126577,19.388499895001214,,S
5125,1,1,"Lamb, Mrs. Tara",male,27.159618161859452,1,2,55486,69.70871697203582,B91,S
5126,0,2,"Sanchez, Miss. Jonathan",female,36.81837019652114,1,2,28269,47.20889188320943,,Q
5127,0,3,"Johnson, Dr. Daniel",female,0.8967298174168832,1,0,68146,61.13598815378688,B196,S
5128,0,3,"Drake, Mrs. Thomas",male,59.29999693719647,0,0,36985,5.564987844717821,,C
5129,0,3,"Sellers, Dr. Patrick",male,48.57373256167262,1,0,55157,8.62530760120195,A97,S
5130,1,2,"Gonzalez, Master. Kimberly",male,39.058055613048246,2,0,STON/O 366614,54.57981453037664,,S
5131,0,2,"Guzman, Mr. Jeff",male,16.4896050940911,1,1,SC/Paris 624775,23.244878326337314,,S
5132,0,3,"Fischer, Master. Tonya",female,29.04654925592014,1,2,SOTON/O 910370,23.037358209684236,,C
5133,0,3,"Taylor, Mr. John",male,41.06588237668231,0,0,17380,24.933281740647757,E104,S
5134,0,1,"Greer, Mr. Sandra",female,14.282738062002606,0,0,CA 686960,79.46703093725891,,C
5135,1,3,"Newman, Master. Penny",male,27.47336076266776,1,1,95136,60.041220048881236,G16,Q
5136,0,1,"Hill, Mrs. Blake",male,42.74537389735375,0,0,18182,5.604472936176893,,S
5137,0,1,"Rodriguez, Mr. Kristina",male,9.075669975177298,1,0,45601,21.10696645139791,E127,S
5138,0,2,"Green, Miss. Joshua",female,34.65394595428637,0,0,PC 798444,56.01715323375323,,S
5139,1,2,"Smith, Master. Tammy",male,5.433225185303474,0,1,CA 551598,186.7549663915589,G110,S
5140,1,3,"Price, Miss. Andrea",female,16.78614542189885,0,1,PC 575026,121.66501173807198,G68,S
5141,0,3,"Allen, Mrs. Justin",male,22.93570352053468,1,0,W.E.P. 449129,14.269129359607625,,S
5142,0,3,"Carter, Mrs. Michele",male,37.1897785780629,1,0,SOTON/O 449047,3.415707637104585,D8,S
5143,0,3,"Burgess, Master. Lance",male,20.188952564913148,1,0,PC 690957,42.5794153625694,D33,C
5144,1,2,"Silva, Miss. Richard",female,31.757677478608112,0,0,71747,26.064874008979626,,C
5145,0,3,"Ford, Dr. Sean",male,20.37880607068474,1,0,86180,10.129686274373,,S
5146,1,3,"Arnold, Mr. Craig",male,22.57136519038787,0,0,11161,52.726976272115266,,S
5147,1,3,"Harper, Dr. Kaitlin",male,47.50926110900609,0,0,44797,8.73856270413723,,S
5148,1,3,"Smith, Dr. Robert",female,13.896805504608661,1,1,41460,21.653231604493406,F3,S
5149,1,3,"Mills, Master. Hunter",male,40.62815563526058,0,0,89206,79.13192783582467,,S
5150,0,1,"Brewer, Dr. Dominic",male,29.985105603350252,0,0,45552,57.648006330532716,F3,S
5151,0,3,"Henderson, Dr. Peter",male,21.942248355288132,0,0,PC 641258,46.71287669196326,,C
5152,0,3,"Jones, Mr. Brian",male,12.95468034625835,0,1,W.E.P. 271174,133.55706062447757,,S
5153,1,3,"Lopez, Mrs. Susan",female,13.952691700612721,4,0,CA 676311,6.699894139729902,E192,S
5154,1,1,"Mclaughlin, Mr. Brittany",female,19.65896965338875,3,0,87106,58.714672997768055,D83,S
5155,1,3,"Simon, Mr. Kaylee",male,27.89923829890401,0,0,CA 581750,6.240068736646189,,C
5156,0,3,"Reyes, Master. Aaron",female,38.44913490618962,0,0,38230,7.330807058694404,E24,Q
5157,0,2,"Rivera, Mrs. Melinda",female,25.796650361086925,1,0,A/5 117303,35.304126683884,C96,C
5158,1,3,"Herrera, Miss. Jo",male,26.733648073648936,1,0,SC/Paris 905102,1.2202826388659573,D39,S
5159,0,2,"James, Miss. Jonathan",female,28.82413687348773,0,0,40027,34.75729069528863,,S
5160,0,2,"Le, Dr. Kenneth",female,36.674887680142206,0,0,30291,0.47620335657519375,,S
5161,0,2,"Morrison, Master. Douglas",male,39.02723946875115,1,0,68256,46.11733179051785,F187,S
5162,0,3,"Romero, Mrs. Jessica",female,10.58248334199413,0,0,SC/Paris 923880,18.699043529359695,D2,C
5163,0,2,"Wade, Master. Caleb",male,26.050954063593636,1,0,48583,4.346838599518868,,S
5164,0,3,"Fischer, Mrs. Frederick",male,47.183656242870896,0,0,41866,75.89803244430257,,S
5165,0,2,"Nunez, Mrs. Brooke",female,11.57432064792064,0,0,31489,24.708679232064288,,S
5166,1,1,"Kemp, Mr. James",female,31.040380466285427,2,0,W.E.P. 136573,29.351153391559272,,S
5167,0,1,"Turner, Mrs. Victor",female,27.60818394684507,3,1,78070,23.458494800965468,,Q
5168,0,1,"Bell, Mrs. Kelly",male,22.066541740887438,1,1,CA 818421,4.366772541586226,,S
5169,0,3,"Lawrence, Miss. Alexis",female,52.270957114607015,0,1,75117,30.80164680841645,,S
5170,1,3,"Singleton, Dr. Chloe",male,30.515701324150243,0,0,A/5 155864,54.746656574850746,,S
5171,0,1,"Mercado, Miss. Patricia",male,51.15603100722039,0,1,18476,116.84651970354003,,S
5172,0,1,"Herrera, Mr. Alejandro",male,30.07878087342174,1,1,CA 900370,72.15447034098568,,Q
5173,0,3,"Harper, Mr. John",male,36.44358245044825,0,0,STON/O 929460,4.130420837762766,,C
5174,0,2,"Smith, Master. Kristine",male,21.918898875022272,0,1,W.E.P. 735024,9.06435525990622,,C
5175,0,3,"Smith, Mr. Roger",male,22.07468854583145,0,1,44805,2.2931001903229395,,S
5176,1,3,"Mcdaniel, Dr. Charles",female,35.73086542348404,0,0,PC 536696,6.356997283938622,,S
5177,1,2,"Williams, Mrs. Claudia",female,35.987764406870276,3,0,19053,32.74707330116397,,S
5178,0,2,"Miller, Miss. Kara",female,38.37181893228596,1,0,STON/O 611144,12.406405753125675,,S
5179,0,3,"Ross, Master. Angela",male,35.27349601736405,0,0,59712,52.197172840972186,,S
5180,1,1,"Nguyen, Mr. Raymond",female,11.290107021942813,0,0,82369,1.6450853073478537,,S
5181,0,1,"Haynes, Mr. Steven",female,18.71083852602618,1,0,37357,97.3317421662551,,S
5182,1,1,"Bennett, Dr. William",male,41.89920040608173,1,1,PC 313262,56.60438346070363,,S
5183,0,3,"Webster, Miss. Zachary",female,2.5814848843532765,0,1,SC/Paris 163024,173.8140918937041,,S
5184,1,3,"Miller, Master. Terri",male,34.09650138107845,0,2,STON/O 258403,152.70016347242114,,S
5185,1,1,"Hall, Miss. Robert",male,28.433678613031464,1,0,CA 817434,59.03336301956222,,C
5186,1,3,"Collins, Miss. Michael",male,41.89414614461303,0,0,55624,8.601384702372386,,Q
5187,1,2,"Wilson, Master. Andrew",female,35.83269660499057,3,1,45027,12.55674242969676,,S
5188,0,3,"Farmer, Mr. Greg",female,20.704276084081535,0,0,SC/Paris 861458,16.257566885440145,E188,S
5189,1,1,"Smith, Dr. Daniel",male,20.069099463776713,0,0,W.E.P. 680920,27.815050860189196,,C
5190,0,3,"Hoffman, Dr. Amanda",male,22.68103137804313,1,1,89594,42.30006173758081,G144,S
5191,0,3,"Price, Dr. Nathaniel",female,38.12088266318879,2,0,STON/O 826116,57.37962261958391,,S
5192,1,1,"Hess, Master. Nicholas",female,0.42,1,2,10378,3.9325342831510013,B118,S
5193,1,2,"Jordan, Miss. Patricia",male,32.20331222099886,0,0,PC 143230,47.150761901515935,,S
5194,1,2,"Smith, Dr. Alexander",male,17.63751577881686,2,1,STON/O 424118,3.0505342807112936,D11,C
5195,0,2,"Fuller, Dr. Nicholas",female,32.671694169301595,0,2,57981,87.73077394719202,,S
5196,1,2,"Montes, Miss. Jonathan",male,34.822969011047164,0,0,85889,2.0632392147470218,,S
5197,1,3,"Roman, Mr. John",male,6.727427838998377,0,0,57358,24.71871416327672,D175,S
5198,0,3,"Arnold, Mr. Alyssa",male,26.823870021991162,1,0,35895,27.234797001402516,C56,C
5199,0,1,"Cochran, Dr. Ashley",female,32.17798499520345,0,0,60790,42.24339306323062,,C
5200,0,3,"Mcmahon, Miss. Justin",female,31.231301333852066,1,0,SOTON/O 117038,5.015746606783044,A68,C
5201,0,3,"Sanchez, Mr. Ashley",male,28.289186656376494,0,0,75425,135.23088946094776,,S
5202,1,3,"Rodriguez, Mrs. Sara",male,12.907574722603837,0,0,92449,24.16104218336664,,S
5203,1,2,"Powell, Mrs. Allen",male,15.039207570948413,0,0,49590,25.22546835234614,,Q
5204,1,1,"Hughes, Master. Peggy",male,10.707337481446096,0,0,83932,13.925345963959943,D40,S
5205,1,3,"Ruiz, Master. Jessica",male,37.75663799175655,1,0,CA 179766,75.86960625087708,B167,Q
5206,0,2,"Bell, Dr. Samantha",male,28.382008214707582,1,1,W.E.P. 573554,0.38958554157513764,,S
5207,1,3,"Murphy, Miss. Jessica",male,29.275454649902017,1,1,15357,5.613891879109565,F1,S
5208,0,3,"Miller, Master. Nichole",male,6.123091786171482,0,0,A/5 380691,31.815832412719757,E84,S
5209,1,1,"Carlson, Miss. Elizabeth",female,29.529560838343127,1,0,PC 198065,172.57025997980142,E135,S
5210,0,1,"Walls, Mrs. Ryan",male,38.87091900775756,0,1,64970,1.8118210887269706,,C
5211,1,3,"Mcgrath, Miss. Isaac",male,4.2142459559600915,1,1,68846,3.199831410125012,G186,S
5212,0,3,"Pacheco, Dr. Andrew",male,22.50431237757041,4,0,PC 357955,62.74447075117522,,C
5213,0,3,"Moore, Mr. Edward",male,8.015112158372723,0,0,67528,66.48542127613771,,S
5214,1,1,"Wilson, Master. Amanda",male,24.11605095378158,0,1,54513,113.62061806319221,,S
5215,0,3,"Torres, Miss. Anthony",male,17.38611343400708,0,1,SC/Paris 729775,42.97537812826191,E86,S
5216,0,3,"Brown, Dr. Erin",male,35.33272367098244,0,1,61428,25.838006817281073,,S
5217,0,3,"Norman, Miss. John",female,32.36935388796948,1,1,A/5 473058,29.98961617322194,A62,S
5218,1,1,"Ortega, Dr. Gwendolyn",female,48.08106167887662,1,0,35574,28.23903214483697,,S
5219,0,2,"Martin, Dr. Susan",male,29.242910109793087,0,0,PC 162029,181.5997462522273,,C
5220,0,2,"Hawkins, Master. Jeanette",male,34.738829229459824,1,1,SC/Paris 320645,23.908862961947566,,S
5221,0,3,"Phillips, Mr. Karen",female,22.192095256921313,1,1,W.E.P. 439096,5.0500179241450756,F67,C
5222,0,3,"Gonzalez, Miss. Curtis",female,14.557094882799895,1,0,40155,17.098167060891754,A146,S
5223,0,3,"Martin, Mrs. Brittany",male,41.68667408566121,0,0,STON/O 355515,161.05442391809478,D145,S
5224,0,3,"Acosta, Master. Sarah",female,47.40557074965912,1,1,A/5 758883,27.952366424370855,,S
5225,0,1,"Shields, Master. Lori",male,39.87917978933554,0,0,SC/Paris 481594,18.995273872379858,B176,S
5226,0,1,"Flores, Master. Matthew",female,31.837193723813456,1,0,STON/O 278411,18.60785478543159,,S
5227,0,1,"Fitzpatrick, Miss. Lauren",male,16.36269023720613,0,0,57708,0.4552968547410569,A8,S
5228,1,2,"Simpson, Master. Carmen",female,45.98279442797725,0,0,32673,50.13572522183169,,S
5229,0,3,"Watson, Master. Ruth",female,38.11313041891817,0,0,20759,64.41671195815152,,S
5230,0,3,"Fletcher, Master. Katelyn",male,58.34830053061224,2,0,30729,21.766654995503774,,C
5231,1,1,"Franklin, Master. Laura",female,13.838064696641307,1,0,16435,103.09632518891003,,C
5232,0,3,"Madden, Mr. Joshua",male,42.07593101746332,0,0,CA 354068,67.91270928625073,,S
5233,1,3,"Ho, Miss. Shane",male,37.68749106824717,1,2,SOTON/O 384739,45.923351788316786,,S
5234,0,3,"Hurley, Dr. Megan",male,25.211619196527217,0,0,SOTON/O 144493,60.838844646916556,,S
5235,0,1,"Doyle, Mrs. David",female,49.093688322843455,2,0,62938,73.36493654654404,,Q
5236,0,3,"Thompson, Dr. Joshua",male,35.632832077943675,0,0,STON/O 338341,37.43826711909692,,S
5237,1,2,"Ellis, Master. Lindsey",male,16.883497601536845,0,2,48077,25.358360206567788,,S
5238,1,3,"Casey, Miss. Melissa",male,28.343253772158267,1,0,STON/O 593093,6.717376648806983,G157,S
5239,0,2,"Phillips, Mrs. Tracey",male,16.715976700556425,3,1,56730,25.955046976520908,D2,C
5240,0,1,"Johnson, Dr. Ashley",male,23.44077998460281,0,0,89236,39.93604101642941,F146,Q
5241,1,3,"Joseph, Miss. Michael",female,39.85356614955626,1,0,SC/Paris 977718,147.69506516218934,E65,S
5242,0,3,"Rice, Master. Robin",female,43.849836633279025,0,1,96139,8.414717329662949,D134,S
5243,0,3,"Hall, Master. Jeffrey",male,33.09697267305111,0,0,76772,70.72621163529735,,S
5244,1,3,"Potter, Master. Rebecca",male,19.49895172774655,0,0,W.E.P. 716378,13.768162799592773,,Q
5245,1,1,"Hart, Mrs. Mary",male,35.342517885534996,1,0,83792,157.33485712308334,,S
5246,0,1,"Jones, Mrs. Kenneth",male,40.12759493140692,1,0,55332,45.16967590857033,,S
5247,1,3,"Roth, Master. Jill",male,2.3904355666439514,1,0,74121,28.350665932566642,A113,S
5248,1,2,"Atkinson, Mrs. Kenneth",male,31.63070285043284,1,0,STON/O 934697,21.295540779500826,,S
5249,0,3,"Boone, Dr. Jonathan",male,27.337342822409365,0,0,A/5 713034,11.281240023433604,,C
5250,0,2,"Fritz, Mr. John",male,43.35195757573401,0,0,STON/O 776202,62.67525537801154,,Q
5251,0,1,"Ochoa, Miss. Jonathan",female,35.39964830806099,0,1,SC/Paris 668824,50.52569820288784,G99,S
5252,1,3,"Martinez, Mr. William",female,36.780923820618995,2,1,84265,110.43436077487874,,Q
5253,1,1,"Leon, Mr. Albert",male,23.25324647066653,0,0,76174,45.48293109999682,,Q
5254,0,3,"Edwards, Miss. Joseph",female,30.023124039854103,1,0,CA 695975,9.304663348055037,A180,S
5255,1,3,"Johnson, Dr. James",male,43.211589577254436,0,0,31585,57.416441948016484,,S
5256,0,3,"Summers, Mrs. David",female,29.091683738416126,0,0,97233,105.5130251401726,,S
5257,0,3,"Alexander, Mr. Ellen",female,32.445373780242036,0,0,SOTON/O 620077,232.62550844989468,A153,C
5258,0,1,"Mendoza, Mr. Veronica",female,8.496597821811076,0,0,20056,57.76960568740639,,S
5259,0,3,"Hill, Dr. Brandon",male,29.04043949141898,1,2,STON/O 841449,17.091845684822694,,S
5260,1,3,"Hayes, Dr. Amanda",male,1.8320004465144706,0,0,SC/Paris 873972,41.664366998776536,,S
5261,0,3,"Black, Master. Chloe",male,22.773971828984408,0,0,PC 731150,36.17866384572865,C84,C
5262,1,3,"Mendez, Master. Maria",male,30.88921780817659,1,1,CA 641847,35.86980345176039,,C
5263,0,3,"Jackson, Dr. Pamela",male,40.73843112278399,0,0,54024,4.094130215883798,D114,S
5264,0,3,"Hamilton, Mr. Joanna",male,16.011760791672337,1,1,24092,10.817451134756109,,C
5265,1,3,"Ford, Miss. Tony",female,35.23157800858143,3,1,PC 980527,37.129064910302354,C57,S
5266,0,2,"Doyle, Mr. Lori",male,50.558907661069796,1,0,CA 984754,80.01941782100083,,S
5267,0,1,"Nguyen, Master. Renee",male,21.029585879981287,0,1,23708,10.031593749475935,,S
5268,0,3,"Scott, Mr. Eduardo",male,8.341259095882798,0,0,37743,8.97317076587511,,Q
5269,1,1,"Garcia, Mrs. Lisa",male,34.05775939879924,0,0,CA 321375,71.32567927933498,,S
5270,0,1,"Odonnell, Mrs. Paula",male,13.3120419084919,1,2,17559,58.648586664597225,,S
5271,0,1,"Rose, Mrs. Mariah",male,18.534019971370725,0,0,68332,33.18992089202939,,C
5272,0,3,"Scott, Dr. Michael",male,42.9267171838348,1,1,W.E.P. 439701,2.583716901230884,,S
5273,0,2,"Summers, Mr. Evelyn",male,56.276589855273535,0,0,SC/Paris 946103,31.997538009524483,A190,S
5274,1,3,"Ramos, Miss. Matthew",female,15.990338371219208,0,1,50231,90.04566739444643,,S
5275,0,2,"Poole, Master. Brenda",male,19.676123639784212,1,0,A/5 533476,0.533915800658189,,C
5276,0,3,"Sanchez, Dr. Dylan",female,23.84183452627653,1,0,31099,5.413037480000608,,S
5277,0,2,"Pennington, Dr. Travis",male,22.330687250644026,1,0,CA 232370,82.86216048434625,,S
5278,0,3,"Patterson, Mrs. Andrew",female,57.06609519336848,0,0,PC 260522,37.23801883080704,,S
5279,1,2,"Price, Mrs. Cynthia",male,22.57205038437099,2,1,PC 121076,54.274978298439024,B109,C
5280,0,3,"Hodge, Mrs. Roger",male,24.571473196634194,0,1,CA 135629,68.33475106453501,,S
5281,1,3,"Hatfield, Master. Chris",male,52.626484624447556,0,0,11725,17.848604037557077,C141,S
5282,0,3,"Guzman, Mrs. Steven",male,38.07346836155021,0,1,W.E.P. 522305,17.682219013017548,,S
5283,0,3,"Willis, Dr. Rhonda",male,43.80258926128943,0,0,SOTON/O 703161,15.323251427250947,A17,S
5284,1,2,"Cox, Mrs. Deborah",male,17.31441977768652,0,0,A/5 388562,9.151374207341576,E193,S
5285,0,3,"Turner, Dr. Eddie",male,22.577484435539695,1,0,50393,18.17374400190169,,S
5286,1,3,"Meyer, Mr. Lori",male,15.443942992494556,0,0,SOTON/O 955772,152.7002148413661,,S
5287,1,3,"Le, Master. Jennifer",female,41.21766164450142,0,0,W.E.P. 270434,4.494937443917661,,S
5288,0,3,"Coleman, Mr. Max",female,47.15340490896821,0,0,A/5 309812,13.763709899497309,,C
5289,0,3,"Henderson, Mr. Michael",male,21.60315883145882,2,1,72038,19.137558319991363,F142,S
5290,1,3,"Peters, Miss. Tyler",male,24.90062147934013,1,0,26979,8.3509206854554,B194,S
5291,0,2,"Miller, Miss. Mark",male,25.51313908945879,1,0,39072,4.02806082124107,,S
5292,0,3,"Miller, Mrs. Sarah",male,8.338864094105539,0,0,81704,8.828377288414508,,S
5293,0,3,"Moore, Mrs. Jacob",female,20.56649091136485,0,0,11988,37.51753190640468,,S
5294,0,3,"Smith, Dr. Laura",male,40.825727006690414,0,0,W.E.P. 746434,45.410237332547226,,Q
5295,1,2,"Vazquez, Dr. Valerie",male,17.744140937768684,0,0,CA 964096,12.119863741887862,,Q
5296,0,3,"Miller, Master. William",male,31.301746070869832,1,0,SOTON/O 705484,35.039193771125746,A20,C
5297,0,3,"Jackson, Mr. Joe",female,11.687734357501807,4,0,74379,0.3124537174789918,,S
5298,0,1,"Gonzalez, Mr. John",male,27.983987244195852,0,0,STON/O 783980,46.06750004689506,,S
5299,0,3,"Morgan, Master. Jason",male,22.11350383579589,0,0,SOTON/O 996785,0.0652766155167461,E43,S
5300,0,2,"Wagner, Mrs. Andre",female,12.89659922702726,3,0,29735,51.469703393892864,A54,S
5301,1,3,"Acevedo, Mrs. Scott",male,41.06540534617156,0,0,93495,33.016697379986844,B49,S
5302,0,3,"George, Mrs. Melissa",male,41.85278305681426,2,0,11760,5.785923974819268,A105,Q
5303,1,1,"Odom, Mrs. Jennifer",female,16.42645802869635,1,0,55558,4.627954553266759,,Q
5304,1,2,"Robinson, Dr. Daniel",male,26.97343150128782,0,0,93217,0.3456944751901345,,S
5305,0,3,"Johnson, Mrs. James",female,30.62046156301429,1,1,PC 964123,40.108480911378194,B49,S
5306,0,1,"Potter, Mrs. Christopher",male,4.593334980210109,0,0,46242,82.1366491397347,,C
5307,0,3,"Maldonado, Mr. Megan",male,10.440701830483551,0,0,STON/O 408617,97.08625797517271,,C
5308,0,3,"Patton, Miss. Andrew",female,48.00798210913493,1,0,52015,42.10989657043748,,S
5309,1,3,"Sanchez, Master. James",male,15.088223448964012,0,0,58668,109.09268173108684,,C
5310,1,1,"Jones, Master. Thomas",female,47.61456351552374,1,0,39124,99.01765821543984,C166,S
5311,0,3,"Morris, Master. Deborah",female,11.164208558633366,0,0,PC 106592,59.903285130364914,D71,S
5312,0,3,"Summers, Miss. Kimberly",male,39.22358887996564,1,0,84870,22.555802867912604,,S
5313,1,1,"Johnson, Dr. Deborah",female,25.641756494855308,1,0,PC 771606,87.77879441428126,A10,C
5314,1,1,"Morris, Master. Heather",female,27.609272231838865,1,1,22164,24.85242283788686,,C
5315,0,1,"Moreno, Master. Mary",male,55.983102789475495,1,0,90285,25.814060966594038,,C
5316,0,3,"Jones, Master. Joseph",male,12.441387119538454,0,1,94241,56.67184524306852,B100,C
5317,0,1,"Wang, Master. Seth",male,38.32717474765499,2,1,42121,131.49802110945913,C57,Q
5318,1,1,"Alvarado, Dr. Kimberly",male,37.74885528980951,0,0,32360,34.6593370217384,,S
5319,0,3,"Cannon, Mrs. Jason",male,76.96402744832929,0,0,A/5 779917,9.75280879091676,A35,C
5320,0,3,"Chung, Dr. Andrew",male,14.920168516753598,0,0,W.E.P. 602783,7.683976365315708,,S
5321,0,3,"Salazar, Dr. Nicholas",male,21.236212890951887,0,0,PC 481181,17.993893350845923,,S
5322,0,3,"Collins, Mr. Matthew",male,41.42291200165576,0,0,CA 337513,30.592607643872107,,S
5323,0,1,"Richards, Dr. Cheryl",male,27.196305971173917,1,1,SOTON/O 931411,17.667050044430653,,S
5324,1,3,"Stein, Mr. Bobby",male,23.51728660575551,0,0,26180,62.22547759412084,,Q
5325,0,1,"Bowen, Dr. Ryan",male,43.40516083652432,0,0,21940,39.11554260852549,,S
5326,0,3,"Dalton, Miss. Matthew",female,26.268041891747913,1,0,60221,26.10540788836566,,S
5327,0,3,"Farley, Mr. Stephen",male,17.513973014660152,0,0,STON/O 485471,12.002086318799808,A85,S
5328,0,1,"Hall, Miss. Matthew",male,40.16694216666774,1,1,W.E.P. 878912,46.49602070169212,,Q
5329,0,3,"Thomas, Dr. Todd",male,35.25403211239005,0,0,STON/O 727076,56.058262501543574,,S
5330,0,3,"Riley, Miss. Dennis",male,25.62014766151633,0,1,W.E.P. 207494,76.66336819148746,,S
5331,0,1,"Brown, Dr. Leslie",male,24.9557787373597,0,0,A/5 794353,234.6805814209466,,S
5332,0,3,"Nguyen, Mr. Jennifer",female,17.191307530832116,0,0,SOTON/O 446946,13.154582426075567,,Q
5333,0,3,"Adams, Miss. Daniel",male,40.151355971614784,0,1,45194,0.7613612785576809,C14,S
5334,0,3,"Gibson, Dr. Jesus",female,24.958490558438754,0,1,79839,34.70182050757212,,S
5335,1,3,"Gutierrez, Mrs. William",male,19.222157349968622,0,1,22706,128.85431062318278,F16,Q
5336,1,3,"Davis, Mrs. Timothy",male,12.002227659314038,0,0,42841,14.301591440737443,,S
5337,0,1,"Martin, Dr. Haley",female,35.4901610107237,0,0,SOTON/O 565565,70.50377835909822,F103,S
5338,0,2,"Ross, Mr. Kimberly",female,22.879838295218036,0,1,PC 782440,19.247184414250672,E167,S
5339,1,3,"Williams, Master. Annette",male,1.8225456041529995,0,0,60435,24.813279892159674,,S
5340,0,1,"Murphy, Miss. Debra",female,13.15423694498335,0,1,SOTON/O 175869,147.56219814652604,A29,S
5341,1,3,"Johnson, Master. Fernando",male,26.729642900774245,1,1,SOTON/O 505351,30.903641872140614,,S
5342,1,2,"Johnson, Miss. Bryan",female,27.12247269115965,2,0,STON/O 755857,64.60782194587887,,C
5343,0,2,"Patel, Miss. Cole",male,26.59040849481089,1,0,PC 539454,39.90921801578821,,S
5344,0,1,"Young, Mrs. Krystal",female,24.64141443805414,1,0,W.E.P. 156797,72.17612849260898,,S
5345,1,3,"Johnson, Miss. Kimberly",male,9.338047881690244,0,1,SOTON/O 458514,19.089786703842275,,S
5346,0,3,"Pierce, Dr. Chelsea",male,17.756320661913286,0,0,SC/Paris 166521,104.7357958049071,,S
5347,0,2,"Wright, Miss. Micheal",female,46.57287781077742,0,0,41688,39.805794130613556,,S
5348,0,3,"Jackson, Dr. Keith",male,44.50719377594292,1,0,15023,18.492416557355885,,S
5349,0,1,"Yang, Dr. Gary",male,38.09132495281672,1,0,SC/Paris 247320,1.9473695141568177,,S
5350,1,3,"Hall, Master. Brian",male,36.853036456569356,0,0,65761,0.6648144610746517,F170,S
5351,1,1,"Tran, Mrs. Elizabeth",female,42.66658271291688,0,0,A/5 190054,21.798775349386275,C80,S
5352,1,3,"Green, Mr. Robert",female,14.308873675110595,1,1,PC 729092,12.148211741180376,E70,S
5353,0,3,"Solomon, Mr. Amber",female,30.460997134597285,0,2,96306,2.705863036296164,,S
5354,0,3,"Wilson, Mr. Caleb",female,14.316259890942554,1,0,99350,40.24264165485822,B118,S
5355,0,2,"Taylor, Dr. Katie",male,14.559197423286173,0,1,11733,224.54315371843845,,S
5356,0,3,"Manning, Miss. Jennifer",male,35.152909128457175,0,0,W.E.P. 329241,27.437340288250688,,S
5357,0,3,"Mercado, Master. Melissa",male,43.254506147902255,2,1,CA 543121,40.160707493166406,,S
5358,1,3,"Christian, Dr. Shelley",male,27.286112118084468,0,0,55536,12.41051095299904,,Q
5359,1,2,"Strickland, Dr. Julie",male,53.08600605093302,1,0,PC 643124,11.46541397480781,,S
5360,0,2,"Mcdaniel, Mr. Jerry",male,32.964980578637515,0,0,32678,19.90264150612108,,S
5361,0,3,"Howard, Dr. Cory",male,19.125002546168837,0,0,A/5 612192,90.10612910123099,C120,C
5362,0,1,"Hunt, Mr. Joseph",female,14.785800273768592,0,1,STON/O 230015,161.66945787784172,E175,Q
5363,0,1,"Hayes, Mr. Teresa",male,44.253840778586024,1,0,SOTON/O 654918,67.300869624328,,C
5364,1,1,"Carlson, Mr. Amanda",female,31.798427620357412,1,0,W.E.P. 977070,1.0385252674965801,,S
5365,0,3,"Ross, Dr. David",female,39.46466329437275,1,0,SC/Paris 848517,28.849451630716583,,S
5366,1,1,"Hernandez, Master. Sharon",female,0.42,0,0,94165,27.296944732680295,,S
5367,0,3,"Gordon, Mrs. Edwin",female,33.425408480857136,1,0,CA 480593,136.82271299619643,A32,S
5368,0,3,"Silva, Miss. Brandon",male,22.83516136105268,0,0,A/5 859433,68.43613476640749,E3,C
5369,1,1,"Riggs, Mr. Matthew",female,10.487366497163897,0,0,PC 753671,62.65652935596234,B26,C
5370,0,2,"Pearson, Dr. Natasha",female,29.122447198722046,0,0,A/5 870952,41.59473256297953,,S
5371,0,1,"Perry, Mrs. Danielle",male,45.285389471162375,1,0,64211,51.89959795844762,,S
5372,0,3,"Alexander, Dr. Holly",female,61.72719600987606,1,1,PC 544081,59.96729869349959,C93,S
5373,0,3,"Warner, Dr. Shelly",male,33.39013370251514,1,0,A/5 407024,40.21017111075216,,S
5374,1,3,"Sullivan, Miss. Sarah",male,20.071947740538686,1,1,SOTON/O 726030,93.16119457252542,,Q
5375,0,1,"Wise, Mr. Christopher",male,19.226964208741464,0,1,A/5 784017,1.8796230486061167,,S
5376,1,3,"Williams, Dr. Terry",female,43.483853068912794,0,0,W.E.P. 352224,141.8349296588681,F46,S
5377,0,3,"Ponce, Miss. Thomas",female,16.043762331859508,1,0,SC/Paris 343819,74.26987950858206,,S
5378,0,3,"Moyer, Dr. Brenda",female,38.71398331338868,2,0,28146,37.64080736563605,B27,S
5379,1,3,"Cordova, Mrs. Ashley",female,34.11153665943465,1,0,SC/Paris 636292,98.42294061297811,,C
5380,0,1,"Romero, Master. Dale",male,32.56341948636031,0,0,92042,88.00738902299811,,C
5381,0,3,"Trujillo, Master. Christian",male,8.046339741668909,0,0,33346,27.183821951836922,,S
5382,0,2,"Dominguez, Mr. Jody",female,25.00258516883145,0,0,STON/O 786321,91.57166134714963,,C
5383,0,1,"Harding, Master. Todd",male,9.585790920993421,0,0,71798,10.433567898180362,,S
5384,0,3,"Glass, Miss. Melissa",male,21.76453638156528,1,0,SC/Paris 169603,31.668658976881346,,C
5385,1,3,"Berg, Miss. Brittany",male,42.83994126128717,0,1,CA 434453,13.216400818997428,,S
5386,0,3,"Robinson, Master. Ronald",male,47.23481064697791,0,0,21013,6.642193511630764,,C
5387,0,1,"Kelly, Miss. Rachel",female,32.995281092872396,1,1,A/5 361592,112.50103737644166,,S
5388,1,2,"Erickson, Dr. Adam",male,22.015232825924205,0,0,STON/O 659264,22.860038058691305,,C
5389,0,3,"Gomez, Dr. Michael",female,52.23339065304586,0,0,PC 201306,57.66136604429543,F95,C
5390,1,3,"Stout, Miss. David",female,21.82973112741348,0,0,A/5 123523,23.508078560542266,,S
5391,0,1,"Edwards, Mrs. Mary",male,14.100389114673938,0,0,W.E.P. 203847,39.27658530140423,D39,S
5392,0,3,"Houston, Mr. Paula",male,39.750761550834966,1,1,48954,21.38875039991265,E142,S
5393,1,2,"Patel, Miss. Jonathan",male,36.40827659597589,0,0,PC 411020,67.88081372456813,,S
5394,0,3,"Tucker, Mr. Jennifer",female,22.40393724703823,0,1,36285,77.1973894251373,,S
5395,1,3,"Hill, Master. Kelly",male,31.40315321397394,1,0,25029,28.152688926637765,,S
5396,0,2,"Jackson, Mrs. Jennifer",male,36.19023984392482,2,1,49805,98.16769950893315,,S
5397,0,2,"Kane, Dr. Victor",female,32.85150377472543,1,0,82991,21.94879530268466,C96,Q
5398,0,3,"May, Miss. Michael",male,36.42514536950413,0,0,96683,71.87113476529373,,Q
5399,0,3,"Mcneil, Mrs. Makayla",female,22.91999193816036,0,0,CA 224998,52.50021677562173,,C
5400,1,3,"Gonzalez, Mr. Marcus",female,37.36743061935439,1,0,SC/Paris 153591,30.438558559584344,,Q
5401,0,3,"Wilson, Miss. Holly",male,30.245809726165948,1,1,56497,109.87431819912901,,S
5402,1,1,"Olson, Dr. Michelle",female,23.39465269849105,0,0,PC 544652,42.4612138201858,,S
5403,1,3,"Mosley, Dr. Lisa",male,26.557613328734153,1,0,SOTON/O 397964,91.68615657939431,A70,S
5404,0,1,"Downs, Miss. Evelyn",female,28.62937429705815,2,0,CA 666466,66.08793788934135,,S
5405,0,3,"Freeman, Miss. James",female,9.764703281142094,2,0,STON/O 242552,38.02573420998087,,C
5406,1,2,"Meyer, Mrs. David",male,21.086770548021004,1,0,43654,19.757448892012604,,S
5407,1,3,"Schroeder, Dr. Cheryl",male,30.908677218299,0,0,48103,150.9364356681501,,S
5408,0,2,"Howard, Mr. Danielle",female,11.086125504556065,1,1,97660,2.920979846692648,,S
5409,0,2,"Serrano, Dr. Daniel",male,21.321068734595872,0,0,26765,112.44570113460128,,C
5410,0,2,"Jimenez, Miss. Steve",female,63.38502969720621,0,0,STON/O 848174,35.300776732806625,,S
5411,1,3,"Cannon, Mr. Kristine",male,14.190382892503283,0,0,40873,69.06356654638539,,S
5412,0,3,"Molina, Miss. Jonathon",male,24.62660522289399,0,0,A/5 998560,20.333156956045034,,S
5413,1,3,"Jones, Dr. Lonnie",female,18.327958100597762,0,1,PC 926420,24.242441735080593,C76,S
5414,0,2,"Santiago, Mrs. Sarah",male,28.363819944653287,1,1,PC 370904,10.582427720714783,,S
5415,0,3,"Jensen, Mr. Annette",male,18.59114319611028,0,0,CA 487804,154.3274681987155,,S
5416,0,3,"Rodriguez, Mrs. Madison",male,26.594596273905942,3,1,97406,2.2132211358435168,,S
5417,0,1,"Wilkinson, Master. Austin",male,19.940341507901497,0,0,CA 107996,24.45566123560394,,C
5418,0,2,"Stone, Mr. Kelsey",female,44.771789429177545,1,1,W.E.P. 279133,20.375927128096784,A156,Q
5419,0,3,"Harrison, Dr. Walter",male,31.142918528073654,1,0,SC/Paris 153819,83.85291839479808,,C
5420,0,2,"Ward, Mrs. Andre",female,15.958382802514919,1,0,CA 794395,34.81656261192399,F23,C
5421,0,2,"Adams, Mrs. Rebecca",female,41.771151333657706,0,0,PC 885117,9.262540982000315,,S
5422,0,3,"Ball, Dr. Mark",female,16.58426737557842,1,1,CA 708180,35.56685757739658,,S
5423,1,1,"Boone, Miss. Kimberly",female,8.102877355236885,1,0,CA 698194,13.460452117938823,,S
5424,0,3,"Hunter, Master. Ashley",male,29.957405175940696,1,1,45309,0.8630623320696152,,S
5425,0,3,"Gray, Dr. Wesley",female,56.701701940759705,0,1,79812,39.322921899082104,E156,S
5426,0,3,"Terry, Mrs. Mary",male,4.412702195177577,0,1,SC/Paris 533334,22.346218495962255,,S
5427,1,3,"Marshall, Mr. Lisa",male,11.366169098032643,1,0,44261,13.648791862182353,,S
5428,0,1,"Bryant, Master. Michael",male,40.535359284251825,1,0,A/5 568823,9.451483740148111,,S
5429,1,3,"Perry, Dr. Sarah",male,21.007500405432555,0,0,27221,30.22875821160838,E25,S
5430,1,2,"Thomas, Mrs. Christina",male,38.56727994145161,0,0,STON/O 993506,101.86541739489098,A112,C
5431,0,3,"Wise, Master. Christopher",male,18.275155302812742,0,0,W.E.P. 475671,70.96759694885488,B17,Q
5432,0,3,"Jones, Miss. Eric",male,31.98747048372847,0,0,W.E.P. 339244,0.23203497453656727,D77,S
5433,1,3,"Moore, Master. Steven",male,54.42263495539684,0,1,CA 753985,65.68011152455773,,Q
5434,0,3,"Ball, Dr. Diana",male,13.275744941693809,0,1,43328,3.7750975974665772,,S
5435,0,2,"Yates, Mr. Lauren",female,44.33265134192226,0,0,STON/O 516660,39.70380696087681,G184,Q
5436,1,1,"Pearson, Mrs. Justin",male,39.51589515284922,0,0,STON/O 391658,75.71693224494622,B85,S
5437,0,3,"Lewis, Dr. Christina",male,9.150580484615276,0,0,W.E.P. 350539,30.19197996873741,,C
5438,1,1,"Davis, Mr. Karen",male,37.82460733238483,0,0,51196,23.63600496977257,,S
5439,0,3,"Berg, Mrs. Michael",male,31.019285804076485,0,1,29516,140.23335757697893,,S
5440,1,1,"Thompson, Dr. Kimberly",male,31.275316138792213,1,1,W.E.P. 103100,1.48514673469063,,S
5441,0,3,"Collins, Miss. Tyler",male,34.71124593032384,0,1,STON/O 991795,5.60106074502996,,S
5442,0,1,"Jacobs, Mr. Olivia",male,25.09487817817873,0,1,17921,102.13746684064935,,C
5443,0,3,"Thomas, Mr. Heather",male,30.98138542519357,0,0,SOTON/O 546267,108.68212067350844,E10,S
5444,1,3,"Ferguson, Master. Monica",male,33.38033395056404,0,0,SC/Paris 836565,23.31908762833198,,C
5445,0,3,"Mitchell, Miss. Jerry",female,40.4448111443974,0,0,W.E.P. 979542,38.84785526324213,C157,S
5446,0,2,"Reynolds, Mrs. Jonathan",male,8.619745532706865,0,0,13368,8.980019766635817,A185,C
5447,0,3,"Wang, Master. Troy",female,48.07240255087546,2,0,STON/O 827033,107.82884814265674,,S
5448,1,2,"Stanton, Miss. Carrie",female,13.825935197171017,0,1,W.E.P. 652080,31.655660903945083,,C
5449,0,2,"Fernandez, Dr. Rachel",male,40.66279849804942,1,0,53253,41.51577149271315,,S
5450,0,2,"Miller, Mr. Sheri",female,31.11223138981892,1,2,47452,6.281564270513784,E160,C
5451,0,3,"Prince, Master. Mary",female,12.063811200818233,0,0,56103,47.70255206234901,,S
5452,0,1,"Davidson, Mr. Sara",female,37.39403657585606,0,2,30424,59.507624540574135,,C
5453,0,3,"Orozco, Miss. Nathan",male,16.764307051267604,1,0,SOTON/O 300863,17.457882039363053,,S
5454,0,3,"Garcia, Mr. William",male,44.96313777220696,0,1,80916,113.23906325185867,,Q
5455,1,1,"Cowan, Master. Martin",male,20.048312260982584,2,0,STON/O 674088,11.401828629357686,F157,S
5456,0,3,"Phillips, Dr. Phyllis",male,9.070194633524714,0,0,85743,113.83674099386639,,S
5457,0,3,"Smith, Master. Chad",female,51.47383147050813,1,0,A/5 663370,60.75913522829741,,S
5458,0,1,"Smith, Mrs. Debra",female,32.538531397316724,1,0,44545,88.84871262478975,,S
5459,1,3,"Mcfarland, Mr. Monica",male,42.14067576065842,2,0,97175,60.04681732936415,,S
5460,1,3,"Lee, Master. Gregory",female,18.079393697452858,0,0,65883,27.96782899941875,,S
5461,1,1,"Larson, Master. Pamela",female,3.5146524860851898,0,0,77859,20.1414401814515,,S
5462,0,3,"Blackburn, Dr. Logan",male,53.452833937228874,0,0,A/5 135159,66.22668397705354,,S
5463,0,2,"Adams, Mr. Laura",male,29.910024629494718,0,1,A/5 818459,17.702766983490854,,C
5464,0,2,"Porter, Mr. Kimberly",male,36.87892651828965,2,1,STON/O 576245,3.192641735698168,,S
5465,0,3,"Simon, Mrs. Danny",female,39.19234092837577,0,0,CA 589748,14.184953353150714,,S
5466,0,3,"Welch, Miss. Katie",female,25.304525257780348,1,0,PC 242461,70.37264446572644,,C
5467,1,3,"Clark, Miss. Natasha",male,33.16721366661723,0,1,W.E.P. 159272,78.80522789570348,E114,S
5468,1,3,"Keith, Mr. Steven",male,52.31533629507622,0,0,SC/Paris 596038,16.190165193042958,,S
5469,1,3,"Davidson, Master. Barry",female,29.545822795689375,1,0,70755,19.869123744226265,,C
5470,0,3,"Herrera, Miss. John",female,43.18941842987405,2,0,23537,39.85194191811279,F75,S
5471,1,1,"Lozano, Miss. Scott",male,2.1225422795712987,0,1,A/5 460779,15.188425473324429,E37,S
5472,0,3,"Stout, Master. Shawn",male,45.732648824469,0,0,PC 245170,46.592255700954716,,S
5473,0,3,"Figueroa, Mrs. Kurt",female,8.691939827916372,1,1,69891,16.56731857782853,,C
5474,1,1,"Allen, Mrs. Daniel",male,44.13172353646901,0,0,86218,6.441424086580623,,C
5475,0,3,"Garcia, Mr. Shirley",male,35.4688370863178,0,1,CA 690575,8.411007759292103,C163,S
5476,0,1,"Edwards, Miss. Michael",female,28.657110534965707,1,1,70793,14.42078463969477,,C
5477,0,3,"Coleman, Master. Kim",male,28.605764903088982,0,0,W.E.P. 373932,9.190473419187283,E37,C
5478,1,3,"Gross, Mrs. Joseph",female,26.461764692997313,1,0,26556,183.14627247241913,,S
5479,1,3,"Webster, Master. Ryan",male,18.51062672779011,2,0,SOTON/O 944509,53.70142670431052,,Q
5480,0,1,"Walter, Mr. John",male,27.116332099179353,3,0,97320,9.877367007744269,,S
5481,1,3,"Sanders, Mr. Jessica",male,60.91282708512725,1,0,CA 457302,27.573973882756093,B178,S
5482,0,1,"Brown, Mrs. Monique",male,48.23229395098622,0,0,16272,15.675950267124,,S
5483,0,3,"Taylor, Miss. Lisa",male,17.805955500685926,0,0,81844,57.68452913741088,,S
5484,1,3,"Tucker, Master. Audrey",female,33.747623632582034,0,0,SC/Paris 514931,100.97434000857639,C38,Q
5485,1,3,"Hunter, Miss. Amber",male,31.34370828531004,2,0,SC/Paris 143629,25.61021274782777,G57,C
5486,1,3,"Wilkerson, Mrs. Brandon",female,28.0078917978646,0,0,SOTON/O 317647,28.00404441356254,,S
5487,0,3,"Boyd, Mr. Rick",male,15.96111420707529,1,0,29536,25.413621471602628,,S
5488,1,1,"Blair, Mr. Kevin",male,36.24257178729313,0,0,STON/O 650140,29.821407309202886,E117,S
5489,0,2,"Nunez, Mrs. Casey",male,41.845002818804915,1,1,A/5 867753,1.8255069083056537,,S
5490,1,3,"Lopez, Mr. Rachael",female,18.325418409065076,0,0,SOTON/O 835500,44.8985685672273,C76,S
5491,0,3,"Osborne, Dr. Christina",male,57.3775798420489,1,2,63459,151.86727683304215,,S
5492,1,1,"Jones, Mr. Jennifer",male,51.308045489297754,1,0,PC 176586,76.93092292453899,F148,S
5493,0,3,"Berry, Dr. Jennifer",female,37.67431782531725,0,0,PC 863054,98.8122754888728,,S
5494,0,2,"Sullivan, Dr. Breanna",male,12.755924162636614,0,0,STON/O 852383,13.01216077446716,,C
5495,0,2,"Chavez, Dr. Kelly",male,35.619720763783874,1,0,CA 491156,46.720196313412536,F31,C
5496,0,3,"Herrera, Miss. Kari",male,33.94769202190251,1,0,67131,111.73249805657663,,S
5497,0,2,"Contreras, Mrs. Robert",female,37.18417386705895,1,1,24908,3.5536609011011744,,S
5498,1,1,"Rose, Mrs. John",male,52.2664998120563,0,0,CA 510533,104.88206209028202,A127,C
5499,0,1,"Fields, Mrs. Mindy",female,27.536363235367315,1,1,42943,3.333745059035441,,C
5500,1,3,"Ellison, Dr. Samuel",female,58.66957211518041,0,0,30918,203.92874224313204,,Q
5501,0,3,"Elliott, Dr. Jeremy",female,35.691060843912496,1,0,W.E.P. 781874,4.382663002108375,,C
5502,0,3,"Trevino, Dr. Jason",male,25.93351554074229,0,0,16174,22.940648134477332,G49,S
5503,0,2,"Graves, Mr. Joan",female,63.59128089388976,2,0,75227,2.8098983069287993,,C
5504,0,3,"Armstrong, Master. Carl",male,41.61848660028126,2,0,SC/Paris 591689,2.9224094710730877,B151,S
5505,0,3,"Boyd, Master. Kristen",male,23.633725582595382,0,0,49928,100.60192319407987,,S
5506,0,3,"Cisneros, Mr. Anthony",male,31.179032245250195,1,0,SOTON/O 309837,3.286000491790358,,S
5507,0,3,"Lee, Master. Ann",female,38.893262305963475,1,0,PC 276465,78.66049054001671,,S
5508,0,2,"Griffin, Master. Mathew",male,27.887945625005216,0,1,97921,118.69390271364341,B136,C
5509,0,3,"May, Miss. Sara",male,31.874710166629303,1,0,23648,136.70676289791226,,C
5510,0,1,"Brown, Master. Jillian",female,18.5591495487219,0,0,45447,99.77110944701431,C27,S
5511,0,2,"Kim, Mr. Jack",male,6.407276568689287,1,1,STON/O 190233,155.2375293247494,B144,C
5512,1,3,"Klein, Dr. Sharon",male,31.489870518425967,0,1,58495,2.659146540357556,,S
5513,1,3,"Dixon, Miss. Angela",male,31.960389511162422,0,1,32121,284.32486167982336,,C
5514,1,3,"Flowers, Master. Denise",female,37.37967428180996,0,0,53867,1.0350724324309921,,S
5515,0,3,"Gilbert, Mr. Carrie",male,21.933344100513246,0,1,CA 399900,9.106930766759595,E186,S
5516,1,1,"Harper, Mrs. Jason",male,11.23223987643069,0,1,PC 555928,4.220644652933476,,S
5517,1,1,"Williams, Mrs. Keith",female,16.48545742353712,0,1,A/5 880882,68.12797292908004,,S
5518,1,2,"Keller, Miss. Joseph",male,44.77887259575755,0,0,17163,4.552531142891847,,S
5519,0,3,"Henderson, Mrs. Alyssa",male,20.667441629094,2,0,68899,17.31400213664407,,C
5520,1,3,"Gilbert, Mr. Linda",female,23.810866198747334,0,1,SC/Paris 848913,50.81611655089519,G192,S
5521,1,1,"Dunn, Mrs. Ashley",male,25.626210106364432,2,0,STON/O 201061,34.45942893229987,C147,S
5522,0,3,"Harper, Mrs. Richard",male,21.330133629984935,0,0,68397,7.322176951216283,,S
5523,1,2,"Hall, Master. Stephen",male,20.295048414540332,2,1,65734,36.858653120372956,E30,S
5524,0,3,"Smith, Mr. Laura",male,17.804270095126654,1,0,59008,20.825999462028225,,Q
5525,0,3,"Long, Mr. Gabrielle",female,49.6091920439548,0,0,63511,44.08712447475073,,S
5526,0,1,"Crawford, Mr. Donna",male,39.52140956680102,1,0,W.E.P. 405738,38.663220442588305,,S
5527,1,3,"Mendoza, Dr. Rachel",male,47.469490824103325,0,0,SOTON/O 715433,227.85316325948935,F131,S
5528,0,3,"Warner, Mr. Megan",female,50.290756590451736,0,0,W.E.P. 535872,99.57784385851102,,S
5529,0,3,"Riley, Master. Ronald",male,0.42,2,1,SC/Paris 299446,0.18370565755079263,,S
5530,0,3,"Johnson, Mrs. Brandon",male,34.80836498839307,1,1,79844,9.679956932232676,G141,Q
5531,0,1,"Perez, Mrs. Maria",male,21.793499125423537,0,0,95853,122.17147440965068,,S
5532,0,3,"Garcia, Mrs. Benjamin",male,45.635335020946876,0,0,A/5 452600,38.76749790785727,B148,S
5533,1,3,"Lopez, Mr. Samuel",male,19.61940315460414,1,1,SOTON/O 152285,71.24515104351184,E114,C
5534,1,1,"Pruitt, Mr. Patrick",male,15.241903410908066,0,0,PC 290141,35.00926006284549,E44,S
5535,0,2,"Cox, Miss. Brian",male,9.92335795085657,0,1,60049,77.03390912638432,F198,S
5536,0,3,"Garcia, Miss. Anna",female,25.76255124629677,0,0,SC/Paris 202932,7.122753379146827,C66,S
5537,0,2,"Johnson, Miss. Anthony",female,42.80923367539636,1,0,STON/O 193626,66.95180157131867,,C
5538,1,3,"Martinez, Dr. Nichole",male,33.586341036058364,0,0,37682,101.86010208973929,C14,S
5539,0,3,"Anderson, Miss. Isaac",male,13.162924288093986,0,0,86597,15.438411260420526,D84,S
5540,0,3,"Murphy, Master. John",male,60.13722726506647,0,0,PC 297836,22.97224620783064,B71,S
5541,0,2,"Smith, Mr. Amy",male,39.09354095288195,0,0,48139,44.65090750597415,,S
5542,1,2,"Krueger, Dr. Lisa",female,40.88374162060761,0,1,82280,101.33952517077422,C107,S
5543,1,1,"Rodriguez, Master. Jesse",female,47.990403582867216,0,0,A/5 772907,119.1867572059517,,C
5544,1,3,"Weber, Mrs. Heather",male,7.036981759239083,0,0,SC/Paris 763710,38.22417164764318,C87,S
5545,1,3,"Evans, Miss. Pamela",male,17.239922059769643,0,0,STON/O 898938,53.65677179881545,,C
5546,0,3,"Gross, Miss. Eileen",male,41.522158996939815,0,0,39716,103.14321872022323,,S
5547,0,3,"Sanchez, Mr. Taylor",male,18.649663407699325,1,0,SOTON/O 631485,13.152545104501728,A127,S
5548,0,2,"Cortez, Master. Cheryl",female,26.149811388429324,1,0,68547,87.2097488458158,,S
5549,0,1,"Evans, Master. Jennifer",female,28.9116308603618,0,0,STON/O 341731,15.180706096963933,B39,S
5550,0,3,"Bush, Miss. Christina",male,12.116324559181155,1,0,STON/O 398656,43.49469472072401,,S
5551,0,3,"Chen, Miss. Jessica",male,24.94855945012904,2,0,63826,136.4113667034739,,S
5552,0,2,"Washington, Master. Jeffery",male,42.80304504292565,0,1,77066,35.820260134271884,,S
5553,1,1,"Higgins, Master. Rhonda",female,40.21235445744978,0,0,PC 489416,4.9032679156658725,,S
5554,0,1,"Thomas, Mrs. Jessica",female,45.58220526754455,0,0,34062,113.07685831495972,,S
5555,1,2,"Hunt, Miss. Michael",male,44.138262233071146,0,0,CA 306201,43.970135258223856,,S
5556,1,3,"Patterson, Miss. Jesus",female,35.68223495983618,1,1,66578,3.6904471578900826,,S
5557,0,3,"Jacobs, Master. Tammy",male,34.5734989763358,0,1,SC/Paris 776983,0.5292160619411481,,S
5558,1,3,"Carter, Mr. Dorothy",male,33.54663064149265,0,0,24880,15.142008285397305,B197,S
5559,0,3,"Griffin, Master. Leroy",female,21.22133965844455,0,0,SOTON/O 934643,6.408072107150101,,S
5560,1,3,"Hernandez, Miss. Marcus",male,15.58077386791141,0,0,51821,49.50153366606884,,S
5561,0,3,"Campbell, Mrs. Samantha",female,20.345637154321395,2,0,92841,45.40567266965236,D22,S
5562,1,1,"Lee, Miss. Jordan",male,25.435589568195436,0,0,32835,91.90515102952396,,C
5563,0,3,"Booker, Dr. Julie",male,20.818436773601135,3,0,59574,36.01166882332463,,S
5564,0,1,"Knox, Miss. Richard",male,35.79364433877482,0,0,26667,14.592599876824472,,S
5565,1,2,"Clark, Miss. Leonard",male,32.82653302489952,1,0,A/5 365870,2.5795413449342055,D13,Q
5566,0,1,"Adams, Miss. Donna",male,34.33052898208305,1,0,37186,0.528015678508322,,S
5567,1,3,"Thompson, Master. Nicole",male,34.91971292282091,1,0,SC/Paris 159588,130.03494194904306,,C
5568,1,2,"Arnold, Mr. Stephanie",male,46.73929512898346,1,0,46297,7.804190298215275,,S
5569,1,1,"Richards, Miss. Monica",male,29.879979506580593,0,0,STON/O 692940,34.57689808229607,B45,S
5570,1,3,"Rodriguez, Miss. Michelle",female,44.11717207368456,1,0,77253,79.1843622958751,,C
5571,1,3,"Serrano, Miss. Annette",male,37.23219501170834,1,0,45203,131.99603041133247,,S
5572,0,3,"Reid, Miss. James",female,45.8148695128912,1,0,W.E.P. 223848,11.263271613854997,,S
5573,1,3,"Leonard, Miss. Jeffrey",male,52.60481768141201,2,0,79879,13.193883462564923,,Q
5574,1,1,"Ortiz, Mrs. James",male,38.07309411970698,1,0,90099,9.907280532259213,,S
5575,1,1,"French, Master. William",male,31.45275549540798,2,2,43782,8.654075698735895,,S
5576,0,3,"Andrews, Master. Kevin",male,31.362309444206314,0,0,69283,30.344364115936205,B81,S
5577,1,3,"Warner, Miss. Anthony",male,23.41767488613426,0,1,77822,50.51705514091594,,S
5578,1,3,"Smith, Mrs. Michelle",male,22.947189947935215,0,0,W.E.P. 678485,61.253154959526945,,C
5579,1,3,"Coleman, Dr. Matthew",male,42.62964028636149,0,0,33353,19.815253720648446,,C
5580,0,3,"Murray, Dr. Kathy",female,16.508615905734217,0,0,PC 689050,48.88322194944776,,S
5581,0,3,"House, Mrs. Michael",male,52.60681689787117,1,0,37396,0.1185745565210236,,S
5582,0,2,"Lee, Dr. Scott",female,27.875874459343724,3,0,SOTON/O 105767,109.58491441656746,,C
5583,1,1,"Roman, Master. Katie",male,70.0690905037194,0,0,70098,101.91581202259891,D169,C
5584,1,3,"Hampton, Dr. Gina",female,20.29638402438536,0,0,CA 234139,39.27250949890401,,C
5585,0,1,"Sparks, Miss. Matthew",female,33.502644879724684,1,0,W.E.P. 580426,13.944067595903062,,C
5586,0,2,"Goodman, Mr. Daniel",female,25.074110216522133,0,0,STON/O 442983,179.18549209169686,,S
5587,0,1,"Nguyen, Mrs. Lisa",male,18.896822718394198,0,1,11628,83.20568823322823,,Q
5588,0,2,"Sanders, Mr. Brandi",male,44.89320491230206,0,0,SOTON/O 492710,0.8549702146750531,,Q
5589,1,1,"Grant, Mrs. Lauren",male,14.522241278430712,1,0,35585,31.710075015706774,,S
5590,1,1,"Landry, Mrs. Alan",male,20.534956902360715,1,0,A/5 793731,5.3836166502775145,,S
5591,0,3,"Newman, Mrs. Ryan",female,38.20847592480875,1,0,PC 885981,7.092056228344401,,S
5592,0,3,"Allen, Master. Henry",female,40.42945135329167,1,0,W.E.P. 477099,0.06546103696413003,,S
5593,0,3,"Greene, Master. Leslie",female,10.513604102814707,1,0,SOTON/O 317338,58.191573874263945,,C
5594,1,3,"Snyder, Mrs. Travis",male,38.143476393015234,0,0,62564,14.552417500430112,B166,S
5595,0,1,"Clements, Miss. Deborah",female,31.804598787828745,0,0,W.E.P. 498791,18.180855969378797,E135,Q
5596,0,2,"Moore, Dr. Courtney",male,17.151872989938582,0,1,STON/O 216999,2.408787979354354,G76,Q
5597,0,1,"Walton, Miss. Terry",male,18.955658505302242,0,0,PC 943162,0.39881208459178863,C85,Q
5598,1,3,"Romero, Master. Sarah",female,1.531680008722386,1,0,A/5 144464,78.68491624381173,C11,S
5599,1,3,"Armstrong, Mrs. Amy",male,54.04422198916609,0,1,STON/O 685572,54.14820716306333,,C
5600,1,1,"Gutierrez, Master. Steven",male,44.2158858096781,0,1,31150,24.089115341015578,,Q
5601,0,2,"Davis, Dr. James",male,11.951969857504935,0,0,99452,3.6230667549894444,,S
5602,0,3,"Lee, Mr. Scott",male,41.18470741908514,0,1,70631,74.76264342797424,A52,S
5603,0,3,"Brown, Mr. Robin",male,21.963687184704668,0,0,PC 345235,130.42536731011947,,C
5604,1,3,"Kennedy, Miss. Tyler",male,42.807347508895795,0,0,PC 758431,37.47860373199243,,C
5605,0,2,"Brown, Mrs. John",female,23.054970031772847,0,0,17462,7.479972675951341,,S
5606,0,1,"Berger, Master. Amanda",female,24.913042668488583,0,0,85650,52.854276676200804,G23,Q
5607,1,3,"Hall, Miss. William",female,25.963138251392692,0,0,W.E.P. 597152,3.7101731719166566,,S
5608,1,3,"Parrish, Miss. Ray",male,20.797025216741616,2,1,A/5 176806,9.047813973241594,,S
5609,0,3,"Collins, Miss. Michelle",female,49.58979925326626,0,0,SOTON/O 908385,31.81306942742194,,S
5610,0,3,"Brown, Dr. Isaac",female,42.5793779031407,1,1,78352,14.319685632351858,,C
5611,0,3,"Mccormick, Miss. Arthur",male,31.53927953666591,0,0,W.E.P. 970552,133.11622019107187,G100,S
5612,1,3,"Ramirez, Mrs. Chris",male,44.34395429580134,0,0,A/5 397979,82.74030200551323,,S
5613,1,2,"Phelps, Dr. Brandy",male,7.220995986563572,0,0,67430,16.201182870491536,,S
5614,0,2,"Ramirez, Mr. Jordan",male,12.801577100285549,0,0,92576,165.92681426214244,,S
5615,0,3,"Schaefer, Mr. Kristina",male,36.64376667301148,1,1,41285,23.764479884728555,,S
5616,1,2,"Gonzalez, Mr. Jessica",male,40.29751178131044,0,0,A/5 693903,42.00969582609762,,C
5617,1,3,"Kim, Mrs. Frank",male,33.91170564758052,0,1,11958,41.507124411232596,,S
5618,0,3,"Atkins, Mrs. John",male,3.64227454890354,0,0,PC 325601,52.43200860447309,,Q
5619,0,3,"Cooley, Dr. Melanie",male,15.127316659271532,0,0,CA 491910,13.961135629180617,C112,C
5620,0,2,"Gonzalez, Mr. Linda",female,35.83228613105836,0,0,37786,127.58524248998042,,S
5621,0,2,"Whitehead, Dr. Carla",female,63.97061204937774,0,1,59374,15.440329337619804,,S
5622,1,3,"Hill, Mr. Leah",male,47.05077731081799,0,2,PC 724273,54.657490368233944,,C
5623,1,3,"Diaz, Mr. Danielle",male,52.082260178590815,1,1,14847,72.5706317697124,G153,S
5624,1,3,"Ewing, Mr. Tammy",male,34.756155910664184,2,1,83273,106.64694405478954,,Q
5625,0,3,"Davis, Mr. Zachary",male,34.65487373105128,1,0,30008,30.52641423136762,F54,S
5626,1,2,"Horton, Dr. Rebecca",male,15.531203458414936,0,0,89299,62.18501324149898,A182,S
5627,0,3,"Summers, Mrs. Theresa",female,43.32550874272264,0,0,SOTON/O 752306,4.46277054002261,,C
5628,0,3,"Maldonado, Mr. Tamara",male,28.97545616442596,0,0,33882,75.25835214294794,,C
5629,0,3,"Higgins, Miss. Jennifer",female,39.698253256492066,0,0,11908,70.45911496133441,,Q
5630,0,1,"Rose, Master. Michael",female,30.429608940333086,0,0,91179,26.432911836212792,,S
5631,1,2,"Thomas, Mrs. Gabriel",male,33.907657946510355,0,0,A/5 492335,18.8043699512571,,C
5632,0,3,"Shaffer, Mrs. Darlene",male,28.77180637181929,0,0,69202,23.917915290525862,,S
5633,0,3,"Mccall, Dr. Brian",male,33.144745769520505,1,0,SC/Paris 493769,4.746664706050064,,S
5634,0,3,"Rivas, Master. Joshua",male,44.00107180563323,0,0,62545,50.77871525823681,,S
5635,0,2,"Atkinson, Dr. Stephanie",male,12.272786593030865,1,0,95321,122.11088098053821,,S
5636,0,1,"Suarez, Mrs. Michael",female,9.09908603158846,3,0,22983,54.78974484619802,,S
5637,0,3,"Garcia, Mr. Alexander",female,35.962104086944585,0,0,PC 684295,43.4370462294162,,S
5638,1,1,"Thomas, Mr. Amy",female,50.16804017070663,1,0,CA 158968,233.9092018103549,E38,C
5639,0,3,"Wright, Dr. Elizabeth",male,53.69842463521515,0,0,W.E.P. 253506,39.026636574475724,A161,S
5640,0,3,"Walters, Mrs. Deanna",male,12.858256952058994,0,1,W.E.P. 746072,21.219486250848203,,S
5641,0,3,"Evans, Mrs. Eric",male,24.359766304366772,1,1,75303,60.98163362969772,,S
5642,1,2,"Jacobs, Mrs. Victor",male,9.29098643777127,1,0,PC 216497,36.84738917613922,B28,C
5643,0,3,"Cruz, Miss. Jo",male,22.29143723058032,1,1,W.E.P. 769371,178.93753309369876,,S
5644,0,2,"Hunt, Mr. John",female,45.71987333069106,0,0,58435,114.11711481754128,,S
5645,0,2,"Nash, Dr. Gregory",male,29.819515030182405,0,1,28261,146.72402186814563,,S
5646,0,3,"Little, Dr. Ronald",female,24.76576288526697,0,0,19275,0.05112488791162638,,S
5647,0,3,"Clayton, Mr. Heather",female,37.63120058975694,0,0,45089,20.339138578752035,,S
5648,1,3,"Guzman, Dr. Regina",male,18.869270742667403,0,0,28623,49.338413082698644,,S
5649,1,1,"Palmer, Dr. Nicole",female,52.301697108346005,2,0,A/5 682900,18.431491593935903,,S
5650,0,1,"Walker, Dr. Jeffrey",male,30.101989611380628,1,0,STON/O 447624,53.42021983479215,,Q
5651,1,1,"Crawford, Dr. Natasha",male,24.37488059856141,0,1,80848,62.754822325290725,D39,S
5652,1,1,"Ward, Dr. Matthew",female,38.215889287138566,3,0,A/5 953337,48.81316898992799,E109,S
5653,0,3,"Moran, Mrs. Paige",male,43.150006242954646,2,0,A/5 666235,30.648544302902604,,S
5654,0,2,"Harris, Miss. Amber",female,52.343653362089626,0,0,W.E.P. 331181,59.660339037805386,,C
5655,0,3,"Ponce, Master. Larry",female,27.0604353123857,0,1,SC/Paris 289707,75.79200796290704,,Q
5656,0,2,"Hill, Mrs. Juan",female,45.204791317712036,2,2,W.E.P. 517830,59.550982156720124,,S
5657,1,2,"Raymond, Mrs. Abigail",female,31.41696256659996,0,1,63845,83.56653788033424,,Q
5658,1,3,"Rodriguez, Mrs. Katherine",male,21.44067970636827,1,1,37870,147.11137384788864,,S
5659,1,2,"Montgomery, Mrs. Jon",male,19.124638593940716,0,0,52754,5.407737794715916,,S
5660,1,2,"Lewis, Dr. Jeffrey",male,14.642231789137941,0,0,72706,118.44664420201052,,C
5661,0,2,"White, Master. Troy",male,19.616284015552402,1,1,PC 988286,15.977133406170463,,S
5662,0,1,"West, Master. Sara",male,45.619892704641174,0,0,52705,41.47919502592697,,S
5663,1,3,"Barnett, Dr. Philip",female,39.89393442500452,1,0,PC 798847,142.68689225127073,G40,C
5664,0,2,"Gray, Dr. Jennifer",male,12.623036816812704,0,0,STON/O 264949,48.388758136473804,,S
5665,0,3,"Flores, Master. Jeremy",female,5.550527116990903,2,1,12153,4.396252162313156,,S
5666,1,3,"Smith, Mrs. Timothy",female,14.427895818850248,2,1,10350,34.58015483077735,,C
5667,1,3,"Burton, Dr. Daniel",male,19.12569308453992,0,1,SOTON/O 269532,112.38033481187337,F88,S
5668,1,1,"Brooks, Mrs. James",male,25.75428005192188,0,0,CA 853730,26.55945403709418,,S
5669,0,3,"Ross, Mrs. Caroline",male,46.420089322121996,1,0,STON/O 920882,94.17990218852195,,Q
5670,1,1,"Williams, Dr. Jill",male,22.331963975404665,0,1,71377,79.03842237004858,G95,C
5671,1,3,"Nelson, Dr. Ashley",male,53.52699944248184,0,0,CA 373180,118.45340627667285,,S
5672,0,3,"Fisher, Master. Michael",male,6.477201507500851,0,0,88675,15.263357941142312,,S
5673,1,1,"Vega, Dr. Joshua",female,25.119144709327713,0,0,STON/O 374301,34.31405293820527,,C
5674,0,3,"White, Mr. Scott",male,40.99768136790962,0,1,PC 270463,20.414213615219285,,S
5675,1,3,"Kelly, Mrs. Laura",female,41.860873533130075,1,0,45303,38.20728441425605,,Q
5676,0,3,"Mcpherson, Mrs. Claudia",female,25.3000046105625,0,1,28997,0.9654047621422798,,S
5677,0,2,"Frazier, Miss. Alicia",male,44.02454807297876,1,0,77256,13.832039456872819,,S
5678,0,3,"Harris, Mrs. Thomas",male,41.37075019509636,1,1,STON/O 777555,182.55270271044444,,C
5679,1,3,"Valdez, Mr. Christopher",female,20.45039476962485,0,0,STON/O 427877,46.20736107980743,C86,Q
5680,0,2,"Mora, Mrs. Caitlin",female,34.40899855822191,0,1,A/5 474195,9.517160791013616,,C
5681,0,3,"Griffith, Mrs. William",male,39.85058597707583,1,0,SOTON/O 820499,35.49613626064913,,Q
5682,0,1,"Haynes, Miss. Lisa",male,21.452513253980452,1,0,CA 733760,59.864257499821115,,C
5683,1,1,"Young, Mrs. David",male,53.720556303768284,0,0,38950,46.28186165322129,,S
5684,0,3,"Santiago, Mr. Jillian",male,18.304932747353,0,0,CA 355475,34.850148223420106,,C
5685,0,3,"Larson, Dr. Bridget",male,32.01730036612317,1,0,92214,56.0369141095965,,S
5686,1,3,"Rose, Dr. Theresa",male,12.503117570126886,0,0,77291,9.132684138819547,A19,C
5687,0,3,"Martin, Mrs. Matthew",female,31.447042781275844,1,0,CA 558899,28.82930441002062,,Q
5688,1,1,"Moore, Dr. Cheryl",male,15.060974975008492,0,0,11093,69.36696855727969,,S
5689,0,1,"Underwood, Master. Jay",male,25.882192021390324,0,1,56425,43.310290145414285,,S
5690,1,3,"Sullivan, Master. Mary",male,7.787634141504647,1,0,33445,118.3718878435999,,C
5691,0,1,"Martinez, Mr. Eric",female,41.197387604560106,1,0,STON/O 982884,29.32785844505196,,S
5692,0,3,"Johnson, Mrs. Sean",male,34.9879206963825,0,0,STON/O 401582,7.088489774575139,,S
5693,1,3,"Hensley, Dr. Thomas",female,45.22374775091379,1,1,45859,2.499401063624328,,S
5694,0,1,"Alexander, Dr. David",male,25.130727695042296,0,1,STON/O 998745,32.45120450144475,,C
5695,1,2,"Wong, Mr. Philip",male,45.87386313633398,0,0,PC 706632,28.774681348361238,,S
5696,0,3,"Thompson, Master. Karen",male,30.5499150355277,0,0,SOTON/O 475986,14.820189717651724,F133,S
5697,0,3,"Harrison, Mrs. Joseph",female,31.584344432002315,1,0,64019,44.64282375785717,,Q
5698,0,3,"Allen, Master. Miguel",male,59.59674655492714,0,0,21909,14.395823522869645,F91,Q
5699,1,3,"Kennedy, Mr. William",male,23.214536490859548,1,0,PC 696664,12.187789604372965,,C
5700,0,3,"Friedman, Mrs. Christopher",female,47.1844264361679,0,0,CA 538561,48.67189825333112,F180,S
5701,0,2,"Romero, Mr. Erik",female,36.715589167666586,0,0,35652,144.9686442731553,C195,S
5702,0,1,"Lee, Mr. Dawn",male,21.993331508563237,1,1,W.E.P. 722182,11.330885665874531,B47,S
5703,0,2,"Moore, Dr. Christopher",female,11.58032753351138,0,0,30612,10.094931188619366,B193,S
5704,0,1,"Ward, Master. Micheal",male,15.536809293623136,2,0,PC 861320,36.63082654584834,,S
5705,1,1,"Davis, Mr. Barbara",male,45.82944716996315,0,0,45095,6.3597549398597755,A140,S
5706,0,2,"Ryan, Mr. Philip",male,54.28159337571739,1,0,SOTON/O 956413,17.413237186263697,,S
5707,1,2,"Walker, Mrs. Jacqueline",male,31.280158644943164,1,1,32689,234.20985986515203,A55,C
5708,0,1,"Sutton, Mrs. Amanda",male,32.01434467669572,0,0,73917,91.95624025902961,,C
5709,1,3,"Ward, Master. Melanie",male,40.870348064190814,0,1,48957,61.22964798937195,,S
5710,1,3,"Key, Master. Christopher",male,31.02622841094459,0,0,SC/Paris 189642,1.3184406223887832,B176,S
5711,0,1,"Nelson, Master. Pamela",male,45.39580053158451,0,2,STON/O 855638,15.399241522305413,,S
5712,1,3,"Dixon, Dr. Christine",male,34.08271150928459,2,0,90046,42.15997192496552,,S
5713,0,1,"Mathis, Dr. Amy",male,31.897578391134196,0,0,PC 957411,61.9421737050447,A175,C
5714,1,3,"Jenkins, Mr. Robert",male,20.211020135082343,0,0,50406,55.187532435032324,G124,C
5715,1,1,"Henderson, Mrs. Kristen",male,16.766260887374045,1,1,67383,10.256696604929502,,S
5716,0,3,"Bennett, Dr. Lisa",female,0.42,0,0,82091,31.394786423873338,,S
5717,0,1,"Frazier, Miss. Chris",male,47.27763519918621,0,0,STON/O 703542,11.063919315296367,A92,S
5718,0,3,"Hernandez, Master. Matthew",male,27.947501226887443,1,1,87070,128.56904344865725,,S
5719,0,2,"Kemp, Mrs. Keith",male,24.394437173699064,0,2,10092,40.756209770026224,B182,C
5720,0,3,"Cortez, Mr. Deborah",female,2.676097850603931,1,0,31667,24.73607235151436,A62,C
5721,0,2,"Burton, Mrs. Angela",male,21.038421279187073,1,0,26567,125.06320016373256,,S
5722,0,1,"Graham, Mrs. Jessica",male,19.196389584039462,0,0,STON/O 571779,117.15006854575101,D82,S
5723,1,3,"Myers, Mr. Craig",male,18.873176778769157,0,1,A/5 916855,35.06910141385204,G182,S
5724,0,1,"Gutierrez, Dr. Daniel",female,34.65970600413679,0,1,STON/O 986339,58.04213694829533,,Q
5725,0,3,"Jordan, Miss. Deborah",male,31.71147974474405,3,0,A/5 634387,19.198260189628517,C138,S
5726,1,1,"Richardson, Dr. Maria",male,10.941856929324125,0,0,SC/Paris 313832,18.38414866128423,,C
5727,0,3,"Hernandez, Master. Leslie",male,11.830224601297342,0,0,21373,39.87676260514162,,Q
5728,0,3,"Phillips, Miss. Mary",male,11.804500267374877,1,0,PC 893930,93.74988248464487,G96,S
5729,0,2,"Garcia, Miss. Anthony",male,55.34736522594048,0,0,CA 772089,45.46078025041555,E49,S
5730,1,1,"Love, Dr. Paula",female,50.89811680168282,1,0,CA 952021,30.72040439431052,B114,C
5731,1,3,"Gonzalez, Dr. Elizabeth",male,18.06781401260563,0,0,W.E.P. 449187,54.55326572846918,,C
5732,0,3,"Taylor, Master. Travis",male,2.3276795200597675,2,0,47208,83.64360933727428,,S
5733,1,3,"Farley, Master. Nathan",male,31.79261940217528,1,1,CA 692400,77.40361233377205,,S
5734,0,2,"Jensen, Mrs. Luis",male,30.6571616273274,1,0,66355,23.14911786815937,,S
5735,1,3,"Melendez, Mr. Donald",male,34.43683781783757,2,0,27340,137.17807602508438,,S
5736,1,2,"Middleton, Dr. Matthew",male,40.37923449468266,1,0,PC 643731,0.7942068524677119,G65,S
5737,1,2,"Miller, Mr. Brandon",female,36.32385534754319,2,0,CA 524341,29.96363428448019,,S
5738,0,3,"Rivera, Dr. Jessica",male,14.369846558996453,0,1,SC/Paris 124536,119.04104707813794,C96,S
5739,0,2,"Torres, Miss. Cynthia",male,34.11657522029625,0,1,A/5 411671,59.537382213095725,,S
5740,0,2,"Burch, Master. Stephanie",female,41.95353005469916,2,1,56900,60.86838503242086,C63,S
5741,1,2,"Collins, Miss. Stephen",male,19.86397587795278,0,1,56370,8.508017664326795,,Q
5742,0,3,"Barnes, Dr. Robert",female,34.19939056258202,0,0,68865,43.620350926631595,B71,S
5743,1,3,"Combs, Master. Emily",male,22.261069955450687,1,0,23010,170.48513255245967,,C
5744,1,3,"Jones, Mrs. Allen",male,57.946376093177214,0,0,76127,11.884177665270222,,S
5745,0,3,"Weiss, Master. Ashley",male,11.42442005586172,1,0,PC 278335,19.813945504969897,,S
5746,1,3,"White, Master. Stephanie",male,46.183285111400416,0,0,33974,24.602016388769414,D196,C
5747,1,3,"Palmer, Dr. Leah",male,6.608621340046231,1,0,PC 956766,22.305590839487675,,S
5748,1,1,"Buchanan, Mr. Anne",female,55.10273759303251,0,0,13827,49.31550436762053,,C
5749,1,1,"Flores, Master. Elizabeth",female,14.018313056058266,1,0,17045,13.366107030475455,,S
5750,1,1,"Rasmussen, Dr. Melissa",male,32.65540161585071,1,0,CA 844100,35.22957454658163,B184,S
5751,0,3,"Williams, Master. Robert",female,7.191295386244732,1,1,W.E.P. 967019,25.561212233996507,,C
5752,1,3,"Rowe, Dr. Ashley",male,11.100264361696048,0,0,STON/O 249591,51.70876866609877,E2,S
5753,0,2,"Reid, Miss. Evan",female,42.568458666744704,1,1,CA 584600,13.849696577780405,,S
5754,1,2,"Davidson, Dr. Karen",male,44.3942723605726,0,0,W.E.P. 347654,40.27379057013102,E142,S
5755,1,3,"Fuentes, Miss. Jeffery",female,33.351025053147055,2,0,SOTON/O 794140,67.4241511358551,C149,S
5756,0,3,"Pierce, Miss. John",male,40.37514331686337,2,1,29066,59.03804660339213,,C
5757,1,3,"Baker, Mr. Mitchell",female,44.628302397155615,1,0,18036,89.87264283253855,,S
5758,0,2,"Hardy, Miss. Kyle",female,20.4215239068096,0,0,18964,156.36104637810618,G46,S
5759,0,1,"Peck, Dr. Cynthia",male,10.414539919564596,2,0,STON/O 164075,96.19675927900069,G27,C
5760,0,1,"Wong, Mr. Jennifer",male,29.808152593160877,2,0,PC 304996,139.19685224336195,A68,Q
5761,1,1,"Mason, Mr. Jennifer",female,21.919183397439085,1,0,67384,0.8832115187810913,B117,S
5762,1,2,"Barron, Mr. Laura",male,35.44070072281393,0,0,A/5 346402,49.568423905504254,,S
5763,1,3,"Riley, Miss. Joshua",male,37.672400569230966,2,0,PC 448162,15.580003992002148,,S
5764,0,1,"Campbell, Dr. Amy",male,20.45688893203007,1,1,49682,82.77286683761005,G18,S
5765,1,1,"Wright, Master. Denise",female,39.8575196015302,0,0,SC/Paris 533820,85.4734055698726,C47,S
5766,1,1,"Figueroa, Master. Christopher",male,39.15793726331832,2,0,STON/O 863220,2.447364758633285,,S
5767,0,3,"Long, Mr. Kathy",male,40.12644610444627,0,0,W.E.P. 322155,45.26200660196573,,C
5768,0,3,"Lang, Mrs. Kimberly",female,24.29090672185169,0,0,W.E.P. 257639,95.15090665292631,,S
5769,0,3,"Medina, Master. Richard",male,40.91891030760005,1,0,CA 235657,44.26545552993617,,S
5770,1,2,"Adams, Dr. Joshua",male,37.280031929452704,0,0,34264,27.71624610303775,,S
5771,1,2,"Bowen, Mr. Dawn",male,38.96258502659185,2,0,SOTON/O 505224,3.9943813223121474,F173,C
5772,1,1,"Butler, Mrs. Isabel",female,53.48903988323937,0,1,56578,65.51699366288575,,S
5773,0,1,"Hartman, Dr. Kim",male,34.588838658955765,0,0,71864,3.878692179956327,,S
5774,1,3,"Gray, Mrs. Michelle",male,21.502528864035458,0,0,SC/Paris 379008,45.55451199645664,,C
5775,0,3,"Saunders, Master. Megan",female,14.4536365660075,1,1,SOTON/O 837503,124.82482125364653,,Q
5776,0,3,"Lewis, Mrs. Kimberly",male,45.7911062399135,1,1,17256,27.15972308155778,,C
5777,1,3,"Wright, Miss. Alan",female,35.002307464496276,1,0,85677,73.51970112437388,,S
5778,0,3,"Oneal, Miss. Robert",male,53.38030783648314,2,0,SC/Paris 633911,80.42464218644383,,S
5779,1,1,"Lawrence, Mr. Daniel",female,1.5862693231934202,0,0,52987,0.5197430457525684,,S
5780,0,3,"Burns, Miss. Mary",male,42.74933922901019,1,0,37571,123.2198934045942,A93,S
5781,1,1,"Watson, Mrs. Wesley",female,26.344077304111206,2,1,80212,10.4607970938397,,C
5782,0,3,"Smith, Miss. Patty",male,25.050706071663605,0,0,34608,16.612946143974042,D195,S
5783,0,2,"Johnson, Mr. Shannon",male,19.292690237919725,0,0,31693,102.30987986350466,,Q
5784,0,2,"Taylor, Master. Heather",female,42.593994194392,0,1,11931,58.01234570871506,D66,S
5785,0,3,"Spence, Mr. Jody",male,38.589506481965145,1,0,A/5 503241,23.249448672320558,,S
5786,1,2,"Harris, Mr. Renee",female,14.006651649447832,0,0,54005,4.59916428279864,G97,S
5787,0,2,"Bass, Mrs. Gary",male,32.308900130950995,1,0,17310,24.406971112082495,,S
5788,1,2,"Murphy, Mrs. Monica",male,39.885600629526586,1,1,77403,169.560723148047,,Q
5789,1,2,"Hamilton, Dr. Richard",female,32.4921473629627,0,0,72470,5.525132707635242,,S
5790,0,3,"Caldwell, Miss. Nancy",male,45.50976420037714,1,0,48438,93.58292721492066,,S
5791,0,3,"Haas, Master. Marcia",female,25.93946038555145,0,0,W.E.P. 810318,19.674455335883227,D147,Q
5792,1,3,"Hill, Dr. Adrian",male,0.42,0,0,49383,53.14730437418057,,C
5793,1,1,"Graham, Mrs. Ashley",male,32.61404585075531,1,0,CA 239528,49.92163313328522,G56,S
5794,1,3,"Odonnell, Master. Kerri",female,32.52876077167112,0,1,W.E.P. 902865,19.695796789089133,C87,S
5795,0,1,"Wilson, Mrs. Paige",male,34.35661095386096,2,1,42214,2.791128263565254,,C
5796,1,1,"Henderson, Miss. Justin",male,45.49770737154782,0,0,A/5 760640,8.056502872779815,,S
5797,0,2,"Hall, Mr. Travis",female,2.6655144538937066,0,0,45121,41.7181186726727,A144,Q
5798,1,3,"Vega, Master. Bradley",male,26.661233739342755,1,0,SOTON/O 444237,148.657445826367,,S
5799,1,1,"Young, Master. Jill",male,17.08279068797828,0,0,STON/O 540252,130.02805648242207,D156,S
5800,0,1,"Rivera, Dr. Christopher",female,13.08757456634121,2,0,34625,6.022173013784211,,C
5801,0,3,"Madden, Master. Rebecca",female,28.987814006119503,0,0,PC 760726,104.06371881419867,,S
5802,0,2,"Dickson, Master. Ann",male,39.825508423929456,0,1,44990,13.316219926041784,,Q
5803,0,3,"Ramirez, Mrs. Matthew",male,34.21325246802823,1,0,62657,120.32574155116119,,S
5804,1,3,"Love, Miss. Megan",female,20.374686085059352,0,0,76816,71.04299191223608,,S
5805,0,2,"Macias, Dr. Molly",male,27.963397606387943,0,0,66704,162.5491365865556,,S
5806,0,1,"Mcdonald, Mrs. Ashley",male,43.018550224814625,2,0,20150,29.14549023978107,,S
5807,0,1,"Montes, Dr. Christina",female,39.563809430840315,2,0,STON/O 290697,65.7611114557148,E172,S
5808,1,3,"Ortega, Dr. Jeremiah",male,22.261219814827186,0,0,26725,66.45316830745499,F157,S
5809,1,3,"Coleman, Miss. Benjamin",male,21.35505074070431,0,1,47593,34.27600029033898,,S
5810,0,1,"Alexander, Miss. Rhonda",female,5.969221751614036,1,0,68854,183.49050132620022,,S
5811,0,1,"Murphy, Mr. Ashley",female,23.9882413298469,0,0,55768,13.963367116938807,,S
5812,1,1,"James, Mrs. Lori",female,5.6989549738607685,0,1,PC 331339,214.2051651055601,,C
5813,1,3,"Keller, Miss. Emily",male,58.93897562340561,0,0,STON/O 736951,83.5972264034071,,C
5814,0,3,"Bradley, Dr. Connor",male,18.02834580386606,0,0,72980,47.86829540811732,,S
5815,0,2,"Washington, Dr. Samantha",female,45.525731974385046,0,1,W.E.P. 247831,3.9297926969377714,,S
5816,0,3,"Copeland, Dr. Victoria",male,55.45348691048787,1,0,30094,15.012220634914328,,Q
5817,0,3,"Wright, Mrs. Cindy",female,33.02681971939184,0,0,W.E.P. 269538,92.03137048279592,C151,S
5818,0,3,"Mcclure, Master. Karen",male,28.59980041058331,0,0,70071,65.12590643121884,B156,S
5819,1,1,"Rose, Mr. Melinda",female,11.486886415228845,1,0,22159,164.42808002333592,,S
5820,0,1,"Sandoval, Dr. Karen",male,22.935598296917142,0,1,PC 803464,25.274267451240817,,S
5821,1,1,"Oneill, Mr. Joseph",male,52.45551067016636,3,1,82256,112.43039541266909,D139,C
5822,0,3,"Johnson, Master. John",male,34.91753681471177,0,0,CA 115049,98.96209194160352,E137,C
5823,1,3,"Mcgee, Mr. Anthony",female,30.396874904423722,3,1,76529,169.26768255130108,G66,S
5824,1,3,"Sullivan, Mrs. Tammy",male,48.36972492845928,1,0,SOTON/O 624142,15.903650527881052,,S
5825,0,1,"Allen, Mrs. Laura",male,39.748067678380025,0,0,STON/O 153219,34.11355938621436,E198,S
5826,0,2,"Moon, Dr. Aaron",male,27.92977593108332,1,0,STON/O 461557,4.221466104630525,,S
5827,1,2,"Oliver, Mr. Larry",male,33.02758169943036,0,0,69966,44.69183400423704,E110,C
5828,0,3,"Williams, Miss. Anthony",female,19.247089475961698,0,0,74084,65.89859039510392,,S
5829,0,2,"Smith, Master. Vicki",male,22.14543095090979,0,0,30953,13.591202194921978,,S
5830,0,1,"Johns, Mrs. Jennifer",male,27.11181919037878,2,0,45093,9.295536413473247,C134,S
5831,1,3,"Mitchell, Mrs. Michelle",male,37.80459487323165,1,1,73947,51.01742190194645,E151,S
5832,0,2,"Andrade, Master. Jason",female,12.536918382339362,1,0,SOTON/O 534764,24.971848922024172,,S
5833,1,3,"Williams, Miss. Karen",female,31.067364625918202,1,1,PC 631844,27.80547270448913,,S
5834,0,1,"Mckinney, Miss. Mikayla",male,24.5419297591171,0,0,17315,31.849700845138386,B37,S
5835,1,3,"Marsh, Dr. Russell",male,17.386990941473137,0,0,72002,35.818166553823886,,S
5836,0,3,"Davenport, Master. Roger",male,24.617118307116836,0,1,PC 703578,10.878330144464872,,S
5837,1,3,"Fleming, Miss. Michael",female,0.42,1,0,SOTON/O 270738,43.10645353171218,B145,S
5838,0,3,"Potts, Miss. Sandra",male,19.393758563602688,0,0,51701,3.5800071643642952,,S
5839,0,3,"Madden, Mrs. Lisa",female,14.607183650936616,1,0,SC/Paris 146426,6.0243089650826,,Q
5840,1,3,"Vang, Mr. Robert",male,26.0811754035893,2,2,20387,62.157933163904275,,S
5841,0,3,"Douglas, Master. Jessica",female,0.42,0,0,W.E.P. 798130,65.73301610303946,A17,S
5842,0,3,"Rhodes, Master. Chris",male,32.672498409132565,1,0,STON/O 618362,15.484172647057722,C19,C
5843,0,2,"Mccarthy, Mrs. Frederick",female,42.731926149696086,0,3,66322,10.20972415401324,,S
5844,0,2,"Deleon, Dr. Christopher",male,28.357850788781413,0,0,CA 543173,2.775251617784858,,Q
5845,1,1,"Dixon, Mrs. Bobby",male,36.98308622766127,1,2,CA 863353,27.14042811413073,,C
5846,0,3,"Daniel, Dr. Gary",female,22.821772210382598,0,1,54884,35.57013984488747,,S
5847,0,3,"Barajas, Mr. Amber",male,8.23530426713777,2,1,92464,114.85960031598788,,C
5848,1,3,"Robinson, Mrs. Joseph",male,30.02367849799914,0,0,STON/O 151050,0.12314943462670934,G117,S
5849,0,1,"Santiago, Master. Joseph",female,39.525297277793065,1,1,W.E.P. 850355,26.032118786940817,,S
5850,0,2,"Benson, Miss. Jessica",male,11.458566241492797,0,0,CA 729306,27.174478334733752,,S
5851,0,1,"Simpson, Mr. Phillip",male,23.486818131494307,2,0,61544,108.82138459442332,,S
5852,1,3,"Larson, Mrs. Michael",male,26.540370387338164,1,0,SC/Paris 982314,10.910273022490385,,C
5853,1,1,"Lee, Master. Jennifer",male,69.91970703398923,0,0,PC 601783,3.4239762629740453,,S
5854,1,3,"Graves, Master. Christie",female,33.12719672607848,0,0,26486,24.03180823889345,,S
5855,0,1,"Proctor, Master. Jessica",male,3.3219698959071167,0,0,A/5 818078,47.37842582627281,,S
5856,1,2,"Short, Miss. Andrea",male,0.42,0,0,60866,97.6472974821194,,C
5857,0,3,"Herrera, Master. Anthony",male,40.2269836236925,1,0,A/5 281898,15.668634785753655,A143,S
5858,0,3,"Torres, Miss. Timothy",male,64.79044766395141,0,1,72193,14.471611250823772,,C
5859,0,1,"Quinn, Mrs. Jamie",female,26.066357215589935,0,1,30411,19.72452727290047,,S
5860,0,3,"Lopez, Dr. Sean",female,25.228525711180872,1,0,SC/Paris 595520,6.2913821749099625,,S
5861,0,1,"Martinez, Mr. Tracy",male,36.03083846676635,0,0,68381,189.08320191222478,A112,S
5862,0,3,"Howell, Mr. Michaela",male,18.823850283168476,0,1,43891,38.89363322716772,,S
5863,0,3,"Miller, Mrs. Cindy",female,0.42,0,0,53898,15.888043859355106,F2,S
5864,0,2,"Mendoza, Mrs. Michelle",male,44.521701449859606,0,1,CA 638862,22.450252803635816,,C
5865,1,3,"Ferguson, Master. Lauren",male,21.415450202374387,0,0,STON/O 272552,100.47940570243681,,C
5866,0,1,"Bishop, Master. Martin",male,44.70165012149919,2,0,W.E.P. 991720,56.00065367923705,G111,Q
5867,1,3,"Kelley, Mrs. Christopher",male,19.346184935650477,0,0,44045,40.282861560279606,,C
5868,0,3,"Anderson, Mr. William",female,31.704907784447535,0,0,CA 861673,64.51419890017236,A12,S
5869,1,3,"Miller, Mrs. Kim",male,41.967647264841716,1,1,SC/Paris 870704,70.49311261578698,,S
5870,0,2,"Turner, Master. Steven",female,44.98491331500621,1,0,36575,10.796653866638614,,S
5871,0,2,"Martin, Mrs. Jessica",male,33.261841344739935,0,0,16159,8.639131937842834,,S
5872,0,1,"Whitaker, Master. Regina",male,32.565347341186,0,0,PC 663788,170.10446798007231,,S
5873,1,3,"Valdez, Mr. Lynn",female,38.67588652250756,0,2,SC/Paris 769247,10.272903749030277,,C
5874,1,3,"Estes, Dr. Alicia",female,36.49837348151813,0,0,A/5 559361,31.252179048290486,C99,C
5875,0,3,"Simon, Mr. Martin",female,11.923472521601617,0,1,45872,203.08625558090344,D155,Q
5876,0,3,"Ponce, Miss. Gabrielle",male,12.190847039746213,0,0,26112,26.996632544473748,,S
5877,1,1,"Henderson, Master. Jesse",female,0.4731725577076844,1,0,A/5 807461,36.164757110586145,,C
5878,1,1,"Baker, Mrs. Matthew",male,40.73111201175505,0,0,STON/O 235065,80.06443448991419,G143,S
5879,0,1,"Griffin, Mrs. Kimberly",male,24.459783168046,0,3,67252,20.8055882234441,,S
5880,0,1,"Gentry, Master. Jordan",male,41.48276143526823,0,0,CA 597755,28.196716173828783,,C
5881,0,1,"Tran, Miss. Lisa",male,35.651948028362874,1,1,89827,20.18633089031769,B125,S
5882,1,3,"Williams, Master. Elizabeth",female,15.966026458006427,2,0,CA 746908,16.94152434617713,,Q
5883,0,2,"Nguyen, Mrs. Jacqueline",female,28.316885930513095,1,0,24250,31.915727265970872,,S
5884,1,1,"Morgan, Dr. Jessica",male,23.632491276702712,1,0,A/5 897131,68.4984880231666,,C
5885,0,3,"Reyes, Miss. Patrick",male,21.470871276310127,0,1,15967,100.97873545078203,,Q
5886,0,1,"Phillips, Mrs. Raymond",female,42.81402255690594,1,0,25208,31.754794938905924,,C
5887,0,3,"Cunningham, Mr. Randy",male,65.15040858766741,1,0,A/5 496989,19.356976839853772,F158,C
5888,1,2,"Cummings, Miss. Nicole",male,45.62685098440967,0,0,STON/O 271049,121.29000866980462,,S
5889,1,3,"Benitez, Master. Robert",male,29.622610856996346,0,0,41271,20.468070389347666,,S
5890,0,3,"Perkins, Mr. Carol",male,47.63310863938574,1,0,CA 553190,74.58380251355464,C19,C
5891,1,1,"Mathews, Dr. Corey",female,53.980637104351246,0,2,PC 234072,69.03936905190726,,C
5892,0,3,"Richards, Dr. Bethany",male,10.506809047655842,0,1,SC/Paris 601035,2.5528646112437,,S
5893,0,3,"Jones, Master. Donald",male,47.14796665907542,0,0,SOTON/O 154199,9.778816717742089,,S
5894,0,3,"Scott, Master. Elizabeth",female,40.77554826240487,0,0,W.E.P. 546115,42.530635167571326,,S
5895,0,2,"Montgomery, Mr. Sandra",male,46.633666793191,0,1,87805,101.10670894154963,,S
5896,0,2,"Fritz, Mrs. Darren",female,41.386024384236606,0,0,82244,45.06925709701797,A50,S
5897,1,3,"Mendez, Miss. Brent",male,26.81179389452203,1,1,SOTON/O 616992,67.87758639161616,,Q
5898,0,3,"Cruz, Miss. Peter",female,58.46018901855874,1,1,W.E.P. 272126,66.29043120126141,,C
5899,1,1,"Ferguson, Mr. Jerry",male,34.754380520150086,1,1,44988,34.09714575591065,G199,S
5900,0,1,"Ortiz, Master. Laura",male,23.919421710280453,0,1,CA 870976,41.14028720610088,,S
5901,1,2,"Cowan, Master. Manuel",male,37.08369221056524,0,1,76497,3.697483049043595,F199,S
5902,0,1,"Gonzales, Mrs. Brittany",male,43.613542624190046,2,0,12567,131.36894078356826,,S
5903,0,2,"Woods, Dr. Michael",female,31.326655062067942,0,0,STON/O 484268,56.09602221064364,,S
5904,0,1,"Chang, Dr. Sherri",male,35.50390936931115,1,0,CA 187211,8.39117344571295,,S
5905,0,1,"Sexton, Mr. Zachary",female,31.237139149451117,0,0,A/5 154682,13.986064163539227,,S
5906,1,1,"Rivera, Mr. Craig",male,20.75893973659099,0,0,80012,0.23314895459830495,B80,S
5907,0,3,"Hall, Dr. Elijah",female,18.494457579211208,0,0,24391,15.326783404297634,,S
5908,1,1,"Armstrong, Mrs. Stephanie",female,10.36057198799778,2,0,69984,19.03531193261245,,S
5909,0,1,"Brown, Mrs. Lori",male,51.252280476654434,1,0,W.E.P. 402833,57.46467911211817,,S
5910,0,2,"Thomas, Mr. Justin",male,26.87215852618474,1,0,STON/O 827338,32.37595118966811,C66,S
5911,0,3,"Green, Miss. Andres",male,0.42,2,0,95113,92.50500134264958,D126,S
5912,1,3,"Valencia, Miss. Laura",male,35.55146310991313,0,1,42145,4.53931256654661,,C
5913,1,3,"Serrano, Dr. Michelle",male,35.26157946310224,0,0,44982,61.38285095357151,,S
5914,0,1,"Hensley, Master. Anthony",male,3.8680524403744627,2,0,A/5 878114,103.92975631746613,,S
5915,0,3,"Wilson, Master. James",female,18.34645308333433,0,0,STON/O 921401,27.35089332094583,,S
5916,0,2,"Gibson, Miss. Todd",female,17.731953516146994,0,0,SC/Paris 603563,17.035406799440157,,S
5917,1,2,"Lee, Mrs. Alexander",male,19.60825232890813,1,0,62729,29.490479350246073,A124,S
5918,1,3,"Moore, Dr. Jerry",male,46.97886206384999,1,0,STON/O 278169,77.75753752746812,,C
5919,0,3,"Johnson, Mr. Jason",female,27.915714327064286,1,0,SOTON/O 456495,125.69083805479875,D108,S
5920,0,3,"Horn, Master. Julie",male,24.018711612573885,0,0,SC/Paris 261626,3.391891659207902,,S
5921,0,3,"Burnett, Miss. Brad",male,45.71345919108831,1,0,SC/Paris 672454,37.59379736277547,C40,S
5922,1,3,"Figueroa, Master. Matthew",female,36.934868432571875,1,0,83702,51.04232579552567,D76,S
5923,0,1,"Jordan, Mrs. James",male,5.626304388328311,3,0,A/5 495808,0.8815302116011889,G102,S
5924,1,2,"Daniels, Mrs. Nancy",male,21.36726905164936,0,1,67921,9.998717232915757,A167,Q
5925,0,1,"Dawson, Master. Kayla",male,34.50746921987524,0,3,SC/Paris 500031,3.230210490412191,,S
5926,1,3,"Whitehead, Mrs. Melinda",male,16.925538123831537,0,0,37480,17.15052431848937,,S
5927,1,1,"Lee, Mr. Kenneth",male,58.41376703789584,0,0,22901,11.496134107163487,,C
5928,1,3,"Rodriguez, Mr. Chad",male,31.580302691136172,1,1,66161,33.35451181339514,B189,S
5929,0,2,"Gallagher, Miss. Teresa",male,19.45273124591465,0,0,A/5 351810,53.26005915477179,,S
5930,1,2,"Hart, Dr. Ryan",female,14.278788993295306,0,0,W.E.P. 945448,92.32690377146653,,S
5931,0,1,"Hall, Mrs. Steven",male,42.985386232499835,0,0,SOTON/O 697238,18.142487609655916,,S
5932,0,2,"Roberts, Dr. Albert",male,20.929932882084607,0,1,STON/O 605953,2.5860601147634634,A8,S
5933,0,3,"Blackwell, Master. Ashley",male,35.318938496083895,0,0,STON/O 746665,0.19277961156549947,,S
5934,1,1,"Newton, Miss. Caitlin",male,13.878729003757936,1,0,W.E.P. 845776,93.07209573323631,,Q
5935,0,2,"Vaughn, Mrs. Jacob",female,30.982769081343044,0,0,CA 932639,105.24228134128022,,S
5936,1,1,"Padilla, Mr. Caroline",male,21.09759742963154,0,0,W.E.P. 291260,5.323204008801582,,S
5937,1,2,"Jones, Master. Richard",male,25.584478211349246,0,0,SC/Paris 263688,0.5114024005950536,C145,S
5938,0,1,"Ryan, Mr. Donna",male,18.8520687946036,0,1,80387,80.53831259332061,B129,S
5939,0,2,"Santiago, Master. Ryan",male,44.358767889315786,0,0,SOTON/O 377386,51.183783285598935,,S
5940,0,3,"Day, Mr. Sara",male,23.12594434825943,1,1,57920,40.61280934341791,,S
5941,0,2,"Lopez, Mr. Oscar",male,27.99159927112417,0,0,CA 397529,38.09303756881421,B72,C
5942,0,2,"Cummings, Miss. Hannah",male,28.66800806881758,0,0,STON/O 717550,74.30793768939108,D44,C
5943,0,3,"Thomas, Miss. Edward",female,52.571781702870794,0,0,SOTON/O 997643,17.35846998744015,,S
5944,1,1,"Scott, Mrs. Geoffrey",female,42.46432022347959,0,0,SOTON/O 310144,24.642299035157276,,S
5945,1,2,"Gordon, Mr. Melissa",female,41.06953061589143,0,0,49706,4.052430050218524,,Q
5946,0,3,"Palmer, Dr. Richard",female,7.909587277631779,0,0,W.E.P. 773417,41.75048061414601,,S
5947,0,1,"Esparza, Master. Isaiah",female,20.810506573564453,3,0,W.E.P. 558744,161.96862430631532,,S
5948,0,3,"Gay, Mrs. Joshua",female,46.64066202160481,0,0,23289,16.693296758896984,,S
5949,1,3,"Morris, Miss. Christopher",male,13.606968584096904,1,0,85592,132.42995085842907,,C
5950,1,3,"Patterson, Master. Bruce",male,31.176189673704215,0,0,31714,65.32010328835239,,S
5951,0,3,"Phillips, Master. Amy",female,15.086338940348956,1,0,60483,13.320792039808795,,S
5952,0,1,"Spence, Miss. Benjamin",male,16.491298424268308,0,1,SC/Paris 461367,54.362013242342876,,S
5953,1,2,"Smith, Mrs. Marco",male,53.53099914009886,0,0,A/5 728588,22.803772404553097,A155,S
5954,0,2,"Adams, Dr. Carl",male,40.06978898206944,1,0,47216,6.522636590536192,,S
5955,0,1,"Glover, Dr. Jeffery",male,43.763963189124226,1,0,SC/Paris 791328,4.865302439303125,,S
5956,1,3,"Carter, Miss. Sarah",male,40.972380722292904,2,1,STON/O 694149,0.868881428289318,C196,S
5957,0,3,"Smith, Master. Michelle",male,28.049962928786968,0,0,12365,79.926996805421,,S
5958,0,3,"Brown, Miss. John",male,20.317646089345438,1,1,59030,108.07587843663325,,S
5959,1,3,"Conner, Master. Richard",female,24.370736368155093,2,0,PC 272308,32.940989842324754,,C
5960,1,1,"Cooper, Mr. Randy",female,27.314429638585548,1,1,15685,36.690725675307085,,S
5961,0,3,"Howard, Master. Susan",female,54.86800497059084,0,0,56805,58.815651091701824,,S
5962,1,3,"Harmon, Mr. Andrew",female,11.291009965586582,0,1,STON/O 910131,60.35026531480595,,C
5963,0,3,"Hurley, Master. Michael",male,22.24873971933688,0,0,W.E.P. 671049,19.587560253533777,,S
5964,1,2,"Lynn, Mr. Christopher",male,17.218512871724645,1,0,A/5 701995,8.668994231946256,F19,Q
5965,0,3,"Wells, Mrs. Peter",male,44.79272476528672,0,0,CA 328730,28.14255678043992,E55,S
5966,1,2,"Ball, Dr. Jason",female,55.95303563074735,0,0,PC 978688,59.70335878716572,,S
5967,1,3,"Garcia, Mr. Kristopher",male,34.32300903756955,0,0,15632,81.53517065637726,,S
5968,0,3,"Jones, Master. Cathy",female,35.47422168781018,2,1,SC/Paris 693923,4.6695292988998345,,S
5969,1,2,"Peterson, Mr. Ronnie",male,31.2784929225871,0,0,SC/Paris 272138,44.37477361519972,F47,S
5970,1,3,"Weber, Master. Ashley",female,36.12470584993575,0,0,71396,2.7807757896323446,F130,S
5971,1,3,"Foster, Dr. Leonard",male,40.82417227300678,1,0,PC 840927,87.08557785035023,F196,S
5972,0,1,"Mosley, Mrs. Benjamin",female,35.9589671804155,1,0,W.E.P. 752590,54.95157397139844,,S
5973,1,3,"Lopez, Mr. Angela",male,36.983680595896125,0,0,STON/O 529095,59.63940627379834,,S
5974,1,3,"Watson, Master. Andres",male,40.85580108891425,0,0,SC/Paris 724808,71.71511113232825,E4,S
5975,0,3,"Rodriguez, Dr. Raymond",male,5.104106582429058,0,0,40678,34.223482777768666,C93,S
5976,1,3,"Cole, Miss. Adam",female,30.028125022040154,1,0,50862,17.755088121798458,,C
5977,0,3,"Lang, Miss. Amber",male,34.27292658918324,0,1,A/5 721456,77.01052905370574,,S
5978,0,3,"Mejia, Mr. Karen",female,35.82607452727008,0,0,28114,75.11209189131868,,S
5979,0,1,"Dougherty, Dr. James",female,27.60759233502465,0,0,56004,7.248008033763698,,S
5980,0,1,"Day, Mr. Jason",female,32.25052099716013,1,0,W.E.P. 909828,116.52985177253913,,S
5981,1,3,"Silva, Master. Vanessa",male,19.921310334469254,0,0,42409,12.500879802120998,,C
5982,0,3,"Lewis, Master. Ryan",male,5.152173700231781,0,0,68871,18.297270520912345,C84,S
5983,1,3,"Perez, Miss. Laurie",male,43.763919418279194,0,0,99762,12.16197919816413,,S
5984,0,3,"Grant, Master. Sheri",female,14.118797553526955,0,1,34370,168.4808818403,,C
5985,0,3,"Phillips, Master. Amber",female,27.753645916407333,0,0,CA 873748,17.795289850084245,,S
5986,0,2,"Mays, Mr. Brady",female,19.512185139371923,1,1,SOTON/O 140575,177.72195269045392,,S
5987,0,3,"Wells, Miss. Jeffrey",male,52.218129918265106,0,1,59492,50.79709073594001,,C
5988,1,2,"Gardner, Mrs. John",male,28.88497399687799,0,1,32055,9.713511574432626,,Q
5989,1,3,"Johnson, Master. Adam",female,25.653609519651077,0,0,97581,40.3541873662692,,S
5990,1,3,"Young, Miss. Sydney",male,40.470122162163754,2,0,26491,106.9656548877894,C4,S
5991,0,3,"Garcia, Mrs. Matthew",female,60.19063834651462,0,0,SC/Paris 572478,41.23970737269541,F58,S
5992,0,2,"Brown, Mrs. Martin",male,35.67965337881324,0,0,91982,7.1124929781430675,,S
5993,0,3,"Morris, Miss. Joshua",male,24.716127537154303,0,1,77555,16.90914629389195,,S
5994,0,3,"Rodriguez, Mr. Paul",female,39.75231573896566,1,0,91768,12.732187252673738,E42,S
5995,0,3,"Miller, Miss. Holly",male,7.982493039858085,0,0,94990,6.725485273309244,,S
5996,1,1,"Ponce, Mrs. Michael",male,30.65000964090156,3,1,45896,19.82177965758449,F158,S
5997,0,3,"Huynh, Mrs. Shawn",female,57.915407169389766,0,0,SOTON/O 948046,54.097015856436236,,S
5998,1,3,"Ballard, Mrs. James",female,32.20846355360081,0,0,82936,24.10460706782385,,S
5999,0,3,"Jones, Miss. Timothy",female,31.508887186207076,0,1,CA 417548,29.331522814191935,A149,S
6000,0,3,"Combs, Master. Stephanie",female,30.28891156500508,0,0,98664,19.331652340703638,,S
6001,1,1,"Hernandez, Mrs. Thomas",male,24.46333207403321,1,0,84154,259.89478468418395,,S
6002,0,1,"Lopez, Miss. Michael",male,34.402869413108185,1,0,PC 213417,44.118349178652664,G197,Q
6003,1,3,"Jones, Mr. Jennifer",male,40.853822163244246,0,0,SOTON/O 353006,89.75296952531733,B150,Q
6004,0,1,"Castillo, Master. Paul",male,25.354519265129152,0,0,W.E.P. 994483,29.10972722155879,,S
6005,0,3,"King, Dr. Angela",male,0.42,1,0,43653,9.23445764679381,C116,C
6006,1,1,"Rogers, Mr. Melanie",female,36.51864507390256,3,0,49186,93.80304769913703,,C
6007,0,3,"Andrews, Master. Deanna",male,59.863765071281456,0,0,54857,72.07651194287715,,S
6008,0,1,"Booker, Mr. Heather",female,24.73234028721417,2,0,STON/O 403900,20.009624932721014,A135,S
6009,1,3,"Neal, Dr. Zachary",male,9.403712641407552,0,0,96216,46.62324163880861,,Q
6010,0,2,"Mcclure, Mrs. Adam",male,39.48378178625471,0,0,94021,4.906452601792164,F141,C
6011,1,1,"Roberts, Mr. Tony",male,54.41365169857605,1,0,52801,1.3337524454740204,,S
6012,1,2,"Caldwell, Mr. Sergio",female,37.411229976013296,1,0,PC 517142,84.57558642950241,C179,S
6013,1,2,"Peck, Master. Aaron",male,54.14580075833115,1,0,58167,142.3035314896788,,S
6014,0,3,"Nichols, Miss. Maria",male,41.11135963875998,1,0,93661,21.084273734703263,,S
6015,0,1,"Cox, Master. Eric",female,39.8959137994877,0,1,PC 109776,45.51209651363962,,Q
6016,1,3,"Dixon, Miss. Ashley",male,22.747990441610426,0,1,43336,63.16691833365399,C90,S
6017,0,3,"Gonzales, Dr. Kenneth",male,33.995696470545035,0,0,SOTON/O 687849,68.52942561359436,,S
6018,0,3,"Richardson, Master. Jason",female,29.587406605951127,0,0,87210,32.799432869025935,,S
6019,0,3,"Cruz, Mr. Cody",male,29.107699912066877,0,1,CA 290079,47.5030065688512,,S
6020,0,3,"Riggs, Dr. Patricia",male,26.445888208685055,1,0,CA 764636,53.508928544232646,B34,S
6021,0,3,"Smith, Master. Scott",male,33.15858854441976,1,0,28514,5.449203619029533,,C
6022,1,3,"Williams, Mrs. Fred",male,11.851170222085834,0,0,PC 271156,51.79745607107017,E171,Q
6023,1,1,"Miller, Dr. Crystal",male,41.36405758994204,0,0,68191,35.75508903106531,,S
6024,0,2,"Richardson, Mrs. Audrey",male,17.71156590107725,0,0,SC/Paris 383533,23.78093052968932,B88,Q
6025,0,3,"Johnson, Master. Jeremy",male,26.49620284993409,0,0,62072,15.172703236302201,,C
6026,0,3,"Barron, Master. Zachary",male,34.62783850249231,0,1,91595,50.79442985144842,,Q
6027,1,3,"Riley, Master. Shelia",male,17.01817214246283,0,0,32007,9.121613534162917,,C
6028,0,3,"Jones, Miss. Brian",male,2.469517127726462,0,1,SC/Paris 539195,83.2568467329474,,S
6029,1,2,"Jimenez, Dr. Janice",male,24.6373465122349,0,0,A/5 991464,9.424871727242703,,C
6030,0,3,"Finley, Dr. Douglas",female,9.9646351038282,0,0,SC/Paris 725737,73.83662668074726,,S
6031,1,3,"Taylor, Mrs. Kristi",male,39.972353057386584,1,0,A/5 710283,85.02756559007237,,S
6032,0,1,"Mckenzie, Mrs. Calvin",female,13.850949984410239,0,0,SC/Paris 727479,140.38313339434228,,S
6033,1,3,"Lang, Mrs. Jeffrey",male,50.792177891928276,0,0,50325,31.114969697738342,,S
6034,0,2,"Stevens, Dr. Diane",male,29.918899550706847,1,0,A/5 711368,3.290275500605027,,S
6035,1,3,"Jenkins, Mrs. Brian",male,30.82843872431921,0,0,W.E.P. 574781,56.6108355167109,,S
6036,0,3,"Galloway, Mr. Joel",female,2.271161400374705,1,1,SC/Paris 386030,16.607653130798656,G75,C
6037,1,2,"Foley, Master. Bridget",male,32.028076803907325,0,2,75146,4.865569959871677,,S
6038,1,3,"Gray, Mrs. Eric",male,28.877481163774455,0,0,W.E.P. 170251,96.81589488424859,,C
6039,0,3,"Rodriguez, Mr. Leslie",male,11.812753511043425,1,0,43914,7.525877836910165,,C
6040,1,2,"Evans, Mrs. Greg",male,31.221756743155318,0,0,31959,35.29857694560335,,C
6041,0,1,"Fischer, Master. Sara",male,24.429077848696068,0,0,A/5 248759,77.67924922139694,B70,S
6042,0,3,"Jackson, Mr. Wesley",male,26.964970549464965,1,0,SC/Paris 833292,11.100579306410271,,S
6043,0,1,"Garza, Master. Brandon",male,30.362344670716645,0,0,61401,113.47465672948806,,C
6044,0,3,"Brooks, Miss. Dwayne",female,23.39964101578518,0,0,30816,20.142472636577594,,S
6045,1,2,"Moreno, Master. Amy",male,33.45039277728415,0,0,STON/O 456706,25.24362441678295,,S
6046,1,3,"Baker, Dr. William",male,28.788223247086513,1,0,A/5 376167,7.0490085936756595,F143,S
6047,0,3,"Leblanc, Master. Kari",male,36.61875855741206,0,0,PC 895899,51.705852241323534,,S
6048,0,1,"Burnett, Miss. Cindy",male,22.598555684392117,0,0,55880,34.19115710082147,,S
6049,1,3,"Perez, Mrs. Bianca",male,15.091123458924569,1,2,14793,182.7923910796764,,S
6050,1,3,"Johnson, Dr. Thomas",male,20.07584060186606,1,1,19541,59.921048205167125,,C
6051,0,3,"Sanders, Miss. Crystal",male,50.1971947639249,0,0,96087,71.14623213188973,,S
6052,1,3,"Miller, Master. Anthony",male,43.38353136689445,0,0,57846,11.0999952431041,,Q
6053,0,3,"Wilson, Miss. Nicholas",male,46.98730785638753,0,0,SOTON/O 866307,62.37385190120898,,Q
6054,0,3,"Green, Mrs. Rachel",male,47.95799541438308,0,0,86513,40.753821419035994,,S
6055,1,3,"Davis, Dr. Jeffrey",male,23.471547199575166,0,0,79695,25.86170642843779,D162,C
6056,0,3,"Ayala, Mr. Matthew",male,34.14136709571848,1,0,STON/O 192060,76.31448570617859,,Q
6057,0,2,"Harris, Miss. Angela",male,31.061746039871473,1,0,W.E.P. 616132,192.09541412361216,,S
6058,0,3,"Nelson, Miss. Mary",male,39.233539358279906,0,0,SC/Paris 366037,4.9789513201646285,,S
6059,1,2,"Campos, Master. Diana",female,25.951644566766454,0,1,SC/Paris 214209,77.76867322536131,,C
6060,1,1,"Ward, Dr. Rebecca",male,31.30163819927406,0,2,A/5 280362,125.96218615605235,,C
6061,0,2,"Rose, Mr. Lisa",male,31.0118006866756,0,0,67669,18.930393769445576,C179,S
6062,0,1,"Arnold, Miss. Anthony",female,37.45167359881977,0,0,PC 377546,22.551018239299594,,S
6063,0,1,"Coleman, Mr. Christopher",female,39.18004109500239,1,0,W.E.P. 676094,79.18172329981549,,Q
6064,0,2,"Thomas, Mr. Nina",female,31.3113944527628,0,0,64320,153.56847280397133,,Q
6065,0,1,"Hubbard, Mrs. Jeremy",female,31.735870976921312,1,0,13081,139.77910077459467,,S
6066,1,3,"Morrison, Master. Jasmine",female,33.16257229048186,1,0,82929,2.8616740734026602,B167,C
6067,0,1,"Mendoza, Mr. Terry",female,53.0517198887226,0,0,CA 880316,102.5633948815766,D190,C
6068,0,1,"Sullivan, Master. Frank",male,5.780030921562954,1,0,23519,44.149266352956246,,S
6069,0,1,"Hernandez, Mrs. Olivia",male,16.42448474295069,0,0,78974,27.333571754613136,,S
6070,0,1,"Perry, Mr. Marcus",female,39.431514350243184,3,1,86613,93.38910110566971,,S
6071,1,2,"Perez, Master. Lee",male,33.77698158374728,1,0,14096,80.58042771037915,G3,Q
6072,0,3,"Thomas, Dr. Christopher",female,33.67849370211228,1,0,SOTON/O 199270,35.601071454816086,D69,S
6073,0,3,"Hale, Master. Mitchell",male,39.34493698198699,0,0,78932,26.442730374049546,B166,S
6074,0,3,"Thompson, Dr. Tina",male,32.995900503732685,3,0,SOTON/O 814375,31.97778523312135,,S
6075,0,3,"Townsend, Mrs. Timothy",female,22.17004530171087,0,0,79743,19.162449636314214,E74,S
6076,0,1,"Ashley, Mrs. Debra",male,38.80332796151562,1,0,W.E.P. 701496,57.053117073810235,,S
6077,0,2,"Johnson, Dr. Martin",female,30.292420281987088,2,1,87462,111.29674208517551,,S
6078,0,1,"Cross, Miss. Donna",male,23.733919495546253,1,1,PC 527168,14.417450647687572,E148,C
6079,0,3,"Weaver, Mr. Christina",female,39.66504874409076,0,2,61328,87.29376684076911,,C
6080,0,1,"Martin, Mr. Betty",female,39.11447401594799,1,0,SOTON/O 534534,22.372538667134187,,S
6081,0,3,"Smith, Dr. Trevor",male,33.00673088241109,0,0,76755,7.068321853879077,,C
6082,1,2,"Cooper, Mr. Theresa",male,54.039668155923806,0,0,55978,2.066889874610628,,C
6083,0,2,"Mcdonald, Mrs. Chris",male,48.57557428678398,1,0,79082,32.63497025726158,,S
6084,0,3,"Oconnell, Miss. Patrick",female,44.02600071675323,0,1,76810,42.0027866454061,,S
6085,0,3,"Grant, Dr. William",female,65.92911801932246,2,0,SC/Paris 668166,0.3025943585558649,,C
6086,0,3,"Roberts, Mrs. Steve",male,27.949512372031975,0,0,18134,52.8677639010823,,S
6087,1,3,"Garner, Mrs. Adam",male,23.492795389574688,1,1,13547,36.545510518429424,,S
6088,0,3,"Henderson, Dr. Kelly",female,42.04508339024703,1,0,52033,297.9218267821194,,S
6089,1,3,"Archer, Dr. Pamela",female,26.463119828080064,0,0,76665,5.519523832083116,,S
6090,0,3,"Marshall, Master. Carl",male,30.166988019069517,0,0,59288,61.042231737506334,,S
6091,0,2,"Clark, Mrs. Scott",male,16.19712047949573,0,2,62437,12.233177385070347,,S
6092,1,3,"Hunter, Mr. Rodney",female,38.49323240798378,0,0,57307,11.555137850178914,,S
6093,0,3,"Meyer, Miss. Thomas",male,9.405898562473464,0,1,63721,0.9448196614782877,,S
6094,0,2,"Garcia, Master. Morgan",female,28.649864903768826,1,0,34005,0.3282579947674886,,S
6095,0,3,"Rogers, Mrs. Christopher",male,29.785019674779406,0,0,A/5 803075,10.328009898398959,E17,S
6096,1,3,"Quinn, Dr. Darrell",female,23.89545620612236,0,0,SOTON/O 629116,9.64905457356563,,S
6097,0,3,"Brennan, Miss. Michael",male,5.398993378739,0,1,PC 264808,0.021874318226939353,,C
6098,1,2,"Howard, Miss. Derek",female,5.295164687157694,1,1,CA 265858,63.14175877767011,,S
6099,0,3,"Gutierrez, Mrs. Michele",male,19.5535863065948,1,0,65839,35.02606792865567,,S
6100,1,3,"Hardy, Mr. Stephanie",male,37.546704602668896,1,0,23321,25.221098424182298,,S
6101,0,3,"Hunt, Miss. Patricia",male,34.04494806018722,0,1,CA 359291,5.479265702427952,,S
6102,1,1,"Ritter, Mrs. Jonathan",female,29.76990497636402,1,0,W.E.P. 950929,20.315639255329803,,S
6103,0,3,"Griffin, Miss. Sheila",male,17.61576119575531,0,0,SOTON/O 881821,31.799552506504103,,Q
6104,1,1,"Hicks, Mr. Crystal",male,34.775851097655504,1,0,91007,311.9412158002084,,C
6105,0,3,"Woods, Master. Jennifer",male,4.813590107455145,1,0,CA 174495,35.728708921821884,,C
6106,0,2,"Allen, Mrs. Jennifer",male,0.42,0,1,W.E.P. 792685,0.985059182698258,,S
6107,0,3,"Decker, Mrs. Sandra",male,26.596998282989933,0,1,W.E.P. 950769,11.64338183042078,E113,S
6108,0,3,"Salinas, Master. Jasmine",male,22.3552806786416,0,0,PC 452516,21.8881821371899,E189,S
6109,0,1,"Tran, Dr. Joshua",male,44.184398167064415,0,0,76862,30.433544780153227,D24,S
6110,1,1,"Lawson, Mrs. Jasmine",female,32.21177288881968,0,0,61953,56.08583131008884,,C
6111,1,2,"Miller, Dr. Thomas",female,53.110294339997914,2,0,W.E.P. 651134,44.65226885334774,B155,S
6112,0,1,"Murray, Mrs. Robert",female,22.324989038263567,0,0,CA 179183,35.59255061161183,,S
6113,1,2,"Welch, Miss. Richard",male,36.81481208131026,0,1,SOTON/O 648943,90.97535936103475,,C
6114,0,3,"Herrera, Mr. Amy",female,26.46812018818118,0,0,45074,10.92329036365974,,C
6115,0,3,"Elliott, Miss. Johnathan",male,49.34407613783593,0,0,A/5 215976,4.053966758083489,,C
6116,1,3,"Dawson, Mrs. Diane",male,27.143293740262884,1,0,PC 188606,91.07111445501678,B126,S
6117,1,3,"Marshall, Dr. Valerie",male,41.96169492204071,0,0,37210,31.010101519677097,,S
6118,1,2,"Stevens, Dr. Erin",male,14.913334496661756,0,0,A/5 586465,40.29947490883096,,C
6119,0,2,"Reilly, Master. Corey",male,24.187022996151377,1,0,A/5 141438,90.81835499055711,,S
6120,1,1,"Reyes, Master. Jacob",male,28.82339223301547,2,0,SOTON/O 481908,145.76684199949153,E155,S
6121,0,3,"Mccullough, Master. Barbara",female,47.687845559479214,0,0,33047,40.14818212849656,F174,C
6122,0,3,"Carr, Mr. Brittany",male,0.42,2,1,STON/O 268631,83.6339399403263,,S
6123,0,1,"Murray, Master. Carol",male,25.342977749759093,0,0,61287,39.34907143990352,,C
6124,1,2,"Dalton, Dr. Melissa",male,24.86927823001779,1,3,SC/Paris 482118,1.6945854701566347,A35,S
6125,1,3,"Adams, Miss. Brian",male,0.9223706864786756,0,0,52870,156.01780895995188,G176,S
6126,1,3,"Jacobs, Mrs. Christine",male,23.50349934954459,0,0,STON/O 511555,85.1234886677782,,S
6127,0,3,"Erickson, Master. Toni",male,8.430660163321885,0,0,W.E.P. 639318,70.00388337078883,G41,S
6128,0,2,"Hayes, Mr. Anthony",male,0.42,0,0,W.E.P. 948813,29.154203483658147,,C
6129,0,3,"Schwartz, Miss. Lisa",male,26.327620401065477,0,0,55991,142.8377582500718,,S
6130,0,2,"Dunlap, Dr. Kevin",female,25.853968308745984,0,0,73799,33.652170926263395,,C
6131,0,3,"Douglas, Mr. Kevin",male,26.570649838569345,0,1,46420,63.78895862983669,,S
6132,1,3,"Ruiz, Mrs. Dakota",male,33.54001544257692,1,2,46351,5.300953962525793,C172,S
6133,0,3,"Woods, Master. Jeffery",female,17.688444475008218,0,0,W.E.P. 315086,12.350106740898788,,S
6134,0,1,"Dixon, Mrs. Melissa",male,55.07198418824289,0,0,A/5 896292,27.600223041968945,E18,S
6135,0,1,"Leonard, Mrs. Nicole",male,29.533883886158954,0,0,38067,43.52979026008243,,C
6136,0,3,"Torres, Dr. Patricia",male,48.01002648286078,1,0,SOTON/O 547294,81.88020381093672,C18,S
6137,0,2,"Anderson, Miss. Alexandra",female,6.481410619158034,0,0,W.E.P. 243172,13.779236366098383,,Q
6138,1,3,"Warren, Master. Elizabeth",male,18.31658489871376,2,0,15149,74.43978999964406,,S
6139,1,3,"Harrison, Dr. Tammy",female,39.608407270619225,3,1,23536,110.36018977539169,,S
6140,1,1,"Williams, Miss. Shannon",male,26.828100140508937,1,0,49206,85.3112860264142,F8,Q
6141,0,3,"Fisher, Miss. Jessica",male,14.975488576778469,1,0,CA 369843,48.69775622377133,,S
6142,0,1,"Frazier, Mr. Cassie",male,4.2591814189828625,0,0,55613,83.03458816451956,,C
6143,0,3,"Ramos, Dr. Christopher",female,40.26485141136511,0,0,W.E.P. 591365,104.98304995384783,,S
6144,1,3,"Eaton, Dr. Sheena",female,39.12243156928397,0,0,W.E.P. 252152,40.49529940750145,,S
6145,1,3,"Jones, Miss. Julie",male,33.406489679869196,0,1,47509,83.07905083066453,,C
6146,0,1,"Jones, Master. Michael",male,23.057313328997168,0,0,PC 683543,27.333552768348067,,S
6147,0,3,"Frederick, Mr. Lisa",male,14.416739613182733,2,0,CA 912432,36.95730294974114,A133,S
6148,0,3,"Roberts, Master. Martin",male,29.258258441446173,1,0,51969,2.7023280491141244,,C
6149,1,2,"Buchanan, Mrs. Nina",male,11.585539548964395,0,1,CA 369618,107.48893762422081,F134,S
6150,1,3,"Hicks, Miss. Christopher",male,19.477822872095736,1,0,40197,7.562704922595956,D162,S
6151,0,3,"Hamilton, Mrs. Thomas",female,47.65750813959369,0,1,14557,16.16174987901368,E165,S
6152,0,3,"Reyes, Master. April",male,4.088299316160132,0,0,STON/O 262193,19.096925224309405,F11,S
6153,0,3,"Ruiz, Mr. Brandy",male,39.485389576605144,0,0,87670,6.159296551384326,,C
6154,0,2,"Richard, Miss. Mary",male,50.918743320288286,0,0,78226,127.3945177463594,C111,Q
6155,0,3,"Jones, Miss. Susan",male,41.42763607135714,0,0,SC/Paris 877766,175.38402621352148,,S
6156,0,2,"Smith, Mr. Samantha",male,35.574980297970775,1,1,PC 756852,100.19698243660282,,S
6157,1,2,"Turner, Dr. Brooke",female,23.509980153604264,2,1,W.E.P. 149207,21.260307280777294,G100,S
6158,1,1,"Sandoval, Master. Lindsay",male,20.957567237923822,1,1,79251,2.8410558656846088,,S
6159,0,2,"Miller, Miss. Todd",female,0.42,1,0,79476,10.099167658638457,,S
6160,1,1,"Brock, Miss. Gregory",male,30.5180935237424,2,0,SOTON/O 507955,73.94239835578783,,C
6161,0,3,"King, Mrs. Robert",male,24.36863371779269,1,1,75892,16.841811521149737,,S
6162,0,3,"Salazar, Mrs. Kathleen",male,20.227518278453303,0,0,41187,111.56220764242029,,Q
6163,0,3,"Erickson, Mr. Joshua",female,29.718865595693817,0,2,77495,90.12984989880339,,S
6164,0,2,"Spencer, Mr. Morgan",male,30.873172722865174,0,0,42306,13.521275998954755,,C
6165,0,2,"Holloway, Dr. Lisa",male,21.10219783686125,0,0,STON/O 402847,59.11946375932794,,S
6166,0,3,"Martinez, Miss. Rebecca",male,52.58313096867501,1,0,SOTON/O 176251,29.196227955712878,,S
6167,0,3,"Robbins, Master. William",female,40.22843890757394,3,0,62544,12.100211502509724,,S
6168,1,3,"Zavala, Dr. Katherine",male,42.5478998172259,0,0,SOTON/O 597059,44.59361848722712,,S
6169,0,2,"Perez, Master. Brittany",male,28.55376102904827,0,0,94666,90.81073051703723,,S
6170,0,3,"Morgan, Master. Edward",male,37.157300251656,1,1,PC 373735,130.72338812136067,,C
6171,0,1,"Gonzalez, Miss. Christine",male,17.460135591620116,1,0,84952,3.026210379281089,,C
6172,1,3,"Wright, Mr. Christopher",male,39.327619563504285,1,0,PC 700603,27.127417933776115,F167,S
6173,0,3,"Garcia, Mr. Katherine",male,27.13836349760765,0,0,SC/Paris 789827,46.37028130840038,,S
6174,1,3,"Crane, Mr. Heather",female,15.692230509799442,0,0,CA 963379,20.62380839755862,,S
6175,0,3,"Harrison, Master. Maurice",male,29.681266602930787,0,1,W.E.P. 447999,19.111614335242972,,C
6176,0,2,"Sanchez, Dr. Timothy",female,25.911243576501548,2,1,STON/O 129585,73.90593072670966,,S
6177,0,3,"Mason, Mr. Carrie",female,62.522970581092835,0,0,70746,76.279589712573,,Q
6178,0,3,"Dickerson, Miss. Holly",male,36.095519478718764,1,0,82228,65.26729590232392,,S
6179,0,3,"Richmond, Mrs. Cindy",male,52.11604454427511,0,0,STON/O 264819,114.39720198230287,,S
6180,0,1,"Key, Mrs. William",female,45.83801948902217,0,0,SC/Paris 326050,34.130940870891244,,C
6181,0,3,"Swanson, Dr. Mark",male,30.52892839716499,2,0,SOTON/O 255877,77.51408404285166,,S
6182,0,3,"Delgado, Mrs. Sydney",male,23.787931158979372,2,0,PC 706661,0.5637442862008014,,S
6183,0,2,"Peters, Mrs. Andrea",female,5.636827863195478,0,3,38728,218.8204521876572,F122,S
6184,1,2,"Larson, Mrs. John",male,17.80679029069364,1,0,SC/Paris 526732,125.80954013467456,F190,S
6185,0,1,"Mills, Mrs. Lawrence",female,39.278548408559,0,0,71033,92.05240480694498,,S
6186,1,3,"Scott, Mrs. Michelle",male,25.770174608310157,0,0,STON/O 299926,44.30828707451206,,Q
6187,1,2,"Edwards, Mr. Shannon",male,35.26148456033818,0,0,28137,39.28004855066365,,C
6188,0,3,"Collins, Master. Adrian",male,1.5761478811372882,0,0,86545,8.133604288414285,,S
6189,0,3,"Ruiz, Miss. Jessica",female,36.34920788736323,1,0,STON/O 108269,2.7736912856623124,,S
6190,0,3,"Anderson, Miss. Albert",male,45.350741800790004,1,0,PC 879003,14.777434780591383,,S
6191,1,3,"Mcguire, Miss. Rachel",female,5.139383942712453,0,1,CA 236173,8.183594892951607,,S
6192,1,1,"Graham, Mrs. Justin",female,35.20189468899519,1,0,24738,41.1424157392724,E95,S
6193,1,3,"Snow, Dr. Amy",female,48.80948515051845,1,0,CA 452752,20.214509679963204,,C
6194,1,3,"Howard, Master. Carla",female,53.521213090752525,0,0,85264,24.539493807800298,,S
6195,1,3,"Davis, Miss. Brandi",male,22.951013007988564,0,0,W.E.P. 404873,1.3373169785000747,F48,C
6196,0,3,"Pittman, Miss. Randy",female,40.919024824561475,0,1,66935,39.772027765961354,,C
6197,0,3,"Leblanc, Mr. Brian",male,50.01705748007581,0,0,SC/Paris 884153,53.37961650107664,E130,S
6198,1,1,"Cunningham, Miss. Joel",male,35.619339470925304,1,0,STON/O 662650,20.353705739627628,B171,S
6199,0,3,"Thomas, Master. Louis",female,47.99108624595535,3,0,PC 291025,7.035165754051893,,Q
6200,0,3,"Williams, Dr. Teresa",male,29.497936853263795,0,1,26527,60.82378069868827,D147,Q
6201,1,3,"Jordan, Mr. Rhonda",male,35.520398012791155,1,0,40634,6.904652588744888,G129,S
6202,0,3,"West, Master. Angela",male,21.297470829529168,0,1,35146,84.87423291251598,C74,S
6203,1,1,"Lester, Miss. Ashley",female,27.695597792567376,1,1,14334,39.485374748160666,F153,S
6204,1,3,"Stein, Mr. Phillip",male,36.07202637826909,0,0,A/5 165092,13.553975419968845,,Q
6205,0,3,"Lynn, Dr. Joan",male,20.247329449359253,0,0,SC/Paris 529092,114.49777812551545,,Q
6206,1,1,"Velazquez, Master. Tanner",male,26.869790776029443,4,0,STON/O 414657,7.644291649390208,G179,S
6207,0,3,"Finley, Dr. Allen",male,40.65223153325525,0,0,35612,45.96271297809275,E184,S
6208,0,2,"Esparza, Dr. Brent",female,58.7358054644654,0,0,58516,48.05280734254912,,Q
6209,0,3,"Reed, Mrs. Matthew",male,1.307861116919966,0,0,85472,1.9010561098687453,,C
6210,0,2,"Mccoy, Master. Larry",female,57.67207334253064,0,0,W.E.P. 577913,47.043784891804826,G90,C
6211,0,3,"Pratt, Miss. Holly",female,26.361795298081255,0,0,98215,59.24391100900509,E192,Q
6212,0,1,"Jackson, Mr. Karen",male,43.508598166383386,0,1,50709,120.47085484002918,G177,S
6213,0,3,"Anderson, Master. Katherine",male,46.25529779988436,0,0,11968,61.71032823159206,C129,S
6214,0,2,"Davis, Master. Ivan",male,51.90295483516766,0,1,A/5 179349,33.12417763983362,,S
6215,1,2,"Martin, Mr. Melissa",female,19.80853389378293,1,0,78335,95.9682859306129,,S
6216,1,3,"Patrick, Master. Steven",male,26.846201686350824,0,0,W.E.P. 900202,21.83119843990507,,C
6217,0,1,"Hull, Master. James",male,29.24965461465935,0,0,19851,96.72895414860857,,C
6218,0,3,"Banks, Mr. Erik",male,24.995926205037172,1,1,29702,92.88546182677419,,S
6219,0,3,"Nguyen, Master. Steven",male,48.46265364774795,0,0,STON/O 115675,46.2741019795553,,S
6220,0,3,"Ortiz, Mr. Justin",female,28.92441218583948,0,0,A/5 980966,21.127256600748627,,S
6221,1,3,"Sullivan, Mr. Wanda",female,7.340332692682836,0,0,72871,44.72712188262074,,C
6222,1,2,"Mercado, Miss. Sean",male,21.137806487607307,0,0,69954,118.16883643581984,,S
6223,0,2,"Mcbride, Master. Kayla",female,7.902399626243678,0,0,A/5 381104,50.6042387476717,,S
6224,0,3,"Juarez, Miss. Lori",female,26.803256986293228,0,0,W.E.P. 266341,91.63308686445569,B53,C
6225,0,1,"Young, Miss. Christopher",male,39.41569544395111,1,1,SC/Paris 592222,21.127468976626158,,Q
6226,1,3,"Brown, Miss. James",male,20.837326587748358,1,0,46080,17.28745944005369,,C
6227,0,1,"Ramirez, Mrs. Joseph",female,24.35753849511592,0,0,51205,14.775426627977268,,C
6228,1,3,"Ibarra, Dr. Robert",female,26.15328590726528,0,2,PC 753945,33.78997460033137,,S
6229,1,1,"Garcia, Master. Barbara",female,31.97039491369343,1,1,95158,28.279585526632577,B6,S
6230,0,3,"Williams, Miss. Denise",male,37.22515890089734,0,0,19959,96.28314678198564,,C
6231,0,1,"Hensley, Mrs. Melissa",female,41.301575991095156,0,0,A/5 187388,5.973096691178895,D137,S
6232,1,1,"Friedman, Mrs. Shelly",male,61.577237761111306,0,1,W.E.P. 179241,40.377074890286984,,S
6233,0,3,"Silva, Master. Clifford",female,31.728943034001013,0,2,A/5 305457,25.82596741550272,B111,S
6234,0,2,"Baker, Master. Yvette",female,40.301102755716,0,0,42601,138.68535025100664,,S
6235,0,3,"Perez, Dr. Colleen",female,7.774205532504151,2,0,W.E.P. 591467,77.65039059444273,,S
6236,1,3,"Townsend, Dr. Darryl",female,24.691438202082526,1,1,W.E.P. 493397,28.400763031357645,E6,S
6237,1,1,"Johnson, Mrs. Jane",male,26.214163491530975,1,0,85210,51.16783955749157,,S
6238,1,3,"Mclean, Mr. Christian",female,15.757591554180545,0,0,23919,68.44064483886486,,Q
6239,1,3,"Wright, Miss. Kimberly",male,22.496101760854497,1,0,SOTON/O 426859,3.6899439391728848,,S
6240,1,3,"Brown, Master. Robert",female,28.49521395282121,0,1,A/5 199155,55.99992908062568,,C
6241,1,3,"Chavez, Master. Sharon",male,22.934712761692687,1,0,75449,7.511489226796569,,C
6242,0,3,"Cox, Dr. Janice",male,66.42567862973425,0,0,SOTON/O 548274,10.471149201330505,B66,S
6243,0,2,"Perry, Miss. Jennifer",male,37.17185478208822,0,0,STON/O 690013,30.921615203467073,,S
6244,1,1,"Woods, Master. Robert",female,58.014318344030706,1,0,47137,194.2511644867988,,S
6245,1,3,"Sanders, Dr. Andrew",male,50.89711650367607,0,0,27172,151.99179973335356,,S
6246,0,2,"Lee, Mr. Kelly",male,21.050554131694597,0,0,24746,116.27772935941837,E144,S
6247,0,2,"Doyle, Miss. Angela",female,30.52584654387736,0,0,48267,1.7466122614639792,E173,C
6248,1,3,"Maldonado, Miss. Kimberly",female,23.912455304955923,1,0,CA 478581,95.81043794311516,,S
6249,1,3,"Mullins, Dr. Elizabeth",male,27.734481369991354,1,0,15534,74.84251773492475,,S
6250,0,1,"Lopez, Dr. Matthew",male,16.32992863135777,0,1,70668,34.53561200579602,B29,C
6251,0,2,"Haynes, Mrs. Anthony",male,23.81850539161688,0,0,92667,19.68369828536935,,C
6252,0,2,"Brown, Master. Christopher",female,35.03326434146534,1,0,65348,70.44508818151431,,S
6253,0,1,"Thompson, Mr. Sean",female,34.66370879719086,2,1,W.E.P. 852226,5.660060344819297,,C
6254,0,1,"Bender, Dr. Katie",female,33.547651313027735,1,0,STON/O 478487,52.55448493692169,,S
6255,0,1,"Smith, Mrs. Virginia",male,29.164552451630176,0,1,60714,55.718121337502915,C12,S
6256,0,3,"Rivera, Master. Joshua",male,42.05039395331717,0,0,STON/O 681034,40.337719154235735,,S
6257,0,3,"Osborne, Miss. Nicole",female,26.401397634900466,0,0,51331,105.09683225407136,,S
6258,1,1,"Spears, Miss. Danielle",male,49.48173275666262,0,1,88066,20.013425388021712,,S
6259,1,1,"Cervantes, Mrs. Candice",male,4.133634201754127,0,2,CA 689337,32.51983004389446,D64,S
6260,0,3,"Rodriguez, Mr. Amy",male,39.19535433566058,0,1,40715,71.07791817677372,,S
6261,0,2,"Delacruz, Master. Meghan",female,36.837195571463,0,0,SC/Paris 640504,63.060137515480875,,S
6262,1,3,"Hill, Mrs. Desiree",female,20.5560681984783,0,1,35448,41.329390724964796,,S
6263,0,3,"Perez, Miss. Alyssa",male,25.026765624026122,0,0,A/5 562891,15.881978427737847,,S
6264,1,3,"Sharp, Dr. John",female,36.50707314752651,0,0,A/5 200849,17.42474848414654,,S
6265,1,1,"Hampton, Miss. Shawn",male,42.82309346008249,1,3,CA 268914,67.58600270472135,B126,C
6266,0,3,"Jimenez, Mr. Mary",male,5.50751564336451,2,1,14118,0.2880294884838134,B28,C
6267,1,3,"Martin, Miss. Brent",male,38.795444947159574,0,0,57300,52.883271281788446,C192,S
6268,0,3,"Harrell, Mr. John",male,23.592883402194207,1,0,36484,14.269124247490069,,S
6269,0,3,"Lewis, Miss. Michael",male,45.75405684017974,1,1,33615,55.88890645232851,,Q
6270,1,2,"Weaver, Miss. Michele",female,4.2501470065735205,1,0,83726,10.34738864819176,B60,S
6271,0,2,"Carter, Mr. Sheila",male,64.2341855116969,0,0,11501,23.615429336759114,C146,S
6272,1,3,"Johnson, Mr. William",male,17.594040937802635,1,0,66648,70.0838462341276,B55,S
6273,0,3,"Short, Mr. Barbara",male,50.01945661505549,0,0,53593,70.36592094120695,,C
6274,0,3,"Taylor, Miss. Richard",male,29.031415323740333,0,0,SOTON/O 817479,11.766488919034098,,S
6275,0,3,"Freeman, Mr. Ashley",male,18.538665679198175,0,0,PC 348692,23.60281155365081,,S
6276,1,1,"Burch, Master. Jonathan",male,33.711596075339756,0,0,CA 592828,34.90858186214709,,S
6277,0,1,"Reeves, Dr. James",female,44.40775622938916,0,0,STON/O 844630,44.258868889634435,,S
6278,0,3,"Rogers, Mrs. Courtney",female,8.262132789573329,0,0,PC 219899,67.82402533045493,,S
6279,1,1,"Graham, Miss. Nicholas",female,39.82224389001813,1,0,42655,1.1960357795303986,,S
6280,0,3,"Palmer, Mr. Raymond",male,29.829501018800745,0,0,A/5 691163,6.126685688725416,,S
6281,1,2,"Hancock, Mr. Tyler",female,38.078617155928676,0,0,SOTON/O 408712,8.582311100741,,S
6282,0,3,"Hensley, Master. Robert",male,30.15365500274572,0,0,18079,10.576978631137864,,C
6283,1,3,"Beck, Miss. Theodore",male,21.993836257434843,1,0,42212,1.5370545759731251,,S
6284,1,3,"Cox, Mrs. Elizabeth",male,14.416274480793694,0,0,STON/O 336562,126.58185247327762,,C
6285,0,1,"Flores, Miss. Wendy",male,39.41703156865835,1,0,SC/Paris 551396,8.84849074523137,B190,Q
6286,0,3,"Baker, Dr. Jesse",female,39.34180789078369,0,0,W.E.P. 238588,3.8245669769872377,,S
6287,1,3,"Blankenship, Miss. Carl",male,39.27181146767131,1,0,SOTON/O 574679,31.906952978672493,,S
6288,0,3,"Martinez, Mrs. Gail",male,35.986348472168025,1,0,66203,141.66638466587375,,S
6289,1,1,"York, Dr. Robert",male,43.22578420575258,0,1,94336,166.75059863213266,,S
6290,0,1,"Stanton, Dr. Michelle",female,49.68496991677499,0,0,48132,56.41279132580039,,Q
6291,0,2,"Atkinson, Mrs. Jaclyn",female,3.7301501363087475,0,1,W.E.P. 743326,9.82196273358394,,Q
6292,0,1,"Wong, Master. Amanda",male,0.42,1,0,16153,0.19015160956041174,,C
6293,1,3,"Gonzalez, Mr. Jennifer",female,54.05126303831503,1,1,A/5 774635,20.400835959365928,G77,C
6294,0,3,"Rivera, Master. Emily",female,11.225348795807353,0,0,SC/Paris 594363,6.702638887830964,A135,S
6295,1,2,"Lee, Dr. Hannah",male,14.792593984945324,1,1,95155,70.34436187143376,,S
6296,1,2,"Flores, Mrs. Nathan",male,25.973399633751058,0,0,27160,173.8594225688024,,S
6297,0,1,"Knight, Master. Michael",male,6.844397898016567,0,0,SC/Paris 179079,4.371815751671595,F196,C
6298,0,3,"Baldwin, Master. Andrew",male,24.657786237693074,0,1,99377,25.286469435813153,,S
6299,1,3,"Harris, Mr. Ashley",female,16.72652518228269,0,0,18565,116.37950840243178,E62,S
6300,0,3,"Walker, Master. April",male,26.733227824241894,1,0,STON/O 395835,65.1511884272256,,S
6301,1,2,"Collins, Miss. Teresa",male,33.91777826869942,1,0,PC 154294,101.92669392294384,,S
6302,0,3,"Guerra, Mrs. Christina",female,25.190464843986092,1,0,47859,128.18330845171752,,C
6303,0,2,"Hood, Master. April",male,24.483338004439943,0,1,CA 440670,26.603877765208505,,C
6304,1,2,"Carroll, Mr. Kristy",male,33.611941155083045,1,0,A/5 870764,59.15333472032812,,S
6305,0,3,"King, Dr. James",male,44.62008517129927,0,0,84961,61.77918191545746,,S
6306,0,3,"Price, Miss. Amy",male,52.44150085690332,0,0,W.E.P. 221241,49.82301164188094,,S
6307,0,2,"Khan, Miss. Robert",male,26.940464443968985,3,0,21871,19.709491190627734,,S
6308,0,1,"Johnson, Mr. Oscar",female,55.548448126925315,0,0,36764,89.23983882469098,,S
6309,0,2,"Lopez, Dr. Timothy",male,42.27389568665745,0,1,CA 135655,73.2446547174351,C140,S
6310,1,2,"Brooks, Master. Timothy",female,12.75188164437553,2,0,11628,29.45855528008779,,C
6311,0,3,"Walker, Miss. Megan",male,12.343084421408548,0,0,70222,27.319852977792625,D105,C
6312,0,3,"Mason, Mrs. Nicholas",male,21.917970091562623,0,0,16088,0.5421073995504191,G81,S
6313,1,1,"Burton, Miss. Jermaine",female,50.22445576703616,0,0,60316,92.71717621052963,,C
6314,0,2,"Anderson, Miss. Courtney",male,22.980857582082486,0,1,CA 872408,16.702637127085417,,C
6315,0,1,"Jones, Miss. Joy",female,3.507004456912174,0,0,34978,31.819787273764312,,S
6316,1,3,"Walsh, Miss. Elizabeth",female,26.79562107557205,0,1,CA 747880,26.49201770150279,,S
6317,1,2,"Reynolds, Dr. Mark",male,2.2719924541543044,2,0,PC 943526,56.68181668668413,,S
6318,0,3,"Robertson, Mr. George",male,15.230200942883794,0,0,94187,24.723303729907435,,S
6319,1,2,"Johnston, Miss. Ronald",female,21.781602311903796,0,0,SC/Paris 265539,9.906485477522473,F71,C
6320,0,3,"Cervantes, Master. Jesse",female,32.09536475294568,0,0,PC 198395,101.48186289143142,,S
6321,0,3,"Hicks, Mr. James",male,44.338272572496294,0,0,64768,10.139241510521012,,Q
6322,0,3,"Mckay, Miss. Steven",male,39.7179032072047,1,1,STON/O 991920,1.4420722199886142,A148,S
6323,0,3,"Hahn, Miss. Ashley",male,13.489452821735203,0,0,86255,10.922712770711616,E86,S
6324,0,3,"Spencer, Mrs. Justin",male,24.796028329680865,0,0,W.E.P. 210172,30.36171431369753,,S
6325,0,3,"Johnson, Dr. Ryan",female,31.069258241835932,2,0,SC/Paris 816525,27.515433859274253,,S
6326,0,1,"Byrd, Mr. Eric",male,26.32910025774901,0,0,PC 600857,79.56051959357353,B77,S
6327,1,1,"Turner, Miss. Nicholas",male,26.22986683784388,0,1,60208,10.841400904832623,A83,Q
6328,0,1,"Sparks, Mr. Tiffany",male,5.881593454840193,1,1,PC 167129,74.71860221167866,,S
6329,0,3,"Perez, Dr. Scott",male,13.861721884045032,0,1,SC/Paris 171437,5.066659861499303,G154,S
6330,0,3,"Williams, Mr. David",male,24.358842112050176,0,0,STON/O 363205,32.09045589400398,A61,S
6331,0,1,"Ball, Mrs. Caroline",male,0.42,0,0,W.E.P. 994871,100.24601649686502,,S
6332,1,3,"Hale, Mr. Robin",male,38.969020480137964,0,0,50449,26.63088635676632,,S
6333,0,3,"Ayala, Mr. Samuel",male,10.782492604045025,1,0,A/5 159739,165.2228803411145,,Q
6334,0,3,"Wells, Mrs. Henry",male,39.61573386571193,2,0,46396,49.85328899654957,G84,S
6335,0,3,"Johnson, Dr. Rachel",male,38.38482406259274,0,0,CA 385605,70.6631331221173,,S
6336,1,3,"Richardson, Master. Donald",female,22.38829739642662,0,0,10624,35.65298480238983,,Q
6337,0,2,"Rivera, Dr. Alexis",female,44.007676559821526,1,0,20456,28.08470833323881,C171,S
6338,0,2,"Farley, Miss. Brooke",male,40.40476282894906,1,0,18734,4.4239505906968635,,S
6339,0,3,"Harper, Miss. Robert",male,25.67453940831503,2,0,79552,6.388781736364571,,S
6340,0,2,"Watson, Mrs. Elijah",female,24.09536538731622,0,0,SOTON/O 534575,42.397011888293164,,S
6341,0,1,"Freeman, Mr. Ronnie",male,45.36125899930099,0,0,89305,47.54847487339222,,S
6342,1,3,"Weber, Mrs. Mark",female,33.2481937517073,0,1,73975,209.17465865994777,A28,S
6343,1,3,"Chan, Mr. Shannon",female,44.62576035715399,3,0,CA 234180,97.50608941321293,,Q
6344,1,3,"Gillespie, Miss. Michelle",male,0.42,0,0,21495,93.05123577324022,,S
6345,0,2,"Simmons, Miss. Eric",male,31.37879135827247,0,0,A/5 615615,16.885915749093357,,C
6346,0,3,"Barrera, Mr. Sherry",male,7.916272782428781,0,0,W.E.P. 626962,26.532879459068443,,C
6347,0,2,"Acosta, Master. Holly",male,29.638960895185317,0,1,W.E.P. 886097,5.386445904702984,,S
6348,1,1,"Cruz, Master. Joseph",female,39.993482916842375,3,0,63412,43.558274035747786,,S
6349,0,3,"Johnson, Miss. Douglas",female,54.34796204048744,0,1,55848,3.603691521791362,,S
6350,1,1,"Griffin, Dr. Jacob",male,16.865665801879395,1,1,90231,29.604570135754756,,Q
6351,0,1,"Dixon, Mrs. Karen",male,22.64013272577224,1,0,SOTON/O 321537,41.758556652923936,,S
6352,0,3,"Rose, Mrs. Brett",male,28.662539300942473,2,0,SC/Paris 486612,12.95051605800791,F192,C
6353,0,1,"Roberts, Dr. Paul",male,16.356564579533533,1,0,61508,74.68157442241895,,S
6354,0,3,"Dixon, Mrs. Connor",male,43.6998362030496,0,1,75357,56.17307018273095,C2,S
6355,1,3,"Myers, Mr. Kendra",female,29.01867636488127,1,0,75227,8.000523262106547,,C
6356,1,3,"Lopez, Mr. Jennifer",male,31.707398327264645,1,0,14096,205.76974315179748,A111,S
6357,0,1,"Howard, Master. James",male,38.68242377483822,0,0,A/5 378255,39.04926953955076,,S
6358,0,3,"Vaughn, Mr. Jamie",male,28.996038770744267,1,0,73949,1.3386635222617618,,S
6359,1,2,"Hernandez, Dr. Brandy",male,18.55445220553789,1,1,68986,21.54759663740114,A117,S
6360,1,3,"Tate, Mrs. Alicia",male,29.11771666382146,2,0,SC/Paris 387280,193.90709671893754,,Q
6361,0,2,"Williams, Mr. Isabel",male,18.013460966812552,1,0,46483,116.29749536744205,,Q
6362,0,2,"Wright, Mrs. Jared",male,31.511732447630806,0,0,26711,8.19440443187668,,S
6363,0,3,"Nguyen, Mr. Lisa",female,43.95712809122515,0,0,W.E.P. 436411,96.55305262979252,,S
6364,0,2,"Mullins, Master. Brian",male,13.550303908187356,0,0,95989,48.170533246071464,,S
6365,0,1,"Mitchell, Master. Jared",male,8.546805979810706,0,0,SOTON/O 602942,1.098709969318869,,S
6366,0,2,"Reynolds, Mr. Jason",female,30.689499102875438,1,0,W.E.P. 212401,70.82329203047183,,S
6367,0,3,"Perez, Mrs. Kyle",female,19.250805365585315,2,0,77006,26.622584797384814,,Q
6368,0,2,"Taylor, Miss. Gerald",male,30.444433841767566,0,1,41654,25.220558343324484,,S
6369,0,2,"Reid, Mrs. Alison",male,34.48564928853581,0,0,SOTON/O 620891,24.128112917016146,B177,S
6370,1,1,"Sanford, Master. Cody",female,0.42,1,0,68468,45.386167242855635,,S
6371,1,3,"Sharp, Master. Cody",male,39.657891987219585,1,0,95858,62.62569587636918,,S
6372,0,3,"Ellis, Master. Isaiah",male,13.624640958626514,0,0,84088,52.15545066567125,D111,S
6373,1,2,"Strong, Mrs. Barbara",male,29.68712869209434,0,0,A/5 848683,13.837893051570592,A21,C
6374,1,2,"Mayer, Miss. Michelle",male,20.768647303861975,0,0,28240,61.34539464328122,,S
6375,0,1,"Johnson, Master. Mark",male,22.27260179301988,3,0,W.E.P. 978127,7.28121959000466,,S
6376,0,1,"Smith, Miss. Sandra",male,53.71541115465183,1,1,SOTON/O 734730,177.61435975311477,E85,S
6377,1,1,"Anderson, Mr. Brandi",female,34.469745291139255,0,1,SOTON/O 345092,32.08597104978572,,Q
6378,1,3,"Thompson, Mrs. Angela",female,42.66563764135027,0,0,STON/O 288213,4.789557676859605,,S
6379,1,3,"Smith, Master. Elizabeth",female,32.113178958838404,0,0,52556,42.974846933213904,G168,Q
6380,1,3,"Barton, Mr. Sara",male,38.680190045169354,0,0,32366,43.016992201359514,,S
6381,0,1,"Wilkins, Dr. Jordan",male,35.843297070008326,0,0,98073,1.9792333894068215,,C
6382,0,3,"Peterson, Miss. Kimberly",female,33.56238602561556,2,1,SC/Paris 921699,0.5461439200159438,,S
6383,0,3,"Parsons, Master. Luke",male,45.50018272830552,3,0,33645,277.3676075465548,,S
6384,0,3,"Johnson, Miss. Zachary",male,32.19107635381978,0,0,SC/Paris 132812,24.72175376778077,A33,S
6385,0,3,"Hampton, Mr. Philip",male,61.992080011047875,0,0,PC 259194,14.082054175251047,,C
6386,1,1,"Chambers, Master. Kenneth",male,43.44744201937413,0,1,39220,39.67322142070038,,S
6387,0,1,"Santana, Mrs. Lee",male,14.046430231644344,2,0,85213,0.41862915022959374,,C
6388,1,3,"Livingston, Mr. Eugene",male,27.528304074238246,1,0,77148,0.648945881928817,,S
6389,0,2,"Romero, Dr. Stacy",female,35.559086392869354,1,1,23857,5.9830931839054795,C194,S
6390,0,1,"Harmon, Master. John",male,30.622955699968518,1,0,23670,81.10724786365327,,Q
6391,0,2,"Duran, Master. Peggy",female,39.616227865610355,0,0,CA 718862,14.267449098174751,E91,S
6392,0,2,"Berry, Mr. Kelsey",female,41.15823386767423,1,2,67035,35.00426293564469,,S
6393,1,3,"Lucas, Miss. Jesse",male,10.965782198814495,1,0,44435,12.655725441782767,C133,C
6394,1,1,"Cox, Dr. Carol",female,47.935085626030926,2,0,W.E.P. 784627,39.354040124768176,,S
6395,1,2,"Lambert, Dr. Carmen",female,23.044555483195378,1,0,72750,35.54575277305097,G93,S
6396,0,3,"Forbes, Master. Michael",male,21.6573369178934,1,1,92224,25.60168697863226,,S
6397,0,3,"Miller, Mrs. Julian",male,21.612286502122434,0,0,SC/Paris 842172,28.38725982623566,,C
6398,0,3,"Long, Master. Jamie",male,41.32006968386816,1,0,STON/O 653000,52.97604466984951,,C
6399,0,1,"Wilson, Mrs. Rachel",male,26.261052225930996,0,0,61530,92.3067452890766,,S
6400,1,3,"Thomas, Mrs. Bob",male,20.710276979272095,0,0,33872,19.239691430987563,,S
6401,1,3,"Travis, Master. Heather",male,24.064571795790478,1,0,A/5 465894,37.97989532126676,,C
6402,1,3,"Fuentes, Mr. Daniel",male,4.874316775177721,0,0,SOTON/O 177436,96.26754333381615,,S
6403,0,2,"Johnson, Mrs. Eric",male,18.209707304679185,0,0,58732,9.19166696277966,,C
6404,1,3,"Goodman, Mr. Brenda",male,12.645830318856607,0,0,STON/O 733094,194.50632577706895,A36,S
6405,0,3,"Young, Mr. Donna",male,26.231629373057523,3,1,STON/O 790614,69.44067804505619,C139,C
6406,1,3,"Black, Mr. Rachel",female,39.29870578383029,0,1,30738,22.794245708354165,G61,S
6407,0,1,"Ingram, Dr. Thomas",male,37.75426261306518,1,0,SOTON/O 444615,23.514508015676448,,S
6408,0,1,"Johnson, Master. Jason",female,47.59450696565216,0,1,35730,11.492549817156444,,C
6409,0,3,"Garrison, Miss. Tanya",male,44.47566144215269,0,1,81314,15.592954487529592,,S
6410,1,3,"Rios, Mr. Kenneth",female,22.599645991142722,1,0,12821,44.21963447543497,,S
6411,0,2,"Jones, Dr. Devin",male,30.266999610551984,3,1,SC/Paris 417399,0.18725549484924203,D37,C
6412,0,3,"Simpson, Mrs. Sabrina",male,29.54421468090014,0,0,W.E.P. 889369,1.1716180276866612,,S
6413,1,3,"White, Master. Heidi",female,0.42,0,0,SC/Paris 216295,215.16739629144564,,Q
6414,0,3,"Taylor, Miss. Robert",male,12.958366483263578,0,1,PC 681571,13.428624271817599,,Q
6415,0,3,"Murphy, Mr. James",male,27.657986519884425,0,0,STON/O 915874,88.47007391683263,F134,S
6416,0,2,"Ortiz, Dr. Alejandro",male,27.579449908028682,1,0,61017,47.38921344312562,,S
6417,0,3,"Mccall, Master. Patrick",male,37.17255075887233,0,0,CA 494287,29.527746857237663,,Q
6418,1,3,"Chambers, Miss. Virginia",female,36.49098281350187,0,1,W.E.P. 860295,65.87209386143583,,S
6419,1,3,"Spears, Master. David",male,5.210304970603705,2,1,70324,2.565788820349427,E5,C
6420,0,2,"Garcia, Miss. Sharon",female,37.26035428240542,0,0,A/5 698942,70.54544952745357,,S
6421,1,3,"Morrison, Miss. Keith",male,32.50022089035269,1,0,CA 103766,97.24204495221393,,C
6422,0,2,"Anderson, Master. David",male,38.7272245430248,1,0,W.E.P. 597617,16.441093321156753,,C
6423,0,2,"Carroll, Master. Mary",male,44.93611822698225,1,0,29209,17.949304581764263,,S
6424,0,3,"Lara, Miss. Richard",male,27.999638380968396,0,0,69390,5.435875746318892,,Q
6425,0,3,"Shelton, Mrs. Kyle",female,47.438235317721116,2,0,11573,96.86027249091867,,C
6426,0,3,"Stanley, Mr. Alfred",male,17.54839364549735,0,0,STON/O 766499,82.4894450354509,C63,S
6427,1,2,"Collins, Mr. Jessica",male,16.75966631478894,0,1,SC/Paris 510821,27.68768860426333,,S
6428,1,3,"Bauer, Dr. James",female,36.00281066189758,0,0,13035,23.7181670852565,F118,S
6429,0,2,"Morgan, Master. Joe",male,24.837254365727482,1,0,41583,27.88945399337847,,S
6430,0,3,"Taylor, Miss. Vernon",male,33.66285590466558,0,0,A/5 445987,27.266207273772963,F110,Q
6431,1,2,"Bradley, Miss. Pamela",male,57.90174967782288,1,1,42161,28.072330988004712,,S
6432,1,3,"Blevins, Miss. Laurie",male,35.50893102905566,0,0,65950,7.876162755597378,D91,S
6433,1,3,"Lopez, Mr. Shannon",male,32.970373544097676,0,0,CA 180669,0.6784331374376019,,S
6434,0,2,"Shaw, Dr. Kenneth",male,17.83091469887414,0,0,60583,71.86532350671487,A44,S
6435,1,2,"Welch, Dr. Katrina",female,6.200282707259152,1,0,PC 176759,21.06065680436673,,C
6436,0,3,"Powell, Miss. Teresa",male,28.98434738617085,0,0,77803,33.75445049978318,,S
6437,0,3,"Dixon, Miss. April",female,44.93618345251475,0,0,41702,18.36780043099317,,S
6438,0,3,"Lawson, Miss. Kevin",male,25.478867901150565,3,1,73290,24.034206105919488,,S
6439,0,3,"Keller, Miss. Christina",male,35.620474988875166,0,0,PC 627077,3.8906864542718633,,Q
6440,0,2,"Moran, Dr. Stacey",female,49.970961818060154,0,0,86006,23.124550155646325,,C
6441,0,2,"Conner, Master. Patrick",female,49.62122838522504,0,0,62956,31.098625776728095,,C
6442,0,2,"Conner, Dr. William",male,36.003422426424954,0,0,A/5 989285,89.44050586924475,,S
6443,1,1,"Mcgrath, Miss. Daniel",male,32.3814907012028,0,0,CA 199070,19.445547276363698,,C
6444,0,3,"Johnson, Mrs. Kevin",female,8.739137313956938,0,1,84666,4.635609069463928,,C
6445,0,1,"Edwards, Master. Tim",female,21.177274981522835,1,0,CA 127957,71.18816322302484,,S
6446,0,3,"Davidson, Mrs. Damon",female,26.069418687746975,1,0,96186,23.55104852888521,,S
6447,1,3,"Miranda, Mr. Joseph",male,18.06735743992187,0,1,93689,123.46946182864356,,S
6448,0,3,"Austin, Miss. Cody",male,33.4783456813387,0,2,80316,159.75288772726032,E192,S
6449,0,3,"Schneider, Mrs. Jeffrey",male,56.763074568805415,1,1,STON/O 854858,102.72859747856087,,S
6450,0,2,"Barker, Miss. David",female,51.248662297262634,0,0,PC 358806,12.850918020758426,,C
6451,1,3,"Fuller, Miss. Brian",male,33.4143180656369,0,0,17257,14.638755819472276,B169,Q
6452,1,1,"Jacobs, Mr. Amber",male,40.912077008347595,0,1,27889,79.02364359819897,,S
6453,0,1,"Dodson, Master. Kimberly",female,19.799539585014333,0,0,PC 712322,29.539440808380924,,S
6454,0,3,"Howard, Miss. Laura",male,50.49725090936322,1,2,81843,17.676968158546785,,Q
6455,1,1,"Sanchez, Master. Thomas",female,8.132467656767474,0,0,79701,17.40047309912777,A54,Q
6456,0,3,"Mann, Dr. Robert",male,42.77959425520628,0,1,A/5 119476,43.0742663145477,,C
6457,0,3,"Poole, Mr. Joshua",male,36.93825594279684,0,0,PC 745555,112.70412265184098,F52,S
6458,0,3,"Cox, Dr. Nicholas",male,19.417968585438057,0,0,W.E.P. 174771,48.23819749547873,,S
6459,0,2,"Kane, Mr. Isaac",male,27.07698540566887,0,0,STON/O 823958,48.41605529066702,,S
6460,0,3,"Mccormick, Mrs. Jonathan",male,14.120462155815169,1,0,20801,68.70704726414925,,S
6461,0,1,"Rodriguez, Mrs. Karen",male,14.71703933076875,0,0,57895,71.41842557392579,,C
6462,1,3,"Ross, Miss. Donna",male,7.725243991264982,0,1,26207,120.09280146261464,C115,S
6463,1,1,"Daniel, Master. Ronnie",female,40.74519463080996,1,0,CA 754998,8.843554274098167,,S
6464,0,3,"Kelley, Master. Charles",male,46.874829571973535,1,0,31624,208.7761948104319,,C
6465,1,1,"Stark, Master. Jennifer",male,0.42,0,0,A/5 892668,19.9367217942532,,S
6466,0,1,"Hogan, Master. James",male,55.73627722612109,1,0,69288,16.53419694323596,,S
6467,0,3,"Moore, Mr. Jerry",male,29.831884687084244,0,0,40305,35.645751202265714,,S
6468,0,1,"Douglas, Miss. Megan",female,34.05794486827573,1,0,41890,15.350731934774503,,S
6469,1,3,"Brown, Master. Stacy",male,9.386220301808933,0,0,85891,13.257669350036617,A87,C
6470,1,1,"Scott, Miss. Justin",male,48.49156050230811,1,0,27503,170.27041919812856,,S
6471,1,2,"Bell, Miss. Sean",female,32.803501304335676,0,0,W.E.P. 197112,5.4904205919746,,C
6472,1,3,"Conner, Master. Hayley",female,45.943567356798184,0,0,STON/O 374118,229.9741454625071,G130,S
6473,1,2,"Peterson, Miss. Lisa",male,47.09201648906841,0,1,CA 447928,48.70631947786122,,S
6474,1,2,"Zimmerman, Mr. Logan",female,48.68824191809778,2,0,CA 449062,159.19915066419244,A107,S
6475,1,3,"Parker, Miss. Anthony",female,20.92406913806916,1,0,CA 653832,113.84632431124896,A157,S
6476,1,1,"Lynch, Master. Raymond",male,27.088531889495137,1,1,SC/Paris 424930,52.2629474070362,,C
6477,0,1,"Ferguson, Miss. Julian",female,21.436170953786792,1,0,SOTON/O 300146,44.56017470008548,E133,S
6478,0,2,"Lyons, Miss. Todd",female,42.531350478377966,2,1,24408,245.52841951654565,,S
6479,0,2,"Cross, Master. Amber",male,34.66044921109237,0,1,SOTON/O 664576,36.20221710245196,,S
6480,0,3,"Patterson, Mr. Rachel",female,44.968028096185336,0,0,A/5 595971,9.8469161470014,B67,S
6481,0,2,"Wright, Master. Michael",female,45.57834324280125,1,0,87440,247.69184982527239,,S
6482,0,3,"Williams, Mrs. Susan",female,5.818367126855289,1,0,STON/O 214218,19.54284296740451,,S
6483,1,1,"Lopez, Mrs. Emily",male,48.910781827754214,0,1,43919,4.573661873921334,,S
6484,0,2,"Bennett, Miss. Michael",male,43.31205340872004,1,0,STON/O 767422,63.09655644018169,D99,C
6485,0,2,"Robbins, Dr. Carlos",male,24.830851635403036,0,0,SC/Paris 596308,29.533973097620915,,C
6486,0,3,"Johnson, Mrs. Melissa",male,34.8970987314148,0,0,STON/O 715370,24.55311112574058,,S
6487,1,3,"Smith, Mrs. James",female,28.268625997842143,2,0,SC/Paris 983804,49.93039085910574,G176,S
6488,0,3,"Woodward, Mrs. Jeffrey",male,38.62477950083647,0,1,89567,2.715004289942596,A26,Q
6489,0,3,"Hall, Dr. Nathan",male,24.80045067013173,0,1,19399,59.90318150138896,,C
6490,1,2,"Peck, Dr. Karen",female,36.704981376367506,1,0,29971,35.00337310964869,,S
6491,0,1,"Schneider, Mr. Jeremy",male,30.942274265230928,1,0,CA 761551,33.6909220933076,,S
6492,0,1,"Glenn, Dr. Marc",male,23.949285351065726,0,0,99532,115.14620192836568,,S
6493,0,2,"Walters, Mr. Katherine",male,32.66190742862882,0,0,88347,88.9552352398203,,S
6494,0,2,"Bryant, Master. Ronald",male,67.89057402884261,1,0,SC/Paris 943028,37.92017723197985,,S
6495,1,1,"Mills, Mr. Alexandra",female,20.402487182440456,0,1,SOTON/O 842556,43.1779198937168,,Q
6496,0,2,"Flowers, Mr. Samuel",female,26.50078972233803,0,0,64110,82.24383188463145,,C
6497,0,2,"Lang, Mrs. Evelyn",male,20.646426405137568,0,0,SC/Paris 272613,26.490795533693056,,S
6498,0,1,"Williams, Miss. Mary",male,22.114970602613827,1,0,49246,55.620538859332825,,S
6499,0,2,"Williams, Mrs. Andrew",female,41.420840947395014,0,0,19911,38.910837907496045,,S
6500,1,3,"Carter, Mrs. Judy",female,40.022354434904955,0,0,77253,34.620217283170845,,S
6501,0,2,"Reyes, Master. Alicia",male,29.917910953501664,0,2,A/5 707549,209.06329652809976,,S
6502,0,3,"Woods, Mr. Michael",female,44.36815219376757,0,0,SOTON/O 927640,0.8831427507878242,,S
6503,0,3,"Torres, Mr. Kyle",male,41.108206136920344,0,0,13939,26.775138467855758,,S
6504,0,2,"Mullen, Mrs. Renee",male,27.727321395633002,1,0,93300,133.0902513142766,,C
6505,0,1,"Walter, Dr. Debra",female,8.525893614881117,3,0,56399,131.65747202989238,,S
6506,1,2,"Brown, Miss. Chad",male,41.616962111286036,2,1,SOTON/O 684659,68.85964852205151,,S
6507,1,3,"Robinson, Mrs. Amy",male,32.37530469402765,1,0,SOTON/O 604852,44.8129267705639,,C
6508,1,2,"Buchanan, Miss. Terri",male,30.311128491808287,0,2,24508,58.69576741482119,C137,S
6509,1,1,"Craig, Mrs. Jennifer",male,23.475327719863984,1,0,19007,14.579555963655789,G157,S
6510,1,1,"Baker, Mrs. Robert",female,40.42508528762842,2,0,64987,33.510165726687106,,S
6511,0,3,"Miller, Master. Anthony",male,34.87894753399901,0,2,W.E.P. 899020,38.40010599329867,,S
6512,1,2,"Wilson, Mrs. Nathan",male,26.684407400767846,1,0,89241,3.2921105283509493,G28,S
6513,1,3,"Gardner, Dr. Hannah",male,12.843636338935237,0,0,18085,100.578036457648,,S
6514,1,3,"French, Dr. Daniel",female,44.95100742632107,0,0,85053,30.503574893225537,,S
6515,0,3,"Myers, Mr. Brian",male,38.468673124182274,0,0,60820,114.58311382421451,B173,S
6516,0,3,"Smith, Mrs. Ryan",female,33.57564059923834,0,1,63186,24.711541039724928,,S
6517,1,3,"Wilson, Mr. Gregory",female,0.42,0,0,25829,26.28572226647643,C11,S
6518,1,3,"Hernandez, Mr. Nicole",female,29.46948040037516,0,0,86319,13.99999238892822,,C
6519,1,3,"Johnson, Miss. James",female,26.62314815134071,0,1,96017,51.68657548766369,,S
6520,0,1,"Reed, Master. Jennifer",male,21.341060409239233,0,0,CA 972537,39.75871044505608,B35,C
6521,0,1,"Stevens, Miss. Pamela",male,40.559293899899984,0,0,SC/Paris 494041,122.07452632615518,A49,S
6522,0,3,"Nguyen, Dr. Ashlee",female,40.00804047834188,2,0,74139,28.039061300822933,,S
6523,1,3,"Hoffman, Miss. Kelly",male,36.11554604069343,1,0,59854,52.21684034632554,,S
6524,0,3,"White, Master. David",male,44.5304728067484,0,0,63219,61.47534997013335,E156,S
6525,0,3,"Flynn, Dr. Bridget",male,15.687820803526204,0,0,W.E.P. 138584,19.27251709098651,,S
6526,1,3,"Lee, Miss. Teresa",male,23.648843205229706,1,0,CA 341638,106.35857529096278,,S
6527,0,2,"Pittman, Master. Elizabeth",female,31.04709168460128,0,0,24966,23.970483121790245,,S
6528,1,3,"Riddle, Mrs. Christina",female,21.291971730809188,1,0,46054,50.717137193073555,,S
6529,0,1,"Willis, Mrs. Rachael",male,40.180369103849586,0,0,PC 433540,47.83486929854185,,S
6530,1,3,"Lopez, Mr. Alison",male,22.689188126156267,1,0,51661,27.35787505161447,,S
6531,0,3,"Gonzalez, Miss. Justin",male,48.177180062254564,1,0,SOTON/O 553702,10.126645158153666,,C
6532,1,3,"Maxwell, Dr. Tammy",male,16.963768375497345,0,1,32574,44.88544665954334,,C
6533,1,2,"Webb, Mr. Sharon",female,59.847771093008646,3,1,PC 595703,23.542960287523808,G28,S
6534,0,1,"Moore, Miss. Lauren",female,58.41016297843392,1,1,CA 312349,23.828598025252912,E47,S
6535,0,2,"Ross, Dr. Jennifer",male,28.673455951585176,0,0,PC 870426,33.95448538984587,,S
6536,0,3,"Sherman, Mrs. Cynthia",male,46.04638631296048,1,1,38019,56.54244495517899,,S
6537,1,3,"Yoder, Mr. Michelle",male,24.394007152879503,0,0,A/5 216795,65.39622016172866,,S
6538,1,2,"Moran, Dr. Lawrence",female,44.18601097523883,0,0,CA 147211,27.849790155490073,,C
6539,0,3,"Reeves, Miss. Alejandro",male,27.53630335960521,0,0,58953,6.384880772365325,,S
6540,0,3,"Cannon, Mr. Brittany",male,12.003841420881223,0,0,SC/Paris 506113,78.44226444577626,,S
6541,0,1,"Martinez, Dr. Scott",female,0.42,0,1,W.E.P. 417589,55.34438722471199,,S
6542,1,3,"Moore, Miss. Robert",female,26.238011755011456,1,0,72413,80.64537541156683,D161,C
6543,1,3,"Mclaughlin, Dr. Kevin",female,33.9068751215941,1,1,76662,18.981690392827847,F141,S
6544,0,3,"Strong, Mr. Craig",male,48.62442996450703,0,1,SC/Paris 758368,119.91056711601038,C44,S
6545,0,3,"Lawrence, Miss. Jeffrey",male,30.512750450119466,0,1,STON/O 457257,15.240110223858261,,Q
6546,0,3,"Taylor, Master. David",male,44.04074188604624,0,2,STON/O 883766,17.107877049557,,S
6547,0,3,"Garcia, Mr. David",female,23.644818338898624,0,0,W.E.P. 960692,38.43408145063057,E196,Q
6548,0,1,"Harris, Dr. Sandy",female,25.27809442655977,0,1,SC/Paris 628292,296.5161956269588,A56,S
6549,0,3,"Krueger, Master. Lee",female,44.7564995554002,0,1,89419,11.291898909350975,,S
6550,0,1,"Perez, Miss. Pamela",male,0.42,1,0,STON/O 496640,91.16375621166033,,S
6551,0,1,"Merritt, Mrs. Elizabeth",female,30.18177360464082,0,0,W.E.P. 541275,0.11776036273886187,D17,S
6552,0,2,"Alvarez, Dr. Michael",male,24.40054110621789,0,0,92137,13.559055118388253,,S
6553,0,1,"Peterson, Dr. Virginia",male,49.04855686793198,0,0,86256,21.243231984944845,C90,S
6554,0,3,"Jackson, Mr. Joel",male,22.60455187028252,0,1,W.E.P. 362051,52.29258701954902,B57,C
6555,1,3,"Carney, Mrs. Gabriel",female,37.23218957398132,0,0,SOTON/O 763477,6.038285027563166,,S
6556,1,2,"Keith, Mr. Lee",male,42.90123757068572,0,1,CA 380844,6.8884704289075005,,S
6557,0,3,"Wade, Master. Eric",female,9.103656082174254,2,0,93117,7.912120969835898,,S
6558,0,3,"Lane, Mrs. Candice",female,28.048815684165383,0,0,55169,54.31751528513954,C179,C
6559,1,3,"Gregory, Mrs. Katherine",male,23.957089922796868,2,1,64706,6.088149310224302,G81,C
6560,1,3,"Sanders, Mr. Lori",female,43.24810545561432,0,0,A/5 916065,25.39359659738186,,S
6561,0,1,"Bishop, Mrs. Benjamin",male,39.45114577137071,2,1,52586,8.52023450693005,,S
6562,0,3,"Hill, Dr. Stephanie",male,26.73517157917145,1,3,49399,24.069057138345038,,Q
6563,0,3,"Wilson, Miss. Todd",male,15.336287294175277,0,0,W.E.P. 913336,62.595840636218256,G116,S
6564,0,3,"Sullivan, Mr. Sue",female,44.53405374428126,2,0,22701,16.26736415300217,B150,S
6565,0,3,"Butler, Master. Mark",male,29.052861127617057,1,0,SC/Paris 439005,48.0704503623612,,C
6566,0,3,"Welch, Mr. Stephen",female,7.3427280806555295,0,0,STON/O 592729,14.284523550076322,,S
6567,1,3,"Small, Mr. Jacob",female,8.546674414421066,0,0,11063,66.88925197400106,,S
6568,0,3,"Harris, Master. Cynthia",male,36.12686802102167,1,0,70733,75.04385273767188,,S
6569,0,3,"Herrera, Master. Sally",male,12.138713301282738,0,0,A/5 430509,18.581723996859616,,S
6570,0,2,"Curry, Master. Matthew",female,56.035064910450586,0,0,SC/Paris 997354,1.2038617384902166,D75,S
6571,0,2,"George, Miss. William",male,16.881016018969373,0,0,A/5 539272,6.910573103018041,E56,C
6572,0,1,"Simpson, Master. Brian",female,29.994949844998132,0,0,86877,33.76099594033883,,S
6573,0,3,"Marquez, Master. Eric",female,32.22756752624428,1,0,27591,24.067791674913185,,Q
6574,1,3,"Barnes, Mrs. Kyle",male,19.78871165068416,1,1,59736,21.198767932229607,,S
6575,0,1,"Elliott, Mr. Gregory",female,0.42,0,1,PC 219191,43.2921261797118,,C
6576,1,3,"Marshall, Master. Christina",male,32.67253136662718,0,0,96988,8.807088486962162,,Q
6577,1,3,"Martin, Master. Daniel",female,19.454640138568386,1,0,W.E.P. 407853,30.502962459492277,,S
6578,0,3,"Clark, Miss. Brian",male,31.631537986630203,0,1,39977,11.369119073212081,A188,S
6579,0,1,"Watkins, Master. Cindy",female,28.287365268658075,1,1,A/5 652037,198.32350462691923,G99,Q
6580,0,3,"Kennedy, Miss. Randy",male,33.68607747300525,0,0,A/5 506801,2.4923174265017263,E87,S
6581,1,3,"Zhang, Master. Bryan",female,51.866181689184835,1,0,80228,0.7954039555824333,,C
6582,1,3,"Harris, Dr. Theresa",male,22.353437821820286,0,1,26764,41.5264089940227,E48,C
6583,1,3,"Kim, Dr. Jennifer",male,23.436174839205055,0,0,W.E.P. 634397,3.233822440182886,,C
6584,0,3,"Lawrence, Mrs. Charles",male,6.678837761445543,0,0,PC 239114,83.29792871226775,,C
6585,1,2,"Lopez, Mrs. Christian",female,27.267424684609875,0,1,97855,85.62783180079914,,S
6586,0,3,"Watts, Miss. Joseph",male,35.73817984984953,0,1,12901,28.304489558715723,,S
6587,0,1,"Clayton, Dr. Christopher",female,23.231071714005623,0,0,STON/O 563319,91.12282768205444,,S
6588,0,2,"Hendrix, Miss. James",female,35.830027005676875,2,0,80472,67.45171366684596,C41,S
6589,0,1,"Williams, Dr. Jonathan",female,27.514880643151326,0,0,98719,7.275295485151339,,S
6590,1,2,"Joseph, Master. Suzanne",male,11.768272668434143,0,1,PC 438110,98.16347563474751,,Q
6591,0,2,"Anderson, Mrs. Allison",female,34.367790996563464,1,0,22081,103.68440107399253,,C
6592,0,3,"Davidson, Master. Shane",male,27.11835013008976,0,0,PC 645136,19.483005446154568,C131,S
6593,0,3,"Jones, Miss. Patrick",female,31.718609499731013,0,0,73087,74.58120631204211,,S
6594,1,2,"Paul, Dr. Robert",female,22.06270163505417,1,1,A/5 167957,113.82707435786241,,Q
6595,1,3,"Wilson, Miss. Stephen",male,20.824364678127473,2,0,A/5 688242,68.45097227506844,,S
6596,0,1,"Ross, Miss. Tyler",male,32.20375130574151,0,0,STON/O 417098,4.9364808708786745,,S
6597,0,1,"Larson, Dr. Timothy",male,26.771601231410113,1,1,W.E.P. 813583,4.971320499030057,,Q
6598,0,3,"Murphy, Mrs. Deborah",male,54.13989548836972,2,0,SOTON/O 598471,201.9683121210548,,S
6599,1,3,"Brown, Dr. Megan",female,41.182227170256304,0,0,95625,38.973626898051926,,S
6600,0,3,"Mitchell, Mrs. Ellen",male,37.630059632547635,0,0,42841,51.703970716335036,,S
6601,0,2,"Zamora, Master. Hannah",female,27.515268778980197,0,1,65225,121.6684358886421,,S
6602,0,3,"Hill, Miss. Shelley",male,1.6356717213288725,1,0,STON/O 436581,0.3732401486366018,,C
6603,0,3,"Campos, Master. Lisa",female,18.693671013352493,0,1,SOTON/O 787952,27.81657599106379,,S
6604,1,3,"Lopez, Mrs. Brandon",female,20.937891663819546,0,0,CA 317001,41.781580856244396,,C
6605,0,1,"Steele, Master. Catherine",female,26.150218591941204,0,0,13217,0.10722870480705735,,S
6606,0,3,"Smith, Mr. Pamela",male,29.53296700854065,0,0,90611,48.96345168042271,,C
6607,0,3,"Barton, Mrs. Jennifer",male,39.18504951679694,1,0,A/5 283458,95.16954612551072,,S
6608,0,3,"Campbell, Mrs. Jason",male,33.824037854980915,1,0,W.E.P. 536928,2.8236393760616254,,S
6609,1,1,"Lee, Dr. Whitney",male,46.22884468057867,1,0,SOTON/O 824670,81.53960471068663,,S
6610,0,3,"Campbell, Mrs. Amanda",male,25.633372370730505,1,0,PC 855354,189.77806653921348,B156,C
6611,1,2,"Haynes, Master. Tyler",female,33.600281218382264,1,0,W.E.P. 195079,126.46654061820558,,S
6612,1,3,"Edwards, Miss. Trevor",male,34.81381918890321,0,0,33046,38.50288498309555,,S
6613,0,1,"Wilson, Miss. Cody",male,33.440167981020245,1,0,21656,98.4708954826803,,S
6614,0,1,"Cook, Dr. Michael",male,47.94646347116199,0,0,PC 868424,73.62238797963113,,S
6615,0,3,"Reid, Mr. Michael",male,41.2528405184607,0,0,STON/O 274920,85.09566593294487,,S
6616,1,2,"Johnson, Master. Jeremiah",male,11.528354926980086,0,3,87093,25.379081809767616,B43,S
6617,0,1,"Fry, Mr. Edgar",female,28.39936461316924,0,0,SC/Paris 775739,32.27701377045,C166,C
6618,0,2,"Wilkerson, Mr. Rachel",male,29.804368448782867,0,0,31912,13.664194851982122,,S
6619,0,1,"Patel, Mrs. Joseph",female,60.12157489173008,0,0,SOTON/O 240109,2.647341191438247,,S
6620,1,3,"Petty, Miss. Monica",male,25.382923462563422,0,0,SC/Paris 410904,45.46953452795819,,S
6621,0,3,"Taylor, Mrs. Katie",female,16.245225353293456,1,0,A/5 656110,18.522481968035954,,C
6622,0,3,"Armstrong, Master. Tina",male,36.13655601267301,1,0,48610,34.92886248721871,,S
6623,0,2,"Smith, Mr. Joel",female,36.95780007473291,1,0,W.E.P. 693892,164.42747877024883,F189,S
6624,0,3,"Lopez, Dr. Chad",male,28.96717990778431,0,1,84064,3.2615155530085844,,S
6625,1,3,"Ortega, Dr. Matthew",male,26.91634595840754,1,0,W.E.P. 774014,103.37034439325188,,C
6626,0,3,"Adams, Mr. Dean",male,43.2846553848692,0,0,54538,4.537994381407373,A59,S
6627,1,3,"Smith, Mr. David",female,18.049625840362516,0,0,PC 833718,53.0047538495073,,S
6628,1,3,"Maxwell, Mr. Aaron",female,25.226653199840495,0,1,31430,21.02339633088568,,C
6629,0,3,"Branch, Dr. Peter",male,22.689901930412574,2,0,SC/Paris 306736,5.276217881606016,,S
6630,1,2,"Robinson, Dr. Carlos",male,45.31452436668823,0,0,42924,70.72216887257284,G152,Q
6631,0,1,"Johnson, Mrs. Danielle",male,33.99691884600881,0,0,PC 120879,59.963059361025664,,S
6632,0,3,"Parker, Dr. Sherri",male,15.090082637502215,0,1,16685,51.118368470202014,G62,Q
6633,1,3,"Hughes, Mrs. Victoria",male,16.496910494321234,0,0,65460,167.4523143171222,,S
6634,0,1,"Cabrera, Master. Michael",female,56.22781173057012,1,0,77726,1.1981174985875904,,S
6635,1,2,"Parker, Mr. Aaron",female,45.16504847349856,1,1,SC/Paris 144236,28.516653779622004,,S
6636,0,3,"Barrera, Master. Mallory",female,41.781703941328715,1,1,SOTON/O 374941,41.352557669731254,,S
6637,1,3,"Mitchell, Dr. Sophia",female,30.171457173626795,0,1,57880,22.135091175171137,,S
6638,0,1,"Castillo, Miss. Tracy",male,51.11862536168573,1,0,93887,55.35701911262617,,C
6639,0,2,"Peters, Miss. Melissa",male,14.552332996304381,0,0,STON/O 674307,114.73225583993477,G135,S
6640,0,3,"Parker, Dr. Rachel",male,40.54154517086287,0,1,CA 347981,59.69838246536684,,C
6641,1,3,"Miller, Miss. Amanda",male,23.794170908642112,0,1,SC/Paris 415296,42.12587175011484,,S
6642,1,2,"Gillespie, Master. Brian",male,26.515493524826784,0,0,A/5 196324,66.9401271233856,,S
6643,0,3,"Carney, Mrs. Catherine",female,40.16104970765342,0,0,W.E.P. 626641,5.80595825328416,,S
6644,1,3,"Myers, Miss. Connor",female,27.990194878458894,0,1,STON/O 644434,49.71186669394835,,S
6645,0,3,"Park, Master. Ashley",male,23.91420196754239,0,0,CA 854528,26.148601984259756,,S
6646,0,3,"Jenkins, Mrs. Christina",male,23.067792926769044,2,0,38734,19.194627304486033,C105,S
6647,1,3,"Lambert, Miss. Robert",female,2.191159562844259,1,0,62822,35.37331016733064,,S
6648,1,2,"Hanson, Master. Stephanie",female,40.68485066985919,0,0,87056,81.6693447447961,,S
6649,1,1,"Moore, Miss. Brian",male,15.907178980816893,0,1,A/5 703154,26.599928859932813,,S
6650,1,2,"Johnson, Master. Jennifer",female,56.01773167922989,2,0,SOTON/O 737880,60.60853016939344,,Q
6651,0,1,"Williams, Master. Alicia",female,25.9734243025901,0,0,68456,44.4453258641344,,S
6652,1,1,"Gill, Dr. Brittany",male,48.332157164243405,1,0,54580,123.93955479815719,,C
6653,0,2,"Sutton, Mr. Corey",male,4.673565542442468,1,0,17243,29.42513183906112,,Q
6654,0,3,"Rogers, Dr. Crystal",female,40.24076229678038,0,0,15275,85.71770334436063,,S
6655,0,3,"Taylor, Dr. Jessica",female,43.839780255165365,1,0,CA 991903,92.25064317694816,,S
6656,0,3,"Dixon, Miss. Robert",male,48.249890881102075,0,0,26993,31.1974332955746,,S
6657,0,3,"Holden, Dr. Dave",female,8.607457180987414,0,1,A/5 683046,33.52910638614285,,Q
6658,0,1,"Robinson, Dr. Jesse",female,20.161939080782993,3,2,PC 773304,20.27932010455973,,S
6659,0,1,"White, Miss. Lauren",female,38.07113933858513,0,0,STON/O 809527,34.21459657686695,G101,S
6660,0,1,"Buchanan, Master. John",male,32.078187703817534,0,0,W.E.P. 496253,14.33438503446203,,S
6661,0,3,"White, Mr. Marco",female,34.107034995893684,1,0,88848,97.69041985572467,D175,C
6662,0,1,"Haley, Miss. Kelli",male,24.95598751866935,2,0,W.E.P. 629467,14.378319974529838,,S
6663,0,3,"Garza, Miss. Sharon",male,51.71118061077968,0,1,SOTON/O 191512,14.894921694934506,D141,S
6664,1,3,"Farmer, Master. Nicole",female,66.51851627591739,2,0,STON/O 936339,113.00435581316034,G70,C
6665,1,1,"Cannon, Mr. Carlos",male,31.455718936127248,0,1,SOTON/O 834082,37.98147378469466,,S
6666,1,1,"Ball, Dr. Mike",male,36.34789743707353,0,0,92218,5.554279716816154,E151,Q
6667,0,3,"Martinez, Mrs. Kenneth",female,30.787412438719446,0,1,62535,21.21136904034876,,S
6668,1,3,"Brennan, Dr. Linda",female,47.97674758666412,0,0,STON/O 743164,61.104537832141695,,S
6669,0,3,"Ayala, Master. Angelica",male,41.60762797959536,0,0,W.E.P. 445888,26.02732693964185,,S
6670,0,2,"Erickson, Mr. Sarah",male,15.070672011084188,1,0,A/5 844124,27.510926020312404,,S
6671,0,3,"Smith, Miss. Alexander",male,21.422171853074968,1,0,W.E.P. 270937,34.526344716477695,,S
6672,1,2,"Woods, Mr. Isaac",male,15.869844897917583,0,0,73264,12.583927821063426,,C
6673,0,3,"Shaffer, Master. Joseph",female,67.72751265073714,0,0,37123,27.587125267502422,,S
6674,0,3,"Boone, Mr. Julia",female,38.89436497014896,0,0,10485,12.125370173843617,,S
6675,0,3,"Smith, Master. Paige",female,21.660392834463046,0,0,65158,21.596497981228016,,C
6676,1,2,"White, Mr. Erica",male,20.54227143125224,0,0,37064,38.00388674663665,F193,S
6677,1,3,"Douglas, Mr. Ann",female,41.273237821536746,0,1,40263,59.16336967596183,F132,S
6678,0,2,"Burgess, Mr. Jessica",male,42.66888209522787,0,0,74877,50.24583563683832,C74,S
6679,0,1,"Taylor, Mrs. Crystal",female,41.17350798318174,0,0,13958,42.84507074479348,,S
6680,0,2,"Schneider, Miss. Charles",male,24.042196978903924,0,1,STON/O 908794,45.259364396736935,,C
6681,1,3,"Ho, Mrs. Bobby",male,34.28181102179849,2,0,CA 969040,35.762334379819535,,S
6682,0,3,"Mann, Mr. Lauren",male,31.552811366867378,1,1,96777,47.6754658730432,D64,S
6683,1,1,"Morrison, Miss. Kelli",male,16.892354785862025,0,0,CA 239376,23.5416999305897,,S
6684,0,3,"Collier, Dr. Kathleen",female,17.029086199735694,0,0,SC/Paris 560912,114.85387010285008,,S
6685,1,2,"Morgan, Mr. Cody",female,35.7675106236039,1,1,46786,44.64828908845589,C131,S
6686,0,2,"Edwards, Mr. Cheryl",female,32.75031513461122,0,0,46011,137.90780842465074,E97,S
6687,0,2,"Mcintosh, Miss. Maria",female,37.74692395179096,0,0,W.E.P. 836597,25.924584313632508,,S
6688,0,3,"Ray, Dr. Tiffany",male,41.07432254171205,0,0,32062,25.08625168842304,,S
6689,0,3,"Cantrell, Mr. Jose",male,50.991356714965406,1,0,50547,167.64875681287236,,Q
6690,0,3,"Simpson, Mr. Kimberly",female,19.137338594375343,0,0,87260,65.29214677885994,,S
6691,1,3,"Garcia, Master. Ethan",male,38.82330678215535,1,1,CA 973899,36.567342422702204,,S
6692,0,2,"Thomas, Mrs. Wendy",male,40.48878343140159,1,0,A/5 742473,63.38225362513763,E64,S
6693,1,3,"Gallagher, Miss. Barbara",female,25.630174224643778,0,0,W.E.P. 286592,25.268988852247837,,S
6694,1,1,"Rowe, Mrs. Cindy",male,31.70608456996976,1,0,STON/O 458993,71.10802924268785,,C
6695,0,3,"Cabrera, Mr. Brenda",male,25.988180206254967,0,0,STON/O 803437,11.759418747407132,,C
6696,1,3,"Green, Mrs. Michele",male,59.52026536700045,0,0,CA 613120,150.67427795605963,,S
6697,1,3,"Gordon, Dr. Brooke",male,31.467937666175487,0,1,CA 680391,30.88849078112141,,Q
6698,0,3,"Harrell, Mr. Lauren",male,36.32107152195951,0,1,82372,4.875486124263849,,S
6699,1,3,"Gillespie, Miss. Emily",male,26.30421984315904,0,0,W.E.P. 754366,93.22064002529521,,S
6700,0,1,"Morales, Master. Lorraine",male,23.28511607248894,0,0,A/5 613456,112.38515129731024,,S
6701,0,3,"Jones, Mr. Matthew",male,11.77196273617652,0,0,SOTON/O 368448,65.45890201120787,,Q
6702,1,1,"Petersen, Miss. Sean",male,45.39816074615466,0,0,28477,49.67262705398459,A1,S
6703,0,1,"Alexander, Dr. Matthew",female,40.75812496355241,0,0,CA 844351,131.84624824496674,D159,C
6704,0,3,"Martin, Master. Antonio",male,25.78464977784301,0,0,36444,48.65045372986068,,C
6705,0,3,"Young, Mr. Brian",male,17.394821357104803,0,0,SOTON/O 618057,78.37049404000558,B150,S
6706,1,1,"Pruitt, Mrs. Javier",male,32.51871936988201,0,0,71597,31.86152726312076,,S
6707,1,3,"Hall, Mrs. Jennifer",male,23.03224471184243,0,0,28860,64.95187412541854,,S
6708,0,3,"Good, Mr. James",male,26.8914040391503,0,0,PC 627860,344.51506800936727,,S
6709,1,3,"Richardson, Miss. Jessica",male,12.310160775559623,1,0,46744,24.10422520010611,,C
6710,1,3,"Warner, Dr. Paula",female,33.03897412907242,0,0,PC 307793,63.66734220985173,,Q
6711,0,3,"Daniel, Miss. Scott",male,33.31804482784249,0,0,96222,8.060808299624762,B162,S
6712,0,2,"Reed, Miss. David",female,45.32612037935558,0,0,34871,50.40640575126254,,S
6713,1,3,"Briggs, Mrs. Regina",male,27.889618039143507,1,1,78439,19.495928128917033,,S
6714,1,3,"Ingram, Mr. Megan",male,25.33012531914629,1,0,STON/O 218833,100.7190189030724,,S
6715,1,3,"Miller, Master. Tina",male,8.205347874358846,3,0,W.E.P. 396104,22.28620464783034,,C
6716,0,3,"Johnson, Mrs. Ryan",female,45.41345327707681,1,0,W.E.P. 561422,29.45235239970559,,S
6717,0,2,"Norris, Mrs. Richard",male,42.49952363179743,0,0,34692,196.38304303017117,,S
6718,0,1,"Wilkins, Mr. Jason",male,30.402338179695224,0,0,STON/O 203033,12.127205647165988,,C
6719,0,2,"Adkins, Master. Stephanie",male,11.390765236574786,2,1,60769,41.59299101816978,,C
6720,0,2,"Ruiz, Master. Tony",female,12.996621564766016,1,0,14749,99.66626264050245,,S
6721,1,2,"Gallagher, Miss. Tim",female,22.340516997299947,0,0,94360,18.904178596900557,,S
6722,0,2,"Flores, Mrs. Nicole",female,43.51315992413329,0,1,65474,0.7695487671006527,C1,S
6723,1,3,"Livingston, Miss. Amy",male,34.064726893382925,0,0,66236,113.33240144746568,,Q
6724,0,3,"Anderson, Master. Shelby",male,9.092999355655145,0,0,STON/O 584295,48.3308202962116,E33,S
6725,0,3,"Lawrence, Mr. Paul",female,35.65896680440309,1,0,48831,13.095853714543908,D143,S
6726,0,3,"Murphy, Miss. Mitchell",male,18.251947891607998,0,1,33549,16.17131069586968,G128,C
6727,0,1,"Hooper, Mr. Jennifer",male,22.68902882882996,0,1,PC 280529,80.3688210405779,F33,S
6728,0,1,"Lin, Miss. Joshua",female,43.604332175303874,3,1,83029,51.37480138392745,,S
6729,1,3,"Johnson, Mr. Paige",male,40.717057172931646,0,0,85260,65.95057155044387,B178,C
6730,1,3,"Larsen, Mr. James",female,45.30339835955593,0,0,80394,43.04544422447062,,S
6731,0,3,"Gibson, Mrs. Erik",male,29.67613073282103,0,0,W.E.P. 366501,78.0420351886259,,S
6732,0,1,"Hernandez, Mr. Sean",male,42.36234381012662,1,1,STON/O 376179,86.0370307544163,,S
6733,1,2,"Fleming, Master. Patricia",male,21.7940923073172,2,0,PC 158133,24.461097001083008,,S
6734,0,3,"Lewis, Mr. Gina",female,26.39407691552589,0,1,SOTON/O 694707,115.61235402928183,,S
6735,0,3,"Thomas, Mr. Stacey",male,25.431894858332928,0,0,84179,35.18003221665636,,Q
6736,0,3,"Wilson, Dr. Antonio",female,30.334110255142914,0,0,A/5 684387,8.727524391595288,E33,S
6737,1,3,"Johnson, Mrs. Troy",female,11.989124791630903,1,1,50597,12.325376925311996,,C
6738,0,3,"Grimes, Mrs. Barry",male,26.849931356272936,1,0,65214,66.18002193991236,,C
6739,0,3,"Thomas, Mrs. Daniel",male,50.32320222126234,0,0,90067,23.68779784060261,F115,C
6740,1,3,"Wade, Mrs. April",female,14.704605734639925,1,0,12802,15.220368060936293,G11,C
6741,0,3,"Walker, Mrs. Michael",female,11.389502053189545,0,0,80418,46.41462337804943,,C
6742,0,3,"Rogers, Dr. Craig",male,12.518363412728807,0,1,STON/O 364210,76.22502237537203,,C
6743,0,3,"Giles, Mr. Melissa",male,67.26603221704498,0,1,42594,5.783251580212542,,S
6744,1,3,"Ramirez, Miss. Samantha",female,36.50792773218529,2,1,57448,29.81246252974644,,C
6745,0,1,"Sullivan, Mr. Jessica",male,26.21628461922064,0,1,91012,73.80448623343173,C110,S
6746,1,3,"Brown, Mrs. Justin",female,30.956485782113912,0,0,47637,116.97741557083606,,S
6747,1,3,"Green, Master. Ronald",male,33.18695158945545,0,0,SOTON/O 856035,0.6821483340708496,,S
6748,0,1,"Buchanan, Dr. Kelly",female,21.033700339788673,0,0,10650,53.368751062292205,,S
6749,1,3,"Stewart, Miss. David",male,22.75896551807256,0,1,25711,45.48703016034281,,S
6750,0,1,"Cowan, Mrs. William",male,27.79243614917158,2,0,STON/O 212061,36.46369490631615,,S
6751,0,3,"Richardson, Miss. Nichole",male,19.853428764711314,0,0,99835,8.729400798213309,B135,S
6752,0,3,"Casey, Dr. Michele",male,24.44291550170336,0,0,PC 313989,67.69865531942457,,Q
6753,0,1,"Serrano, Mrs. Darin",male,34.94328208262484,0,1,SC/Paris 400235,24.94452098552318,A195,S
6754,0,3,"Beck, Dr. Joshua",male,16.039855485318604,1,0,76334,13.369474525274184,,C
6755,0,3,"Parsons, Dr. William",female,66.53929189326993,0,0,A/5 301167,94.86437477993466,,Q
6756,0,3,"Hanson, Mr. Nicole",male,40.5441925524068,0,1,W.E.P. 734922,18.338431504488266,,S
6757,1,2,"Ramos, Mrs. Kevin",male,12.218813660822875,1,0,STON/O 978586,11.05824776154457,,C
6758,0,3,"Sanchez, Mrs. Cynthia",female,0.42,1,0,A/5 465304,18.701704454719387,,C
6759,1,3,"Hopkins, Master. Joseph",female,20.3749540080711,1,0,14870,9.986779025657224,,S
6760,0,3,"Singleton, Mr. Tina",male,39.581049094501466,1,0,SOTON/O 362618,75.09045103414697,,Q
6761,0,1,"Brown, Mrs. Michael",male,36.86657852230147,0,1,CA 787317,10.048934252667538,,S
6762,0,3,"Lin, Mrs. Crystal",male,28.448120855119424,0,0,24964,63.05681877125628,C156,S
6763,0,1,"Stephens, Miss. John",female,21.5798055439968,0,0,PC 790747,8.866729452389741,,C
6764,0,3,"Marquez, Master. Thomas",female,17.34216076411298,1,0,PC 715866,12.828969098500242,D179,S
6765,1,3,"Lawson, Dr. Chris",male,24.3638370044669,1,1,PC 370555,20.967038463587777,,S
6766,1,1,"Martinez, Master. Nancy",male,15.82668036641357,0,0,CA 569061,149.84728731473976,,S
6767,1,3,"Donovan, Mr. Larry",male,24.415711413081706,0,1,94701,122.56365192421153,,C
6768,0,2,"Mccarty, Master. Melissa",male,48.633313101519505,0,0,CA 388190,4.447884491565997,,S
6769,1,3,"Jones, Master. Justin",male,19.202642810508408,0,0,66706,20.460329197351072,E41,S
6770,0,3,"Richardson, Master. Jasmine",female,38.55233796272783,0,1,SOTON/O 786802,21.258751967720794,G129,Q
6771,0,3,"Newman, Miss. David",male,40.68793338177884,1,0,57185,11.885199251782414,,Q
6772,1,3,"Williams, Mr. David",female,14.885581540497174,1,0,PC 123575,28.6010986788431,G84,S
6773,1,3,"Williams, Dr. Robin",female,18.19279375616695,0,0,CA 458858,68.91536687359034,G192,S
6774,0,3,"Bailey, Mr. Jane",female,44.96520811781505,0,0,A/5 611046,5.231437131644566,C69,S
6775,0,3,"Hill, Dr. Amy",male,17.03930344489023,0,0,41475,55.683943304429796,,Q
6776,0,2,"Maxwell, Miss. Gregory",male,29.195199511048752,0,0,PC 665125,15.106869426860086,,S
6777,1,3,"Brown, Mr. Monica",male,58.559773510359356,0,2,SC/Paris 568893,51.42257316935404,,C
6778,0,3,"Aguirre, Miss. Jeremiah",female,43.71765159885909,0,1,PC 970798,57.26845693223386,C76,S
6779,1,2,"Smith, Miss. Patricia",male,31.193226324297925,1,0,PC 546900,65.12293405293163,,S
6780,0,2,"Ali, Mrs. Kathryn",male,41.770228043437555,0,0,27010,98.9199854744495,,S
6781,0,2,"Nguyen, Master. Michelle",male,29.217090805603743,1,0,80488,114.93949748238539,C152,S
6782,0,2,"Mejia, Dr. Steve",male,44.25524566484863,0,0,W.E.P. 633381,71.17494133284931,,C
6783,0,1,"Petersen, Mrs. Jacob",female,1.352283961149407,0,1,SC/Paris 778211,32.802036062081015,E8,S
6784,0,3,"Perez, Miss. Savannah",male,28.050276050750767,1,0,CA 283463,2.2594239560461213,,S
6785,1,3,"Garza, Miss. Edward",male,0.7912413077004956,1,0,A/5 648007,138.31642709064266,B154,S
6786,1,3,"Bishop, Mrs. Russell",male,32.258972635245605,0,0,99856,45.98074537956286,C105,S
6787,1,2,"Alvarez, Dr. Evelyn",male,26.693509424182217,0,0,STON/O 510519,38.239785876711395,,S
6788,1,3,"Garner, Master. Erin",female,49.05021785299262,0,0,PC 631044,13.68801499905716,B64,S
6789,1,3,"Maldonado, Mr. Kimberly",male,39.965583160367345,1,1,PC 925445,57.63803780261909,,C
6790,0,3,"Stevens, Master. Larry",male,22.63477237443907,1,0,STON/O 290420,262.29529383948045,,S
6791,1,3,"Ryan, Master. Melanie",female,24.31297240786789,1,0,W.E.P. 122472,20.02605181988798,,C
6792,0,1,"Ramirez, Mrs. Angela",female,35.329751423216926,0,1,W.E.P. 432674,80.36701317432708,F146,C
6793,0,3,"Lopez, Mrs. Donna",male,21.98415170425418,0,0,55759,17.20365836429241,,S
6794,0,3,"Fox, Mrs. Alexandria",male,29.546780990616373,0,0,29111,33.44527700443867,,C
6795,0,2,"Hale, Dr. Douglas",male,48.433772903208165,0,0,28219,11.994539341946995,,S
6796,0,1,"Rodriguez, Mrs. Samantha",male,18.3921774305747,1,0,A/5 784501,35.95245835912997,,S
6797,1,1,"Fuller, Mrs. Scott",male,23.73255887661046,0,1,52369,30.74460491027483,G170,S
6798,0,1,"Frazier, Mrs. Martin",male,25.69594716370957,0,0,67966,1.9846720130832087,,Q
6799,0,1,"Obrien, Miss. John",female,74.21302796659873,0,0,76372,24.047612409458424,G41,Q
6800,0,3,"Beard, Dr. Sharon",male,38.51539727510034,0,1,PC 410344,3.238789592588657,E16,S
6801,0,3,"Rasmussen, Mr. Heather",female,45.848956746669785,0,1,66034,29.948760598642128,,Q
6802,0,3,"Jones, Master. Matthew",female,40.75375996629738,0,0,37227,196.03124700520695,,S
6803,0,3,"Coleman, Mr. John",female,41.69551412379419,0,1,PC 124054,17.334597733371584,A195,S
6804,0,3,"Smith, Dr. Louis",male,36.63002952265204,0,1,A/5 491823,36.246313133063914,B7,S
6805,0,3,"Allen, Miss. Thomas",female,35.11376880082729,1,1,53682,6.974388320313464,F17,C
6806,1,3,"Castillo, Master. Darlene",female,9.689574837440489,0,0,PC 991200,8.360178254934914,E159,Q
6807,1,2,"Taylor, Mrs. Allison",male,35.01010378880115,1,0,16822,21.961653848874914,,C
6808,0,3,"Holmes, Dr. Matthew",male,28.48318970649859,0,0,99875,33.6414970948985,,S
6809,0,3,"Chang, Master. Jason",male,37.636396639892936,0,0,69581,60.43402009800531,,C
6810,0,1,"Manning, Master. Mark",male,29.007971667033743,1,0,W.E.P. 744914,30.50400940386281,,S
6811,1,3,"Nolan, Mr. Amanda",male,40.68430009819188,0,1,SC/Paris 216566,1.2343821041808976,,S
6812,0,3,"Lopez, Master. Kevin",male,43.159055996088526,0,0,63556,15.801256210597456,,S
6813,0,3,"Smith, Master. Anthony",female,0.42,0,1,STON/O 905309,1.2542659810060552,,C
6814,1,2,"Conner, Mr. David",male,23.925500545676584,1,0,15680,125.01628571292804,E118,S
6815,0,3,"Barrett, Miss. Andrea",female,3.996583317566227,0,0,15306,1.4732474959173327,,S
6816,0,1,"Benson, Miss. Andrew",male,33.34522376498792,0,0,75337,2.543111213814127,G11,Q
6817,0,2,"White, Master. Sabrina",female,25.790082710043993,2,0,PC 124315,17.710719912377996,,C
6818,1,1,"Wallace, Dr. Andrew",male,48.98159858821248,1,0,89988,50.0283133527993,,S
6819,1,3,"Barnes, Dr. Kimberly",male,32.90142526521228,1,0,31145,22.154987339168606,,S
6820,1,3,"Williams, Master. Brian",female,23.202580329508013,1,1,PC 496476,3.177130882624252,,S
6821,0,1,"Torres, Master. Raymond",male,43.14000155783818,1,0,14136,90.471088819515,,S
6822,0,3,"Berry, Master. Nicole",male,25.5451655904158,1,1,CA 830572,60.23540495274345,,Q
6823,1,1,"Glass, Miss. Jesse",female,23.028034217488642,0,0,66148,25.239861991746043,,Q
6824,1,1,"Norris, Master. Cindy",male,35.510755804985976,0,1,PC 396743,56.49075156997399,,S
6825,0,3,"Mcguire, Dr. Katherine",female,52.5815994591526,0,0,97689,16.050701391118317,,Q
6826,1,1,"Simon, Mrs. James",male,41.949726715357514,1,0,13436,37.52481281362429,,S
6827,0,3,"Wells, Mr. Cody",male,37.93703351394066,0,1,68118,106.22542924472364,F8,C
6828,0,1,"Fields, Mrs. Jennifer",male,68.51327946930328,0,0,CA 715961,5.696583217181876,F172,S
6829,1,1,"Fowler, Dr. Brian",female,19.746259490967105,0,1,STON/O 523984,93.83112279447032,E140,S
6830,0,3,"Gomez, Dr. Tammy",male,19.4339502828105,2,0,27599,77.6879495396909,C25,C
6831,1,3,"Nelson, Master. Darlene",female,32.0379727261564,2,0,SOTON/O 358792,148.8954813352514,,C
6832,0,1,"Rodriguez, Mrs. Anthony",female,51.210369377465994,0,0,67828,36.054375023870314,D38,S
6833,0,3,"Harrell, Mrs. Christie",male,16.816396331875563,0,0,A/5 426679,16.0730417871732,,C
6834,1,3,"Miller, Miss. Ashley",male,54.564016365882836,0,0,SC/Paris 675840,21.778127119368367,,S
6835,1,3,"Stout, Miss. Justin",female,9.852285148282569,1,0,76519,51.056088794349186,G107,S
6836,0,1,"Gonzalez, Miss. Andrew",male,28.3029472899035,0,0,SC/Paris 582024,7.587407695937152,B127,S
6837,0,3,"Meza, Mrs. Meredith",male,32.428519319361094,0,0,SOTON/O 403499,21.667622524559878,,S
6838,0,3,"Nolan, Master. Lisa",male,17.643153171549372,0,0,67490,64.8104323625369,,C
6839,0,1,"Williams, Mr. Sara",female,21.30271889094919,1,1,STON/O 827404,42.63613806013107,,S
6840,1,3,"Hendricks, Mrs. Mary",female,41.152826710699316,1,0,93680,3.240382533321872,,S
6841,1,3,"Johnson, Master. Nicholas",male,50.181780395157276,0,0,44375,34.34377432131031,,S
6842,0,3,"Gray, Mr. Joshua",male,0.42,1,0,PC 983373,37.13965278160149,,S
6843,0,3,"Jordan, Master. John",female,32.523309396430406,0,1,57338,60.33319574405815,B56,S
6844,0,3,"Page, Master. Michelle",male,28.41367534937876,1,1,60570,0.5356107678984032,D40,S
6845,1,3,"Andrade, Miss. Jeffrey",female,31.503548978735306,0,0,20388,27.966067313413053,,S
6846,0,3,"Smith, Mrs. Paul",male,25.565269341373174,0,1,STON/O 981805,108.84890858370531,,S
6847,0,3,"Chase, Mr. Gregory",female,11.933182426211417,1,0,PC 712240,1.2735059531596145,,C
6848,0,3,"Arroyo, Miss. Richard",female,51.592157692624696,0,0,25120,55.79965920240316,,S
6849,0,2,"Barnes, Mr. Stacy",male,46.230614376629795,1,0,A/5 489098,12.627469835183119,,C
6850,0,2,"Harvey, Mr. Charles",male,28.544151355443645,1,0,STON/O 760163,24.509134586966375,,S
6851,0,3,"Everett, Dr. Paul",male,23.1636150253732,0,1,61179,107.7563411873581,,C
6852,1,1,"Schultz, Mr. Richard",male,21.467831193917682,0,0,66892,22.512217985052754,B84,S
6853,1,3,"Howard, Master. Diana",male,0.42,0,0,81129,39.4225052918539,,S
6854,1,3,"Lang, Mr. Zachary",female,34.95348104443376,0,0,42730,4.695837615222893,,S
6855,0,3,"Hardy, Miss. Michele",male,40.92453026423982,0,0,22121,19.630323974691002,,C
6856,0,3,"Shaw, Dr. Brittany",male,31.93062962553676,0,0,26704,7.637214060220984,,S
6857,1,3,"Espinoza, Dr. Walter",female,28.791289915603464,0,0,SC/Paris 376207,41.22629737809628,,S
6858,0,1,"Lindsey, Master. David",female,31.867369118812185,1,0,W.E.P. 448478,30.78955126093478,C72,Q
6859,1,3,"Contreras, Miss. Shawn",male,18.054836269393927,0,0,A/5 133401,15.3654504542025,,Q
6860,1,2,"Swanson, Dr. Holly",female,23.00622681681536,1,0,20189,394.19194975220336,C29,S
6861,0,2,"Copeland, Dr. Jeffrey",female,27.671337604749787,1,1,SOTON/O 909634,8.318929463256417,,S
6862,1,2,"Solomon, Dr. Brian",male,39.75347204670854,2,0,48897,87.2861922060671,,S
6863,1,2,"Shah, Mrs. Kevin",male,49.30401722613156,0,0,42609,1.8208050012236208,,S
6864,0,2,"Gill, Miss. Justin",male,26.791930198378612,1,1,PC 956506,93.81278363741131,E130,S
6865,0,2,"Reyes, Dr. John",female,15.373002474084178,0,0,STON/O 590535,32.40801663550106,F80,C
6866,0,3,"Hartman, Miss. Christopher",female,30.499055070688023,0,0,70685,88.0683442949876,,S
6867,0,3,"Fields, Master. Lisa",female,58.1608755762449,0,0,PC 440341,68.75572136934197,G30,S
6868,0,2,"Hahn, Miss. Cassandra",male,16.59070990812772,0,0,SC/Paris 469435,42.505761605377295,B105,S
6869,0,1,"Nichols, Master. Brett",male,42.40177045985938,0,0,SOTON/O 239613,23.226264198907938,,S
6870,1,3,"Rowe, Mrs. Deborah",female,48.703447785688475,0,0,73059,54.75775373913081,,C
6871,0,3,"Jones, Master. Rhonda",male,24.95979196244319,0,0,A/5 908387,89.35294746013862,E9,C
6872,0,3,"Hart, Master. Margaret",male,20.189855911933435,1,0,14935,34.98906418170568,,S
6873,1,1,"Villarreal, Mr. James",male,38.04939355966554,0,0,STON/O 383712,26.79588438111564,,S
6874,0,3,"Daniel, Master. Matthew",female,34.94503481925831,0,0,A/5 410278,7.7096866814342855,,S
6875,1,3,"Moran, Mrs. Andrew",male,39.72683839849242,3,0,W.E.P. 987434,113.28750585741018,,S
6876,0,3,"Rice, Master. Jeremy",male,59.03193204085727,0,0,83470,15.551179828210179,,S
6877,0,1,"Green, Master. Steven",female,32.33865174727189,1,0,W.E.P. 775524,6.59212425497179,,S
6878,0,2,"Nelson, Mrs. Martin",male,13.308852114614567,0,0,10832,3.4257971104488893,,S
6879,1,1,"Montoya, Master. Debra",female,30.93296003035794,0,1,CA 873250,69.47106614197098,F66,S
6880,0,2,"Grant, Master. Kellie",male,33.38179511887533,1,1,STON/O 295494,56.19589671991889,,S
6881,1,3,"Mitchell, Miss. Jacob",male,47.740360919235485,1,0,SC/Paris 271937,6.417720495985608,,S
6882,0,3,"Delgado, Mr. Sandra",male,27.245298464012155,1,0,89710,37.76626889958558,A84,Q
6883,0,3,"Edwards, Master. Albert",male,24.273050328264613,0,0,STON/O 787824,8.284760605958908,,Q
6884,0,3,"Barber, Dr. Christy",male,10.803284053667738,1,0,69809,24.190697863165525,A68,S
6885,1,3,"Jackson, Mrs. Lisa",male,37.66377908889782,2,0,CA 297155,76.3625777713879,,S
6886,1,2,"Tran, Dr. Haley",female,76.87490059754566,0,0,STON/O 534139,12.927908954928055,,S
6887,0,3,"Durham, Dr. Alexander",male,26.88372622394486,1,0,57701,1.405311322162705,,S
6888,0,3,"Mendoza, Dr. Caitlin",male,36.327369363307284,1,0,SC/Paris 299820,10.742468781363339,,S
6889,0,2,"Brooks, Dr. Brittany",male,22.33034005359052,1,0,51467,25.582540738843157,B64,C
6890,0,1,"Flores, Mrs. William",male,12.062011120058234,0,0,SOTON/O 286305,13.832643880510526,,S
6891,0,3,"Stout, Mr. Holly",male,36.07930314880743,0,0,W.E.P. 670133,64.04676442163928,A129,S
6892,1,3,"Keller, Dr. Jennifer",female,30.39463596812069,1,0,86413,77.83737868938377,,S
6893,1,1,"Mcfarland, Miss. Samantha",male,0.42,0,0,PC 624712,13.75495627065811,C192,S
6894,0,3,"Sandoval, Master. Timothy",male,52.54040202036167,0,0,31241,15.64128012498354,E145,C
6895,0,3,"Foster, Dr. Jennifer",male,35.823501268719625,0,0,W.E.P. 590041,41.05727709996587,,S
6896,1,3,"Ferguson, Dr. Greg",male,31.034537701450457,1,0,CA 203040,69.82035948491884,,S
6897,1,1,"Torres, Master. Joseph",male,24.09232390270768,0,0,STON/O 275715,160.1611652150423,,S
6898,0,2,"Buck, Master. Bryan",female,35.67411754690329,1,1,SOTON/O 826622,17.87315447751517,,S
6899,0,3,"Martin, Mrs. Jamie",male,36.31954333382449,2,1,STON/O 924230,120.99590969100502,,C
6900,0,3,"Morgan, Master. Nicholas",male,35.61849923217397,0,0,CA 907408,10.029973326274025,,Q
6901,0,2,"Farmer, Mr. Megan",female,44.95190262304885,0,2,STON/O 630713,2.096336781686698,C183,S
6902,0,1,"Wilson, Miss. Matthew",male,48.133797273666836,0,0,37781,78.62963078437981,G34,S
6903,0,2,"Hopkins, Dr. Erin",male,58.078302890657554,1,0,W.E.P. 688330,32.563247000611774,,C
6904,1,2,"Hernandez, Mrs. Michael",male,18.284209445717895,1,0,17843,3.9984990927683435,,C
6905,0,3,"Melton, Dr. Angela",male,21.97209880725896,0,1,12409,3.688036029045725,G159,C
6906,0,3,"Pham, Mr. Kimberly",male,35.05655033858293,1,1,SOTON/O 636516,0.6856050014177895,,S
6907,0,2,"Merritt, Dr. Brittany",male,19.09272797767101,1,0,76757,18.28759244245612,,S
6908,1,1,"Dixon, Miss. David",male,21.347788986788913,0,0,42031,66.46987386499949,,C
6909,1,3,"Palmer, Mr. Elizabeth",female,36.65321414109282,0,0,STON/O 116168,54.72810862417443,,C
6910,0,1,"Mclaughlin, Dr. Carolyn",female,42.611792969717904,1,0,88394,400.4870247097598,,S
6911,0,3,"Graves, Master. Jason",female,47.86299133890408,0,0,CA 214915,45.06167453067012,,S
6912,1,3,"Levine, Master. Marcus",female,27.30339820739359,0,1,93419,5.853228883377707,,S
6913,0,3,"Mann, Miss. Patrick",male,36.48414148953159,0,0,43675,191.98615256494486,,S
6914,0,1,"Gibson, Mr. Sherry",female,33.398608302512784,0,0,STON/O 463512,59.040738435865,,S
6915,0,1,"Newman, Mrs. Tara",male,30.247204232519806,2,0,SC/Paris 622789,23.42310436540873,G120,S
6916,0,3,"Patterson, Master. Robert",female,18.575871687087755,0,0,12552,14.18415821125229,,S
6917,0,3,"Watts, Master. Jerry",male,16.7950447511647,0,0,A/5 815079,12.562151879009189,,S
6918,1,2,"Reynolds, Dr. Brad",male,39.33344691938339,2,0,39930,156.44397097806996,C191,S
6919,0,3,"Hall, Mr. David",female,18.340528681621173,0,0,SOTON/O 638924,27.186464917510527,,S
6920,0,3,"Thompson, Master. Jason",female,5.123136452421626,0,1,55486,33.35513364971608,,S
6921,1,3,"Day, Dr. Sarah",female,29.55534147393737,0,1,CA 395606,90.63961143420674,,Q
6922,0,1,"Frey, Mrs. Danny",male,50.37336423009649,1,0,83554,166.02348141896599,,S
6923,0,3,"Watts, Mrs. Derrick",male,0.42,0,1,34370,0.22015153945070803,C181,C
6924,0,3,"Robinson, Master. James",male,25.96337617585083,1,0,71773,231.48984242034473,F143,S
6925,0,2,"Fletcher, Master. Jesse",male,39.45300811456726,0,0,W.E.P. 537059,3.9230306860679285,,S
6926,0,3,"Coffey, Master. Erica",male,4.471049934992781,1,2,SC/Paris 569661,90.64965982696086,,C
6927,0,1,"Stephens, Mr. Elizabeth",male,27.013339173184853,0,1,42153,150.10621241818225,,Q
6928,1,2,"Hodge, Master. Hunter",male,14.04759857626441,0,0,30946,41.17573451619621,,S
6929,1,1,"Smith, Dr. Kyle",male,15.899506403903597,2,0,CA 190722,40.11613689927542,,S
6930,1,3,"Massey, Mrs. Kevin",female,24.366145092171713,0,1,SOTON/O 576072,55.28394430463599,D1,S
6931,0,3,"Green, Mr. Jennifer",female,14.275929538149619,1,0,40071,21.757427986721595,,C
6932,0,2,"Benton, Mrs. Mary",male,13.111790155874626,2,0,W.E.P. 362176,9.064308798337493,,S
6933,0,1,"Lee, Mr. Dustin",male,29.17075547841194,1,0,64550,3.436166964898682,,S
6934,0,1,"Henry, Mrs. Evan",male,61.17994684749961,1,1,W.E.P. 352580,106.47412224017062,,S
6935,1,1,"Miller, Master. Jamie",male,40.60840644426999,0,0,SOTON/O 231258,39.629323551541056,D9,C
6936,0,3,"Craig, Master. Mark",female,44.14745873853697,0,0,A/5 800975,59.22004863698508,,S
6937,0,2,"Gonzales, Dr. Michael",female,41.16167413786383,0,0,45370,20.17726138543705,,S
6938,1,2,"Randall, Master. Jennifer",female,20.23480942249096,0,0,W.E.P. 598904,82.2554674739193,E176,S
6939,0,3,"Baker, Mrs. Matthew",male,34.35165120762625,0,0,A/5 193694,21.533088795512718,,C
6940,0,3,"Perez, Dr. Michelle",female,45.36771965319268,0,0,21063,1.510649913920636,,S
6941,1,3,"White, Mrs. Elizabeth",male,41.596724548945076,0,0,69405,20.541807441872443,G20,C
6942,1,1,"Rojas, Miss. Abigail",male,32.72371410315739,1,0,A/5 628265,94.96475114622895,,S
6943,1,2,"Ramirez, Dr. Julie",male,37.280650918714514,1,1,90333,104.32873506865022,,S
6944,0,3,"White, Dr. Rebecca",female,64.48023551236813,0,0,41078,136.45243534951476,C127,S
6945,0,1,"Carlson, Mr. Philip",male,41.75220504018884,1,1,A/5 439624,34.60523262684338,,C
6946,1,1,"Willis, Mrs. Jason",male,25.58776899923292,0,0,W.E.P. 279196,156.85701506444275,,S
6947,0,3,"Bell, Mrs. Alexander",male,28.963481912295645,1,0,50816,34.57527751448888,B173,S
6948,0,3,"Schmidt, Mrs. Mark",male,15.241880447719744,0,0,STON/O 152300,8.3567995109894,,S
6949,1,1,"Williams, Master. Nathan",male,62.85850327124815,1,0,SOTON/O 886939,34.86147175872665,,S
6950,0,2,"Newman, Mr. Michael",male,52.45417615620961,0,0,14265,101.48087049720395,,C
6951,1,3,"Arellano, Mr. Gloria",male,31.1649825078096,0,2,12419,77.01654978760371,,S
6952,0,1,"Gray, Mrs. Sara",female,60.531481662734876,0,0,PC 940413,28.462757570438125,A22,S
6953,0,3,"Flores, Master. Malik",male,38.85360062936968,0,0,99450,11.947348048870188,,S
6954,0,3,"Bishop, Mrs. Abigail",male,23.968150153378552,1,0,33762,43.50849294822873,,S
6955,1,3,"Rodriguez, Master. Alyssa",male,42.69033556727717,0,0,20884,133.84601670711808,D141,S
6956,0,3,"Sweeney, Miss. Scott",female,35.581008605153116,0,0,SC/Paris 391046,9.769866660208908,,Q
6957,0,1,"Dixon, Mr. James",male,41.72999489586959,0,1,A/5 516207,87.73480708287681,,S
6958,1,1,"Murphy, Miss. Jody",female,10.83271396481296,0,0,64450,7.968817794937083,,S
6959,1,3,"Phillips, Dr. Benjamin",male,18.655601799238223,0,0,30527,126.03760033546317,,S
6960,1,3,"Anderson, Mr. Katie",male,50.838591621724454,2,0,SOTON/O 705488,59.08711901232056,,Q
6961,0,3,"Smith, Miss. Jessica",female,53.70392488189679,0,0,82691,5.78072208545415,,Q
6962,0,3,"Howard, Miss. Ethan",male,49.81157817755276,2,0,72117,11.308958500811686,E172,S
6963,1,3,"Kline, Dr. David",male,61.061056650216,0,0,29763,130.81120370274894,,S
6964,1,3,"Salinas, Master. Brent",male,38.08315617499409,0,0,CA 475487,35.41978654885982,,Q
6965,0,3,"Huang, Dr. William",male,37.09916707962603,0,0,SC/Paris 261543,30.21020700987538,E161,Q
6966,0,3,"Parker, Master. Michael",male,17.215103382866623,0,0,W.E.P. 673706,3.0019365776277054,E47,S
6967,1,3,"Johnston, Dr. Scott",female,21.87255982815173,1,0,69559,4.389117782967873,,C
6968,0,1,"Rivas, Mr. Douglas",female,2.1643470876662754,0,0,75312,58.8257603758207,,S
6969,1,3,"Hernandez, Miss. Christopher",male,25.499195826852105,1,1,32788,75.01435129326035,D16,S
6970,0,3,"Hodge, Miss. Sharon",male,1.180634756334527,0,0,99389,100.87275497877512,F104,S
6971,0,2,"Rowland, Master. Barbara",female,45.13352639209172,1,0,11937,34.93913999069318,,C
6972,0,3,"Andersen, Dr. Jacqueline",male,35.43758415970634,1,1,58504,19.917543735392968,,S
6973,0,3,"Ramirez, Mrs. Peter",male,1.6336305504547397,0,0,SOTON/O 919959,49.11119511287543,A144,C
6974,0,3,"Chambers, Mr. Randy",female,27.34190830971125,1,0,SC/Paris 645273,48.23206456027391,,Q
6975,0,1,"Barnes, Mrs. Jessica",female,57.547178712879,1,2,STON/O 377007,1.7640768072485828,,C
6976,0,3,"Jefferson, Miss. Jessica",female,28.24067388829959,0,0,CA 953358,139.68269297717038,,S
6977,1,2,"Welch, Dr. Thomas",female,16.022806789068106,1,1,69451,51.439426362093656,D79,C
6978,1,3,"Johnson, Master. Stephen",female,5.00296822972663,1,1,30689,0.32447912481205343,,C
6979,1,1,"Bryant, Master. Nathan",male,5.420947425785556,1,0,PC 828907,160.48862368545082,,S
6980,0,3,"Dalton, Master. Jeffrey",female,37.498119549984025,1,2,W.E.P. 383451,152.51042946338308,A181,C
6981,0,3,"Cox, Miss. Connor",male,23.925783287453573,0,0,SC/Paris 429659,145.86431271743595,E107,S
6982,0,2,"Booth, Mr. Christopher",male,25.086082017607858,0,0,A/5 503700,109.86568215642065,,Q
6983,1,3,"Bowen, Mrs. Michelle",male,23.98354671178443,0,0,81526,10.206033382030554,F192,S
6984,1,3,"Hood, Miss. Robert",female,28.03664070749359,1,0,29006,188.9903246892265,,S
6985,1,2,"Villarreal, Dr. Duane",male,12.819718018157328,1,0,A/5 729277,71.7600411496775,,S
6986,0,1,"Miller, Master. Michael",female,34.4254699116513,0,0,CA 559963,51.18781523086021,D105,S
6987,0,2,"Boyer, Dr. Jennifer",female,10.082112587406279,0,0,SOTON/O 362785,142.94709489911705,,S
6988,0,2,"Griffin, Miss. Willie",male,19.41820558742245,2,1,29327,23.98955032282467,E46,S
6989,0,3,"Bell, Dr. Jennifer",female,44.15158776731173,0,0,22781,133.9505419321643,,S
6990,0,3,"Jones, Mrs. Connie",female,35.26686999615264,0,1,CA 428543,46.53019676803498,,S
6991,1,1,"Anderson, Master. Timothy",female,39.59954584681935,1,1,93875,43.291451394613986,,Q
6992,0,3,"Moreno, Mrs. Natasha",male,60.1054374994504,0,2,SC/Paris 984358,51.91605676058347,,S
6993,0,3,"Brown, Master. Christopher",female,29.164843855737036,0,0,30152,70.15378769530774,,C
6994,0,1,"Maxwell, Master. Trevor",female,30.300443640349688,1,0,CA 996217,29.43216070115411,,S
6995,1,2,"Montgomery, Dr. Cheryl",male,26.299506618095233,1,0,35943,197.1352046323731,,S
6996,0,2,"Hughes, Dr. Crystal",male,23.79220193650994,1,1,STON/O 753189,4.6342151610463596,,S
6997,1,3,"Graves, Master. Carol",male,15.851728416486988,0,0,PC 701450,122.56819630265412,,S
6998,1,3,"Pollard, Master. Elizabeth",female,31.176907356741932,0,0,97562,53.56295675880124,,S
6999,0,3,"White, Dr. Mark",male,34.97068049234619,0,0,66592,120.35091091264036,E17,C
7000,1,1,"Lee, Dr. Ashley",male,35.750784748700546,0,0,SOTON/O 241884,23.003458794310223,,C
7001,0,3,"Hines, Miss. Kelly",female,30.901093576139093,0,0,SOTON/O 385651,88.30421584720874,F125,S
7002,0,3,"Griffin, Dr. Nicholas",male,42.96639126747974,2,0,59819,47.8540878166641,,S
7003,1,3,"Cole, Mrs. Brent",female,30.41211367039342,0,0,33747,88.92504216950647,,S
7004,1,2,"Miller, Miss. Kari",male,24.269773564724538,0,0,STON/O 802472,19.653786961659918,,Q
7005,0,3,"Hoffman, Mrs. Michael",male,17.022165452356752,2,0,SOTON/O 810368,124.6274866783933,G132,C
7006,0,3,"Anderson, Miss. Brian",male,8.314347037908998,1,0,CA 114883,129.00981663155937,,S
7007,0,2,"Johnson, Miss. Harry",female,50.44581249111079,0,1,A/5 613616,32.20102427154096,,S
7008,0,2,"Ryan, Master. James",female,20.21323524317737,0,0,SOTON/O 188965,25.56752767301739,,S
7009,0,3,"Reynolds, Miss. Andrea",female,17.040659993977897,1,0,W.E.P. 346332,42.80614483628492,A190,C
7010,0,3,"Mercado, Mr. Katie",female,24.15446480342238,0,0,SOTON/O 451478,11.168703918255023,,S
7011,0,3,"Duffy, Miss. Amber",male,26.10255698852685,0,0,STON/O 151896,34.27974828450606,G147,C
7012,1,3,"Williams, Miss. Amanda",male,52.93917410263883,1,0,25445,113.56439736415894,,S
7013,0,3,"Smith, Mrs. Larry",male,25.405940556723607,0,0,96420,22.720374106951795,,S
7014,0,1,"Eaton, Miss. Jonathan",male,66.86736991562302,2,0,STON/O 578452,66.59955134183215,,S
7015,0,2,"Fuentes, Dr. Megan",female,30.891760865144555,0,0,73245,48.79178515050836,F183,S
7016,1,3,"Russell, Mrs. Michael",male,58.7983954855976,0,0,W.E.P. 231888,15.149270423073274,,C
7017,0,2,"Adams, Mrs. Paul",female,42.5150099400301,1,0,PC 115455,37.93928932021601,,S
7018,0,1,"Mcdonald, Mrs. Jose",female,35.05452387782667,1,0,59941,95.72726695690734,,S
7019,0,3,"Pennington, Mrs. Robert",male,52.08987386532482,0,0,63228,40.474936698412066,,S
7020,1,3,"Davis, Dr. Nancy",female,45.711217115164196,0,1,16677,59.6754551415635,G147,S
7021,0,2,"Barton, Mrs. Shannon",male,38.885507178605245,0,0,84257,74.6693103256737,A174,Q
7022,1,2,"Turner, Mrs. Adam",female,62.44631613680369,0,0,68707,2.533076275672028,B122,S
7023,1,3,"Brown, Dr. Michael",male,23.022502032649278,0,0,STON/O 892438,2.6307295220257303,,S
7024,1,1,"Daniels, Miss. Melissa",male,16.07120853653575,2,0,W.E.P. 333217,6.106120868168302,,S
7025,0,3,"White, Mr. Justin",male,20.532769614632645,2,0,W.E.P. 131000,8.896580446498001,B199,S
7026,0,2,"Owens, Miss. Sherry",female,54.531824661169765,0,1,STON/O 990335,83.41765289616151,,C
7027,0,3,"Sheppard, Dr. Bryan",female,50.310640295205346,1,1,41462,28.598366574762874,G56,Q
7028,1,3,"Barnes, Miss. Jonathan",male,22.646333407274607,0,1,CA 106081,10.244480376540013,B73,S
7029,0,3,"Moreno, Mrs. Neil",female,0.42,0,1,11482,37.9432217701581,,S
7030,0,2,"Carter, Dr. Christopher",male,27.11816949069789,0,0,A/5 164708,72.05658725586156,A56,S
7031,1,3,"Martin, Dr. Brady",female,15.814299679722192,0,0,36867,7.544846882233235,,S
7032,0,2,"Chambers, Mr. Autumn",male,23.084896399147645,0,0,19341,21.110416797258917,F143,C
7033,0,2,"Mcdonald, Mr. Rebecca",male,15.238273331557144,1,0,30274,10.80652553740166,B116,S
7034,0,3,"Johnson, Miss. Taylor",female,7.4664669222936695,0,2,W.E.P. 974999,51.97589979259555,F141,C
7035,0,3,"Aguirre, Mrs. Thomas",male,56.364861156632614,0,1,98519,7.3574667045091555,B87,S
7036,1,3,"Chung, Mr. Kimberly",male,20.428645144792142,1,0,PC 602612,75.9560239957469,,C
7037,0,1,"Oliver, Miss. Amanda",male,49.77734924562834,0,0,42167,11.648521639488061,,S
7038,0,1,"Martin, Miss. Benjamin",male,26.900807262144,0,0,47986,3.0194635075069445,D19,S
7039,0,3,"Jones, Master. Vickie",male,14.168741136265783,0,2,84587,120.88219085300216,,S
7040,1,3,"Hall, Master. Deborah",female,37.12695745900604,0,1,84979,20.264180006519762,,Q
7041,1,3,"Brown, Mrs. Daniel",male,24.525204002938988,1,0,PC 652286,34.932656075446936,,S
7042,0,3,"Alexander, Master. Kelly",male,27.100584520714538,0,1,A/5 890198,5.323176566766545,,S
7043,1,1,"Graham, Mrs. Amy",male,32.02868308075675,0,0,SC/Paris 338255,32.644586979167954,G130,S
7044,0,3,"Bowen, Mrs. John",female,18.629020299518352,0,0,94649,12.587620602399241,,S
7045,1,1,"Patterson, Dr. Michael",female,7.3040910423149725,0,0,STON/O 654691,91.74749464508206,D69,C
7046,0,3,"Acosta, Miss. Ryan",female,29.28222539371927,1,0,88523,62.545262391094795,D76,S
7047,1,3,"Brady, Master. Thomas",male,43.494847836873696,0,0,63293,54.42903694179648,,S
7048,0,3,"Wiggins, Mr. Christopher",male,17.377722375235425,0,2,SOTON/O 998770,75.99388452480123,,S
7049,0,3,"Sanchez, Mrs. Victor",female,32.15547172771889,0,0,78028,17.38704771855771,E131,Q
7050,0,1,"Lopez, Mrs. Karen",female,51.077100079688755,1,0,PC 270957,30.224663686426624,,S
7051,1,3,"Ferguson, Miss. Tracy",male,28.74329157816613,1,1,A/5 697727,4.527461950337111,,S
7052,0,1,"Avila, Miss. Betty",male,31.205321205142024,0,0,58129,3.5095602625207847,,Q
7053,1,1,"Harris, Master. Grant",male,30.772972950405407,1,0,A/5 742476,19.956127964260673,D130,C
7054,0,1,"Meza, Master. Brenda",male,20.44717803749716,0,0,68604,86.50835688597998,,S
7055,0,3,"White, Mrs. Carl",female,16.093036741932735,1,1,15598,45.523516247664794,,S
7056,0,1,"Potter, Dr. Jerry",male,16.150326829504955,0,1,56194,27.626689004892846,,Q
7057,1,3,"Brown, Mr. Kayla",male,35.15456475810183,1,0,81176,170.5475975185394,,S
7058,0,3,"Lopez, Mr. Matthew",male,40.61021306705842,0,0,A/5 856002,29.185005596110326,B57,C
7059,1,3,"Wagner, Mrs. Kurt",male,41.271151338129926,1,2,76890,31.638296315403636,A16,S
7060,1,1,"Smith, Miss. Thomas",male,24.700400047423525,0,0,SOTON/O 961124,244.8408548364301,G136,C
7061,1,1,"Harris, Mrs. Jacob",male,45.30631957302905,0,0,PC 641607,7.041481656368521,,S
7062,0,3,"Harper, Mrs. Alyssa",female,34.30309347314597,2,1,A/5 320050,14.759772637291432,,S
7063,1,3,"Chavez, Mr. Emily",male,30.990391105074266,0,0,48802,30.193382969255715,B118,S
7064,1,1,"Green, Mrs. Christine",male,0.42,1,0,PC 389044,42.34897575764634,F164,S
7065,0,3,"Robertson, Mrs. John",male,18.556265437510636,1,0,61972,8.013277355464874,,S
7066,0,3,"Raymond, Miss. Samuel",male,8.704629368678141,1,0,47150,19.936087972593363,,C
7067,0,3,"Charles, Dr. Kristy",male,38.77902909889753,1,0,50391,12.439981626230193,,S
7068,0,3,"Kelly, Mr. Kimberly",male,31.330466647020458,0,0,12212,94.82135959240594,G65,S
7069,0,3,"Hanson, Dr. Richard",female,14.992190590608475,1,0,SC/Paris 730496,89.9754498362158,,S
7070,0,3,"Harvey, Miss. Courtney",male,34.26107581854726,0,0,PC 976785,13.71113392168204,,Q
7071,0,2,"Li, Master. Michael",female,10.071106873111134,1,0,36861,28.539947167530105,C32,C
7072,0,3,"Bowers, Mrs. Timothy",male,15.38731662425382,1,1,SC/Paris 309403,52.726294891966155,D57,S
7073,1,3,"Perez, Dr. Wayne",male,20.056901367890838,1,1,85656,2.468083111571149,,S
7074,0,2,"Wright, Mrs. Arthur",female,37.561908505828114,0,0,17387,107.53962516143338,,S
7075,0,3,"Green, Mrs. Michael",male,49.592183508854646,1,0,A/5 134403,35.772062848229986,,S
7076,0,1,"Leonard, Mr. Karen",male,21.795881723184912,2,0,80664,12.843995241206176,,S
7077,0,1,"Ray, Dr. Jennifer",male,48.51442098251588,0,0,CA 782626,25.271594614124126,,Q
7078,1,2,"Williams, Master. William",male,30.663649708560442,0,0,79016,115.97151956941127,,C
7079,0,3,"Medina, Mr. Jessica",male,33.30593425295312,0,0,CA 697909,1.2547731257668635,,S
7080,1,3,"Nunez, Mrs. Christopher",male,29.10673619181578,0,0,STON/O 413449,7.703650114690411,,S
7081,0,3,"Beard, Dr. Michael",female,27.237607452595086,0,0,31109,10.705402270323825,,Q
7082,1,3,"Sloan, Dr. Mary",female,36.15020051434495,1,0,60775,3.0997409737574135,,C
7083,0,1,"Zamora, Mr. Glenn",male,40.36449660654863,1,1,SC/Paris 868531,12.761116881177282,E34,S
7084,0,3,"Kim, Master. Linda",male,17.615441749098053,0,1,40652,84.95608780037736,,Q
7085,1,3,"Walters, Mr. Susan",male,27.349793426026913,0,0,24048,37.441106339376965,,Q
7086,0,3,"Watkins, Master. Christine",male,53.36985136112571,0,0,SC/Paris 665815,46.49829500651511,,C
7087,1,3,"Young, Mr. Stephanie",female,32.48064116045933,2,1,53100,8.473330033835383,,Q
7088,0,2,"Bradshaw, Dr. Brandi",male,34.01371396200808,1,0,51411,16.308341204660685,E123,S
7089,0,3,"Gonzalez, Mrs. Brandy",male,46.34175954554398,0,0,19420,124.7407200692492,,S
7090,0,3,"Rodriguez, Master. Stephanie",female,22.982577010014733,0,1,SC/Paris 944280,11.813974304711072,G22,C
7091,0,1,"Macdonald, Dr. Mathew",female,29.524551293382473,1,0,65590,118.62013871474485,,S
7092,1,3,"Noble, Master. Cynthia",female,41.435828552380116,0,0,75301,54.415333927716404,,S
7093,1,3,"Richardson, Master. Katherine",female,47.34463123789679,0,0,SC/Paris 789989,34.93539952871546,A76,S
7094,0,2,"Howe, Master. Lauren",female,0.42,2,0,51958,9.55495752364291,,S
7095,0,3,"Jones, Mr. William",male,19.686636927464775,1,0,18422,55.98164335285703,B195,S
7096,0,3,"Adkins, Master. Ashley",male,16.022885711110153,0,0,88640,108.75240517065119,E21,S
7097,1,3,"Harris, Mrs. Michelle",male,28.266448552511328,0,0,14875,8.704626544983334,,S
7098,0,1,"Garcia, Master. Katie",male,17.082581127691448,0,0,89366,0.30992104809189774,C97,S
7099,0,2,"Green, Mr. Shawn",female,39.29747699313872,0,0,39595,67.36544004245266,,S
7100,1,1,"Hunt, Master. Mallory",male,32.413744774684616,0,0,W.E.P. 701144,45.872166167082774,,S
7101,0,3,"Myers, Mr. Jacqueline",male,42.4486623709583,1,0,CA 778530,34.96705962392404,,S
7102,0,3,"Patterson, Dr. Amanda",male,43.34211140322995,0,0,95828,30.444519389278497,,S
7103,1,3,"Tran, Mrs. Michael",male,39.50720425782188,1,0,W.E.P. 937019,34.41758128908223,,C
7104,0,2,"Johnson, Mr. Andrew",female,25.298932284459653,1,2,CA 841313,23.466846713339656,,S
7105,0,1,"Steele, Miss. Christopher",female,31.459885542592723,1,0,73566,4.295965575530625,B22,S
7106,0,3,"Bright, Miss. Carol",male,23.54776532552277,0,0,37469,74.74388354440148,,S
7107,0,3,"Garza, Dr. Crystal",male,10.893705604422927,0,0,43891,31.5399820889649,,C
7108,0,3,"Reyes, Master. Sandra",female,43.353029859228016,0,1,56306,87.13542579768276,B153,S
7109,1,3,"Harris, Mrs. Jason",female,28.823095218229838,0,1,PC 891281,201.48615395484185,A76,S
7110,0,3,"Gallagher, Dr. Luke",male,8.963432502255422,1,1,29584,9.422015182660537,D24,S
7111,1,3,"Ford, Master. Christina",female,37.51729399522641,2,0,62932,78.86882457625943,,Q
7112,1,3,"Logan, Dr. Jacqueline",female,26.86471515328153,0,0,PC 360885,189.7524669066608,,C
7113,0,2,"Hernandez, Master. Laura",female,1.1627443833076931,0,0,36816,64.44695368098957,,S
7114,0,3,"Long, Master. Leslie",female,10.767790185494501,0,1,23831,14.1160839336859,,Q
7115,0,3,"Alexander, Miss. Paul",female,20.191443778744652,1,1,37237,113.40230927841091,B129,S
7116,1,2,"Olson, Dr. Jose",male,32.9471688182144,0,1,A/5 622353,78.80566136878743,,S
7117,1,1,"Morales, Master. Cynthia",female,41.032279790707854,0,0,88572,29.829109555145276,,C
7118,0,2,"Sullivan, Mrs. Johnathan",female,40.552765029765794,1,0,A/5 312307,42.49796375389306,E169,C
7119,1,3,"Moore, Mrs. Wendy",female,38.440081369024234,1,0,27716,63.99271429962118,,S
7120,0,2,"Jones, Dr. Ashley",female,29.518926796312293,3,0,21302,6.6491892129071655,C99,S
7121,1,1,"Farmer, Mr. Randy",male,54.11125234837504,0,1,SOTON/O 643483,130.8537913623777,,S
7122,0,3,"Burnett, Miss. Derek",male,39.79819741599841,2,0,73395,218.87827896169853,F76,S
7123,0,1,"Adkins, Miss. Jill",male,33.109475169392056,0,0,SC/Paris 638675,20.063630348364704,,S
7124,1,3,"Lam, Mrs. Richard",female,37.932233480225044,0,0,57832,62.77821447300407,,C
7125,0,3,"Welch, Miss. Rachel",male,24.413509955821556,1,0,66113,27.348961768916073,E105,S
7126,0,3,"Harrington, Dr. Scott",male,29.198589585510643,1,0,51081,1.4063514304301665,,S
7127,0,1,"Huff, Mr. Gwendolyn",male,0.8526434462781367,0,0,64722,159.36508323273947,,C
7128,0,2,"Ray, Dr. Christina",male,24.58553272531357,2,0,CA 558865,7.676310970591945,,S
7129,0,2,"Stevens, Mrs. Meredith",female,54.638432220734835,2,0,CA 424312,3.8950240863911905,,C
7130,1,3,"Fields, Miss. Christy",female,32.07725388201934,0,2,67800,90.75831887933693,,S
7131,0,3,"Martin, Dr. Anthony",female,31.494356883062565,0,1,52363,1.7227151932335354,A127,Q
7132,0,1,"Pham, Mr. Amy",male,43.980457332089934,1,0,67080,58.21950598863231,,S
7133,1,3,"Johnston, Master. Cory",female,35.00955581871328,0,1,STON/O 832961,133.01735546514158,,Q
7134,0,2,"Mccoy, Miss. Tammy",male,18.989226740407673,1,1,SC/Paris 776452,26.05950897028991,,C
7135,0,3,"Davis, Miss. Tammy",male,30.331205170664532,0,0,35397,3.539982090016161,,C
7136,1,3,"Park, Master. Travis",female,14.106932254500796,1,0,26810,12.313730552514652,A192,S
7137,1,3,"Wilson, Miss. Ernest",female,32.57057038868397,0,0,47600,148.13820142530483,,S
7138,1,3,"Allen, Dr. Lindsey",female,18.271500666344828,2,0,84537,31.31051793682717,D48,C
7139,1,3,"Williamson, Mrs. Jon",male,42.99612456847241,1,0,24950,38.97448366143857,,S
7140,0,3,"Berry, Miss. Alex",male,22.856631295201403,0,0,91270,8.483759271022013,,C
7141,1,3,"Elliott, Mrs. Laura",male,18.45414527211637,1,0,40085,125.06210701483023,,S
7142,0,3,"Rivera, Mrs. Justin",male,28.4203521636393,1,1,68928,36.40042780609574,G28,S
7143,1,3,"Peterson, Dr. Daniel",male,35.11548546781599,0,0,41130,37.630067566380696,,S
7144,0,3,"Carroll, Master. Mark",male,13.097352044242214,0,0,93221,42.90666308614091,,S
7145,1,3,"Warren, Miss. Alex",male,22.702267637469788,0,0,17493,72.91639460945267,,S
7146,1,3,"Meyer, Mr. Brian",male,31.472272279707642,1,1,20246,11.34208107563691,,S
7147,1,3,"Ware, Miss. Theodore",female,48.73715969351139,0,0,22784,142.65051600912534,C74,C
7148,0,1,"Sanford, Dr. Jimmy",female,0.42,0,0,19338,9.643148044734918,C194,C
7149,0,2,"Hinton, Dr. Katherine",female,38.612284851565335,0,0,CA 482342,10.995875713666413,A17,S
7150,0,1,"Gonzales, Master. Amy",male,24.630082098314496,0,1,74579,0.624290089164634,F87,S
7151,1,3,"Davis, Mrs. Kathy",male,23.075455143460648,0,0,W.E.P. 653199,0.9940268026672281,G98,S
7152,0,3,"Owens, Mr. Tammy",male,20.464222558099383,1,0,66844,28.004438415818818,,S
7153,1,3,"Peterson, Miss. Benjamin",male,24.905461829120412,2,0,48127,10.104080297242898,C44,C
7154,1,3,"Everett, Mr. Karen",male,38.69144081276792,1,1,11037,11.906628851998965,E147,S
7155,0,3,"Brown, Mrs. Angela",male,22.484989403826148,0,1,PC 672523,220.84472629672277,,S
7156,1,2,"Espinoza, Mrs. Crystal",female,53.22028822139072,0,0,SOTON/O 437971,132.4754141676178,,S
7157,0,3,"Rodriguez, Mr. Vanessa",male,38.734134980093664,0,0,56618,19.463853746785002,,S
7158,0,3,"Mendoza, Dr. Kathleen",female,32.771609752140186,0,0,30982,21.015573423805314,,S
7159,0,3,"Miller, Mrs. Eric",female,27.67521435056727,0,1,STON/O 390380,17.27250676386888,,S
7160,0,2,"Swanson, Miss. Karen",male,46.657958853593435,2,0,12912,106.95154059269069,,S
7161,1,3,"Chavez, Mr. Angela",male,48.704275614616414,0,0,A/5 309304,5.172889916416788,,S
7162,0,3,"Wright, Mrs. James",female,13.740649938440576,0,1,SOTON/O 812054,43.86384152554054,D193,S
7163,1,3,"Taylor, Dr. Shannon",male,20.17342652441274,0,0,87517,10.308331432166193,,S
7164,1,3,"Richardson, Mr. Richard",male,38.88482288948838,0,0,SOTON/O 689369,70.97251767377692,,S
7165,1,3,"Mills, Dr. Roger",female,43.11353322221631,1,1,80557,49.89670022795269,,S
7166,0,3,"Bell, Miss. Tyler",female,25.79523232367024,0,0,78655,24.538374814274558,A14,Q
7167,1,3,"Wilson, Master. Michael",female,19.605771964024957,1,0,PC 349422,5.163082978726509,,C
7168,0,3,"Gordon, Mr. Andrew",male,31.10057676353162,0,1,A/5 480513,72.92363647924137,,S
7169,0,3,"Terry, Miss. Juan",male,50.67370803044378,0,0,A/5 698993,4.008268364253257,,S
7170,0,2,"Hampton, Dr. Ronald",male,30.57447964072999,0,0,54206,15.992539111144605,,S
7171,0,2,"Russell, Dr. Christopher",male,12.304829222448163,1,0,CA 549733,14.62771148519129,,C
7172,1,1,"Mcintyre, Dr. Annette",male,31.53416518608389,0,0,A/5 446747,43.199734271561,,S
7173,0,1,"Robinson, Mr. Ryan",male,40.95847299721795,0,0,61197,36.04987746328795,,S
7174,1,1,"English, Miss. Joanne",female,28.580717641103387,1,1,PC 911770,16.407344316237882,D57,C
7175,0,1,"Jensen, Dr. Adrian",female,47.61433537477474,0,0,CA 962515,28.138865774478155,,S
7176,0,3,"Park, Dr. Stephen",female,42.1218864972448,2,0,SOTON/O 403763,28.667563743542246,G101,S
7177,1,2,"Ramirez, Master. James",female,29.13537506825103,1,0,44758,42.61412207489751,,S
7178,1,2,"Morton, Miss. Carol",male,30.60401627496646,1,0,78233,114.2562844609656,B85,S
7179,0,3,"Holloway, Miss. Laura",male,4.215364127434867,0,0,47462,7.653625822565058,,Q
7180,0,3,"Henderson, Master. Anthony",female,46.94317414877028,0,0,33147,40.78797147125072,,Q
7181,0,3,"Nielsen, Dr. Amanda",female,25.386757118615648,0,1,80911,0.9275096596596798,F119,S
7182,0,3,"Sanchez, Mrs. Tammy",male,24.400605650131116,0,0,SC/Paris 893221,59.902954652865226,G52,Q
7183,1,3,"Guerrero, Dr. Tina",male,22.30204950861616,0,0,PC 262542,51.137304020655115,,S
7184,1,2,"Taylor, Mrs. Stacy",female,36.393765874861344,0,0,SC/Paris 937701,59.21107070133449,,S
7185,0,1,"Valdez, Dr. Lori",male,14.198297989322771,0,0,58691,32.212401224362566,,S
7186,1,1,"Page, Miss. Michael",male,16.221581056024384,0,0,SC/Paris 239506,10.342501370246891,B181,S
7187,0,2,"Morris, Miss. Kimberly",male,29.264648576209055,0,0,PC 411633,29.717704469373523,,S
7188,0,3,"Meyer, Mrs. Gerald",female,21.228813357811845,0,0,PC 731490,1.1940460810511826,,S
7189,0,1,"Lawrence, Mr. Dustin",male,34.69327002722314,0,0,33666,24.017709190118612,,S
7190,0,1,"Mckay, Mr. Mike",female,21.741550088873442,0,0,W.E.P. 143014,91.18577099361576,,S
7191,0,1,"Davenport, Dr. Kevin",male,52.33050770125821,0,0,PC 851567,20.668801263221358,,C
7192,0,3,"Noble, Master. Laura",male,39.70840509498166,0,1,STON/O 616820,44.79429204309922,,S
7193,0,2,"George, Dr. Melissa",female,39.53240697330528,0,1,75049,15.13065494046274,,Q
7194,0,3,"Harris, Mrs. Catherine",male,21.530535446501688,0,0,W.E.P. 925811,7.206087518416593,,C
7195,1,1,"Murphy, Mrs. Teresa",male,63.67951544215228,1,2,96458,36.79464740671804,,C
7196,0,2,"Lamb, Miss. Angela",male,23.85384580015941,1,0,CA 316512,1.8209688998662483,E36,Q
7197,0,1,"Huff, Dr. Julie",female,20.00665611793837,0,0,52149,117.42104699531556,,S
7198,1,3,"Barker, Master. Rachel",male,39.89439635737487,0,2,STON/O 194666,75.06999155508088,,S
7199,1,1,"Jones, Dr. Mary",male,32.73319386116464,0,0,99650,308.74694872251337,,Q
7200,1,3,"Nelson, Dr. Tony",female,18.54261967062351,0,0,A/5 142624,249.4297166230513,A25,C
7201,0,3,"Price, Dr. Christine",male,60.741860269240135,1,0,67658,65.27924823900116,,S
7202,0,3,"Grimes, Mr. Jennifer",male,43.65839297469973,0,0,W.E.P. 552088,74.95992735191955,,S
7203,0,2,"King, Master. Craig",female,30.056074217751146,0,0,82214,37.54851137571077,,C
7204,0,2,"Garcia, Dr. Mikayla",male,63.61554183516566,0,0,A/5 869357,12.32978728011657,,S
7205,1,1,"Mcintyre, Mr. Sherry",male,41.35092202003554,0,0,95688,82.61935770892684,,S
7206,0,3,"Smith, Dr. Brian",male,29.833386422899494,0,0,40303,15.71455631340598,,S
7207,0,3,"Galvan, Master. Dana",female,61.94012703247698,0,0,56823,52.48897199475723,C18,Q
7208,0,3,"Lewis, Miss. John",male,39.22578626863889,0,0,A/5 405893,65.6293254988425,,S
7209,0,3,"Adkins, Mr. Jeffrey",male,38.61343367248517,2,0,76577,41.539073266852256,,S
7210,1,3,"Barnett, Mrs. John",female,24.59113321975297,0,0,77478,54.34320601132877,,S
7211,0,3,"Soto, Mrs. David",male,30.69178879979506,0,0,89250,17.329963278365497,D46,C
7212,0,1,"Crawford, Mr. Stephen",male,24.25029805790099,1,1,85353,71.46333772786265,G133,S
7213,0,3,"Jones, Mrs. Michelle",male,50.15630044458034,0,0,72436,143.7183184981575,,C
7214,0,1,"Howell, Mrs. Joyce",female,7.468201992155517,1,1,PC 928155,33.08297423954894,,Q
7215,0,3,"Diaz, Mrs. Christopher",male,49.12218606290787,0,0,49692,6.447243406338522,,S
7216,0,2,"Lambert, Master. Matthew",female,17.71720459822879,1,0,46908,48.34215160849234,B112,S
7217,0,1,"Mercer, Mrs. Ryan",female,29.18910315571083,2,0,STON/O 332970,20.88292577391332,A127,S
7218,1,3,"Thompson, Miss. Sue",male,25.86697057046078,1,0,28468,27.1593115524836,,S
7219,1,3,"Everett, Master. Christopher",male,22.717865189067105,1,1,SC/Paris 657541,8.221635751313729,,S
7220,1,2,"Moore, Mr. Kevin",female,39.65697807389691,2,0,W.E.P. 618157,49.14659120046047,,C
7221,1,1,"Reynolds, Dr. Ryan",male,29.927351013396674,1,0,14155,77.38180104876966,F170,S
7222,0,3,"Chavez, Mr. Jacob",male,20.652217357915593,0,0,35959,72.71580203928978,,S
7223,0,3,"Boyd, Master. Matthew",male,32.15593742248911,0,0,72467,254.8236965268155,,S
7224,0,3,"Acevedo, Mrs. Jacob",male,20.254785826668865,0,0,CA 724912,11.925350780701415,,Q
7225,1,3,"Cain, Dr. Amanda",male,22.471143013980093,1,0,W.E.P. 659857,122.75326247256054,,C
7226,1,1,"Stewart, Dr. Gregory",male,9.038316753456723,0,0,CA 399881,65.95397098228477,G155,S
7227,1,3,"Fields, Dr. Kaitlyn",male,23.695674091213316,0,0,A/5 393028,61.462052424494495,,S
7228,0,3,"Rangel, Master. Timothy",male,36.91886336952348,1,0,W.E.P. 440981,57.56244403905709,,S
7229,1,3,"Mahoney, Mr. Melissa",female,30.519748851412523,1,0,95016,38.6489891038999,,Q
7230,0,1,"Jacobs, Miss. Michael",female,55.410891365623996,0,1,STON/O 859258,23.793011649334964,,Q
7231,0,3,"Coleman, Dr. Eric",male,66.57944463209827,1,2,38018,143.53934931737967,,S
7232,0,3,"Kelley, Mr. Dustin",male,23.500942451509875,0,0,38020,8.189923024298201,,S
7233,0,3,"Joseph, Mr. Joshua",male,18.33355139213996,1,0,75806,9.6781513221903,B29,S
7234,0,3,"Rivera, Miss. Kristen",male,45.81743164902522,0,0,54157,0.842795111749524,,S
7235,0,3,"Reynolds, Miss. Timothy",male,34.69291538845564,2,0,73091,67.23556201848965,G51,C
7236,0,3,"Lee, Master. James",male,45.90223987820963,0,0,SC/Paris 258746,112.2087657631458,,S
7237,0,1,"Rosales, Miss. Erin",female,35.58363023686313,1,0,17686,10.292479709187157,,C
7238,1,2,"Arnold, Miss. Jordan",male,27.278990146539154,0,0,65336,1.7513164314430212,,Q
7239,1,3,"Walsh, Dr. Michael",male,27.358409324937096,0,0,PC 379846,13.992570074420055,,S
7240,0,3,"Strickland, Mr. Nicole",male,36.0588748971247,0,0,STON/O 336655,107.56545366008483,,Q
7241,1,1,"Case, Miss. Kathy",male,27.044405459991964,0,1,90043,0.8157815240595911,,S
7242,1,3,"Johnson, Mrs. Shawn",female,47.07301740477017,1,1,SC/Paris 265568,5.332321591002934,,S
7243,0,2,"Simmons, Master. Danielle",male,11.767278646983257,0,0,29906,1.2652984145265236,,S
7244,0,1,"Roy, Miss. Makayla",female,46.99801090485535,0,0,A/5 869330,143.36699741097328,,S
7245,0,3,"White, Miss. Crystal",male,3.772389529175488,1,0,CA 964205,7.280380933820456,,S
7246,0,3,"Brown, Miss. Melissa",male,32.031432009057106,0,0,38488,115.33882937212192,A165,S
7247,1,1,"Fuentes, Miss. Jennifer",female,25.365401771270317,0,0,PC 781220,32.06936893192926,,S
7248,1,3,"Mendez, Master. Christopher",male,8.771020148883466,0,0,40935,25.114618254382364,,Q
7249,0,3,"Smith, Dr. Olivia",male,1.159728166497679,0,1,SC/Paris 533778,27.800925779274927,,C
7250,1,3,"Patterson, Dr. Gary",female,14.63479461852764,0,0,25070,27.121767756209508,,S
7251,1,1,"Santiago, Master. Michael",male,30.63958057184475,0,0,CA 280744,20.907097128968758,,Q
7252,1,3,"Andrews, Miss. Brian",female,21.569422197083945,2,0,17379,83.24734771895623,,S
7253,0,2,"Thomas, Mr. Lisa",male,15.426715383603506,0,0,STON/O 355641,35.46339229551364,C163,S
7254,1,2,"Mcdonald, Miss. Kevin",male,48.9319351609134,1,1,SC/Paris 398673,235.41953436524955,,C
7255,0,3,"Schmitt, Mr. James",male,12.749414509000136,0,0,SOTON/O 521761,36.46686439175908,,C
7256,0,3,"Marshall, Mrs. Mary",female,39.50764264169225,0,0,78044,85.31790650204562,A167,S
7257,0,1,"Obrien, Dr. Sally",male,17.554041882649138,1,0,STON/O 335186,68.3435931984876,,C
7258,0,3,"Evans, Dr. Gregory",male,14.280716935780141,0,0,92147,25.633253087327397,,S
7259,1,3,"Perez, Mr. Amy",male,21.546259223079524,1,1,91041,77.70852725650161,,S
7260,0,3,"Torres, Mrs. Michelle",male,38.67882466085756,0,0,61751,8.41903232721386,,S
7261,0,3,"Pierce, Dr. Gary",male,10.79947940762688,0,0,SOTON/O 310996,11.366488013820836,,C
7262,0,2,"Richard, Mrs. Brooke",male,34.02437364709382,0,0,93573,48.23198733357806,,S
7263,1,3,"Madden, Dr. Jacob",female,16.54936003260059,1,2,16861,62.16409406453357,,S
7264,0,2,"Lawrence, Mr. Monica",male,19.069263816555278,0,0,95811,51.61719449698199,F44,C
7265,1,3,"Schneider, Dr. Joshua",male,35.60898224657491,0,0,SOTON/O 190334,35.610771317878374,,C
7266,0,1,"Mccarthy, Dr. Douglas",male,60.42875961922269,0,0,11252,7.402228513014328,,S
7267,0,2,"Ho, Mr. Lisa",male,17.245762140173614,0,0,PC 667141,23.321317555880626,A188,S
7268,0,3,"Lewis, Master. Guy",female,40.07832817119802,0,0,W.E.P. 362993,46.42969047295056,,C
7269,0,2,"Nelson, Master. Holly",male,25.62202671873856,1,0,65693,12.813701122731125,C161,Q
7270,0,2,"Mcknight, Dr. Bradley",male,23.353591632844847,2,0,71029,50.782904423569775,,S
7271,0,3,"Franklin, Master. Kathryn",male,44.999264136502156,0,0,SOTON/O 738691,13.346986877587149,,S
7272,1,3,"Reed, Miss. Michael",female,18.190680647961535,0,0,SC/Paris 113611,5.149190770563883,,S
7273,1,3,"Walters, Master. Christine",female,13.84241482487343,0,0,SOTON/O 488944,19.603138096411556,,S
7274,0,2,"Medina, Mrs. Caleb",male,36.4424611330672,1,1,17191,15.924500086185878,,Q
7275,0,2,"Myers, Miss. Judy",male,52.32697315081446,3,0,90205,83.15403387434131,,Q
7276,1,2,"Roberts, Master. Ashley",male,40.499925874076126,0,0,SC/Paris 814743,33.045019886949724,,C
7277,0,3,"Hudson, Miss. Phillip",male,10.301756669688533,0,0,SOTON/O 390320,3.3092375127224787,C188,S
7278,0,3,"Cox, Miss. Robert",male,21.385337384435154,1,1,61337,84.52344660976897,,S
7279,1,1,"Walsh, Master. Michael",female,43.714375382075325,1,0,CA 850153,15.645772206655826,,C
7280,0,1,"Williams, Mrs. Vanessa",male,52.1355430507204,0,0,85733,41.951921641129346,B179,Q
7281,0,2,"Coleman, Mrs. Amy",female,33.201958553841905,0,0,W.E.P. 694039,38.99242807417113,,C
7282,0,2,"Tyler, Miss. Eddie",male,21.891584522490895,0,2,57252,178.04651442945766,C148,S
7283,0,2,"Nolan, Master. Makayla",female,53.04426375116066,0,1,16763,14.714208995859455,,S
7284,1,3,"Baker, Mrs. Teresa",male,28.955689807827646,0,0,STON/O 523605,7.84347876400038,D144,S
7285,0,2,"Beard, Master. Courtney",male,21.518679961838952,0,0,28457,14.948849427654812,,S
7286,0,3,"Nash, Master. Deborah",female,19.15094446554954,1,0,52057,42.95553987136061,,S
7287,0,3,"Flynn, Dr. Heather",male,13.269743142156027,2,0,99354,12.26582989416331,E5,S
7288,0,1,"Gay, Dr. Robert",male,69.67012601239239,0,0,60160,20.81143756464288,,Q
7289,1,3,"King, Dr. Tammy",female,49.89341011644825,0,1,SOTON/O 615563,53.65524804974455,F22,S
7290,1,3,"Guzman, Master. Matthew",male,20.81189357529611,0,0,75274,6.192065011639518,B44,S
7291,1,2,"Mueller, Mr. Michele",male,54.24556297410683,2,0,CA 328700,145.29845605945118,,S
7292,0,3,"Peterson, Master. Phyllis",female,37.46623042764411,1,0,CA 995909,38.00200378557203,,S
7293,0,2,"Callahan, Mrs. Patricia",female,36.63751201846807,0,0,W.E.P. 417761,33.04336422740752,,S
7294,0,3,"Steele, Mrs. Amanda",female,19.9491615783756,0,0,51530,22.552776219748964,,S
7295,0,3,"Boyle, Mrs. Jeremy",male,22.80221950595676,0,1,CA 387596,14.095919371708654,,S
7296,1,3,"Johnson, Mr. Anthony",female,29.406063515834628,0,0,71243,33.02438988624806,,C
7297,0,3,"Scott, Miss. Chloe",female,2.482314077838282,0,0,W.E.P. 700817,33.3031057055844,,S
7298,0,3,"Bird, Master. Christina",female,23.184517992413028,0,0,PC 720480,2.887916989057751,C36,S
7299,0,3,"Olson, Dr. Morgan",female,30.062854837267977,0,0,78610,93.99255367040033,F178,C
7300,1,3,"Brewer, Mrs. Wendy",male,48.33326469054132,1,0,A/5 217038,85.95218941921145,D186,Q
7301,0,2,"Ray, Mrs. John",male,21.368334355040005,0,1,SC/Paris 400792,29.692846190377082,,Q
7302,0,3,"Lee, Miss. Robert",female,41.36993355560263,0,0,59825,20.53062555598711,,S
7303,0,1,"Walker, Miss. Sarah",female,1.1530865190036437,0,0,PC 597218,34.55067501165857,A175,S
7304,1,1,"Anderson, Miss. Richard",male,46.33842245661829,2,0,CA 237819,12.515103514859277,F85,Q
7305,0,3,"Hutchinson, Master. Alex",female,17.3951424604353,1,1,69152,0.042136426398747956,,S
7306,1,1,"Martinez, Mrs. Michael",female,31.823821567046643,0,1,35184,21.871158006951838,,Q
7307,1,1,"Thomas, Mr. Melissa",female,35.68880366850907,2,1,59299,0.9084644957345973,,S
7308,0,3,"Morris, Mr. Andrea",female,32.942513802982035,1,1,53438,2.077701083416397,,S
7309,1,1,"Ross, Miss. Jane",female,28.505083378844486,0,0,84018,1.4956540088925865,,C
7310,0,2,"Scott, Mr. Thomas",female,12.618772004773945,0,0,SOTON/O 628625,106.03784415183455,E196,S
7311,1,3,"Jimenez, Master. Cody",female,17.5464271439471,2,0,SC/Paris 551235,7.751300290939306,,S
7312,0,3,"Woodard, Mr. Cassandra",male,43.95004720510245,0,0,24516,14.674167223324611,A179,S
7313,0,3,"Holt, Miss. Alexandra",male,21.636715576892207,1,0,76506,33.69328885732709,,Q
7314,0,3,"Griffin, Mr. Patricia",male,28.55386169291111,0,0,SOTON/O 466360,37.6778612068931,A78,S
7315,0,3,"Meza, Mrs. Christopher",male,9.110792400731853,0,0,SOTON/O 470209,6.509333604406748,F32,C
7316,1,3,"Clarke, Master. Alicia",male,42.02002706134896,1,0,A/5 427980,120.12772612066055,,Q
7317,0,3,"Wood, Master. Kristina",female,11.527237438038743,0,0,84749,13.138545410770059,,S
7318,1,3,"Smith, Master. John",female,42.8234793204295,0,0,A/5 869318,142.87576084856028,,C
7319,0,3,"Carson, Mrs. Wendy",male,15.122035350991903,0,1,CA 599787,14.844604047163457,,C
7320,1,2,"Watts, Mrs. John",female,44.20311242458885,3,0,80040,0.12986450004029984,,S
7321,0,2,"Koch, Mrs. Karen",male,30.142700814288563,1,0,STON/O 918863,178.5305828780598,,S
7322,0,1,"Underwood, Dr. Dale",male,22.177396449740733,1,0,69909,33.054943888810264,,S
7323,0,3,"Baldwin, Master. Dana",female,52.40562457627374,1,0,CA 971294,105.49519032021848,E193,C
7324,1,1,"Cole, Miss. Adrian",male,29.036030100544743,1,0,PC 825705,66.27745393612742,E97,S
7325,0,3,"Velez, Mr. Blake",female,24.93462789441629,0,1,99396,9.862749130882067,,S
7326,0,3,"Brewer, Dr. Terri",male,42.72765098637213,0,0,W.E.P. 410653,93.30327231411589,,C
7327,0,3,"Vaughn, Mr. Deborah",male,9.273600438720056,0,2,A/5 176539,2.6214524524598453,,C
7328,1,2,"Foster, Mr. Crystal",female,0.42,0,0,29805,35.418948569366634,,S
7329,0,3,"Martin, Mrs. Travis",male,46.21171963091627,0,0,SC/Paris 865148,14.659071903688606,,Q
7330,0,2,"Davis, Dr. Alexa",female,18.291770898871555,0,0,SOTON/O 815585,22.438431626669338,,S
7331,0,3,"Wright, Miss. Garrett",male,42.104713955410986,2,0,SOTON/O 276403,70.740521005113,A171,Q
7332,1,3,"Jordan, Mr. Nancy",male,30.64627320489229,0,0,93976,57.50319908746874,D174,C
7333,1,1,"Leon, Mr. Darlene",female,13.704147502215307,0,2,A/5 446706,28.99838289095897,,S
7334,0,3,"Tanner, Dr. Kenneth",female,38.50195387543875,0,1,W.E.P. 264904,2.3503025713396832,,S
7335,0,1,"Boyd, Miss. Michael",male,24.257617336764916,1,0,SC/Paris 469787,2.036710812995331,,S
7336,0,3,"Baldwin, Miss. Gary",male,14.917235291708836,1,0,14778,60.56741961444996,,S
7337,0,1,"Martinez, Miss. Diane",female,15.281850789245464,2,0,PC 386532,148.6296696890632,,C
7338,0,2,"Robinson, Mr. Patrick",male,5.740257441595805,1,0,64620,93.953263020915,,C
7339,1,1,"Gibson, Mrs. Jennifer",male,35.64234835055833,0,0,65722,6.515916534072671,,S
7340,0,1,"Rodriguez, Dr. Randy",female,16.904389577767304,2,0,W.E.P. 564309,6.46142603781557,,S
7341,1,3,"Black, Miss. Craig",male,29.51389021213203,0,2,A/5 746126,47.14821950424739,B131,S
7342,0,3,"Fields, Mrs. Laura",male,27.455885076826778,0,0,78302,53.59058685999584,,S
7343,1,3,"Edwards, Miss. Stephen",male,16.818206463484607,1,0,72640,47.91936792435665,,S
7344,0,2,"Beck, Mr. Samantha",female,8.679404002056508,0,0,SOTON/O 852129,108.31218007734007,E128,S
7345,0,2,"Alexander, Miss. George",male,65.47195160782181,1,1,CA 286981,13.133518513032666,,C
7346,0,3,"Wells, Mr. Anna",female,29.32054463630452,0,0,W.E.P. 888207,9.454893856228209,,S
7347,0,2,"Knight, Dr. Vincent",male,55.52736133864416,0,0,CA 184371,122.76790797870606,,S
7348,0,3,"Smith, Mr. Thomas",male,46.30911497217506,0,0,48803,64.03362658211405,,C
7349,1,3,"Johnson, Miss. Robert",male,25.50368577913428,0,1,15270,62.192396322993524,E64,S
7350,1,1,"Mason, Master. Cheryl",male,32.533504922757324,0,1,91264,20.426907035990023,,S
7351,0,3,"Johnson, Mrs. Patrick",male,32.126820947540075,0,0,A/5 362786,49.42586717713668,,C
7352,0,3,"Johnson, Mr. Veronica",male,55.81880964505416,0,0,STON/O 905267,64.85962925825977,,C
7353,0,3,"Caldwell, Mr. Dawn",female,41.61767168300778,0,1,SC/Paris 966064,45.84900607497359,,S
7354,0,1,"Mendoza, Master. Kevin",female,18.69818155563221,0,1,56875,66.63214793515039,,Q
7355,0,2,"Barnes, Miss. Carl",male,34.92266371176615,0,0,41485,44.586050137385364,,S
7356,1,2,"Shaw, Mrs. Sandra",female,41.26040077988354,0,0,56910,200.9579512907194,,C
7357,1,2,"Greene, Mrs. Theresa",female,13.545533315328957,0,0,SC/Paris 934363,33.86401749154731,,C
7358,1,1,"Rios, Mrs. Kaitlin",male,36.91809082727492,1,1,12755,0.6273687142573725,F89,C
7359,0,3,"Short, Mrs. Patricia",male,48.83684538687169,0,0,70281,8.917027183822452,,C
7360,1,3,"Clark, Dr. Tommy",female,17.995382877247955,1,0,SC/Paris 929416,166.43223163441525,,S
7361,1,3,"Olson, Mr. Monica",male,19.92954005381687,0,0,97166,31.69869763550668,,S
7362,0,1,"Reeves, Dr. Lauren",male,46.24661507486275,0,0,93409,6.421305431032273,B76,S
7363,0,3,"Webb, Dr. Annette",male,25.040691619309104,0,0,SC/Paris 296561,8.469486542122459,,S
7364,1,1,"Bryan, Miss. Michael",male,16.251882212132614,1,1,54273,1.4688436076280216,F8,C
7365,0,3,"Preston, Mr. Monique",female,42.35182260247706,0,0,15417,12.831108609903255,,S
7366,0,3,"Schneider, Miss. Jessica",female,38.075959314161764,0,0,SC/Paris 205206,215.7940865336553,A199,C
7367,0,3,"Garcia, Dr. Diana",male,31.32151470494509,0,0,96809,19.935540159855048,C12,S
7368,0,3,"Deleon, Miss. Rachel",female,45.74415679828186,0,0,CA 435772,14.400910861626508,,C
7369,0,3,"Morris, Dr. Nathan",male,46.73889340472378,0,0,A/5 155013,55.07398789205746,,S
7370,1,1,"Smith, Master. Gregory",female,28.840479276481084,1,0,SOTON/O 866336,56.07324129249997,,C
7371,1,1,"Russell, Dr. Janice",male,57.64056942573785,0,1,PC 449362,171.84157574386322,,C
7372,1,2,"Fernandez, Mr. Mark",male,52.16745934797797,1,0,W.E.P. 726003,65.39222657121194,,S
7373,0,1,"Knight, Miss. Benjamin",male,2.2198217015314725,1,0,48238,5.824822831518962,,C
7374,0,3,"Murphy, Mrs. Diana",male,15.578356071935461,1,0,SC/Paris 728389,212.0195155210019,,C
7375,0,2,"Patterson, Mrs. Elizabeth",male,0.42,1,0,41207,69.36219267579753,,S
7376,0,3,"Hurst, Mr. Sarah",male,25.45399007385344,1,0,STON/O 183476,15.002342422256474,,C
7377,0,2,"Byrd, Miss. Michael",male,13.042945223799112,1,0,92670,15.136128618566612,,S
7378,0,3,"Campos, Mrs. Ellen",male,18.599542417644557,2,0,W.E.P. 933397,160.94033424004294,A23,S
7379,0,3,"Coleman, Miss. Nathan",female,45.267954054960214,0,0,94701,10.699064993632968,,S
7380,0,2,"Page, Mrs. Natalie",male,5.432393163708877,0,0,A/5 411334,12.911831034137744,,C
7381,0,3,"Bush, Mr. James",female,31.81630037443138,0,1,41619,22.23093134799212,,C
7382,0,3,"Mahoney, Mrs. Alyssa",female,31.731470194725798,1,1,56058,56.88919062016651,F74,C
7383,1,1,"Peters, Mrs. Courtney",male,28.84654997426998,0,0,CA 461653,28.081744448901752,,S
7384,0,3,"Jones, Mrs. Michelle",male,31.83090154771683,1,1,A/5 707811,18.644874321001804,C130,C
7385,1,2,"Jordan, Mr. Nicholas",female,0.42,0,1,W.E.P. 132457,15.573074607423095,,C
7386,0,3,"Dominguez, Dr. Blake",male,18.666236778832314,0,1,STON/O 559990,6.682052548664252,,S
7387,0,3,"Bennett, Miss. Susan",female,51.60201211360345,0,0,STON/O 975997,39.51106224909198,,S
7388,1,3,"Huang, Master. Rebecca",male,13.243804802864467,0,0,45324,15.969787117702488,,S
7389,0,3,"Bailey, Master. Rebecca",male,53.332551389898796,0,0,PC 752828,20.1346805847908,,S
7390,0,1,"Bentley, Mrs. Andrew",male,10.304486235102313,0,0,19169,0.39134087869836587,B120,S
7391,1,3,"Arroyo, Miss. Julie",male,8.621431146227504,1,0,21265,37.88319134762176,,Q
7392,0,3,"Long, Mrs. Phillip",female,16.67509655830265,1,0,49032,59.60605092342672,F82,S
7393,1,3,"Underwood, Miss. Jonathan",female,45.80716155601686,0,0,69925,131.23182228790031,G11,S
7394,0,3,"Moore, Master. Maureen",female,22.35430838350871,0,0,15026,10.977936653927845,,S
7395,0,2,"Moore, Mrs. Samantha",male,34.835697838148,0,1,CA 304553,125.889559546116,G31,C
7396,0,3,"Lewis, Mrs. Tracy",male,31.030916908240858,2,0,21196,22.40275870306245,,S
7397,0,2,"Buckley, Miss. Cory",male,29.237529441775525,1,0,14144,81.07370035702324,,S
7398,1,3,"Armstrong, Dr. Pamela",female,47.83765329650603,0,0,96076,113.55530371968258,,C
7399,1,1,"Gonzales, Mrs. Kristina",male,40.80125117381854,0,0,56901,162.6792370434655,,S
7400,0,3,"Cortez, Master. Andre",male,13.999355239726732,1,1,86059,19.685018458754936,,S
7401,0,3,"Simpson, Mrs. Kimberly",female,26.1420090297167,0,0,A/5 961227,15.085917208184277,,C
7402,1,3,"Herrera, Mr. Logan",male,54.40815748043165,2,2,CA 709018,28.952038134917164,,S
7403,0,1,"Obrien, Mr. Natalie",male,34.4738650483511,0,1,91345,40.44512062326521,,S
7404,0,3,"Krueger, Dr. Mariah",male,8.890156502721524,0,0,CA 428943,58.663912959046705,,S
7405,0,3,"Thompson, Miss. Donna",male,9.881455366724936,1,0,72582,58.862895524959235,C33,C
7406,0,3,"Coleman, Mr. Jose",female,42.462034319927135,1,0,SOTON/O 449689,6.201666485758437,,S
7407,1,2,"Martinez, Mrs. Tracey",male,39.83412244046489,1,0,SC/Paris 184034,47.31399293483682,B2,C
7408,1,3,"Bates, Mrs. Kathy",male,17.100881948077358,1,1,75231,9.188252298112053,D133,C
7409,0,1,"Harvey, Miss. Mary",male,40.466822505640856,1,0,20498,62.13017312465302,,S
7410,0,3,"Thomas, Mr. Angela",male,52.39148991406949,0,0,65674,187.70952487763222,C50,S
7411,0,2,"Myers, Master. Elizabeth",male,50.41002375524842,0,0,A/5 854997,73.67979653690203,,C
7412,0,2,"Bond, Miss. Paula",male,52.4598925155144,0,0,SOTON/O 638936,59.32877179505625,,S
7413,0,1,"Singleton, Master. Justin",male,37.77684285087926,0,2,19756,4.032562048319459,,S
7414,1,1,"Watts, Mrs. Paul",male,27.512762532181572,1,0,92965,10.205850020189441,B174,Q
7415,0,1,"Johnson, Master. Jose",female,24.365278873464298,0,0,PC 274467,21.94390276391734,,S
7416,0,3,"Martin, Miss. Jill",male,29.756583559420193,1,0,CA 489899,135.51084743147982,,S
7417,0,3,"Torres, Mr. James",female,17.735673737603875,0,1,75716,20.09046675436146,,S
7418,0,2,"Mcintosh, Miss. Kevin",male,24.969817856733574,0,0,CA 468527,84.0391052672026,,S
7419,0,3,"Price, Dr. Stephanie",male,47.85167647616642,0,1,W.E.P. 834779,5.476868534692867,E129,Q
7420,1,3,"Martinez, Dr. Stacey",female,7.473005881875093,0,0,35309,54.235798117089075,,S
7421,0,3,"Brown, Master. Amanda",male,8.430623840320145,0,1,20626,75.50426382089366,,S
7422,1,1,"Flores, Mrs. Brian",male,41.627428461858,1,2,36756,39.1450372920847,D159,S
7423,0,2,"Palmer, Mr. Luis",male,25.097579054431353,1,1,SC/Paris 444894,72.80278797238716,,S
7424,0,3,"Benson, Master. Christine",male,3.040997656183322,0,1,87529,64.3071094109119,,S
7425,0,2,"Ramirez, Miss. Erik",male,29.141321811233833,0,0,84030,32.40684887964861,E170,S
7426,0,1,"Dominguez, Dr. Jeffrey",male,27.142297812609495,0,0,76998,100.31664416947206,,S
7427,0,1,"Wilson, Mr. Susan",female,23.964817329121324,1,0,29594,20.899358024780817,A94,C
7428,0,1,"Alvarez, Dr. Lindsey",male,39.599884370740774,1,0,CA 805772,27.704831726869816,,Q
7429,1,3,"Jones, Mr. Douglas",female,11.33526203691764,0,0,77548,38.811334780378004,,S
7430,1,2,"Prince, Mr. Anne",male,30.181795808034327,0,0,PC 905161,7.00327210951642,,S
7431,0,3,"Taylor, Dr. Christy",male,27.046385075425878,0,0,W.E.P. 566895,36.2130807190537,D41,S
7432,0,3,"Kim, Dr. Alicia",female,30.52955319076386,2,1,84613,19.58669503074232,,S
7433,0,3,"Carrillo, Miss. Megan",male,5.749393786085914,0,0,68219,14.830460268373159,,S
7434,0,1,"Moore, Miss. Tony",female,22.68291556603988,0,0,14255,42.99965384654711,,Q
7435,0,1,"Young, Mr. Lori",male,30.276768674521186,0,0,STON/O 347604,19.994258760501335,,S
7436,1,3,"Knight, Miss. Whitney",male,37.57623490817055,0,1,78770,96.72645325966604,,S
7437,0,2,"Phillips, Miss. Gordon",female,55.84955107577499,1,0,51481,26.379887131189395,F81,Q
7438,0,3,"Russo, Miss. Thomas",female,41.28327744234629,0,0,72187,26.63972737337641,,S
7439,0,2,"Ramos, Mr. Jessica",female,36.45617280886781,0,0,PC 770445,200.70864285265793,,S
7440,0,3,"Duran, Mrs. Tara",female,47.800647091925285,1,0,A/5 543749,20.89158533570178,,S
7441,1,3,"Stewart, Mrs. Alexander",female,25.746485748394726,0,0,STON/O 145431,7.0485757927585855,,C
7442,0,3,"Gay, Master. Hannah",male,51.75499429088797,0,0,67603,104.60943063938602,,S
7443,0,3,"Williams, Mrs. Rebecca",female,45.669819060869614,0,0,31926,124.44474172398886,,S
7444,1,1,"West, Dr. Karen",female,23.75771093100553,0,0,13174,12.83825075696597,,C
7445,0,1,"Peck, Dr. Brittney",male,56.93537246026607,0,1,STON/O 816984,106.88619083093256,,S
7446,1,1,"Todd, Miss. Amber",male,36.2570944086935,0,0,PC 301398,34.11598404444104,,S
7447,0,1,"Olson, Master. Megan",female,60.70156566486433,1,0,PC 623300,2.220151554396031,,C
7448,0,3,"Ramirez, Miss. Robert",male,34.24455155996628,0,0,58606,39.795668060394924,,S
7449,1,2,"Shaffer, Miss. Tim",male,22.132981966851098,1,2,SOTON/O 776753,94.44867812888712,D51,S
7450,0,2,"Jones, Mrs. Tom",male,19.25448699305231,0,0,29023,25.26284548107562,,S
7451,0,3,"Jones, Miss. Joyce",male,25.01959163373885,1,0,95992,40.03662487271631,,C
7452,0,1,"Flores, Master. Joshua",male,22.001870811584674,2,0,SOTON/O 636555,7.576872659943727,B63,S
7453,0,3,"Hernandez, Mrs. Edwin",female,47.79943979742171,1,0,43757,92.32038121034441,,S
7454,0,1,"Wood, Master. Angelica",female,29.594360576296477,0,1,18287,5.652290158050505,,S
7455,1,2,"Bennett, Miss. Linda",male,7.403682584126273,0,0,29936,4.959481489546278,,S
7456,1,3,"Galvan, Miss. Elizabeth",female,32.98206042220364,1,0,SOTON/O 278899,135.57157851221794,C126,S
7457,0,3,"Mullins, Mrs. Douglas",male,31.75718260354401,1,0,SOTON/O 535494,103.36494599430368,,C
7458,0,2,"Jackson, Mr. Valerie",male,23.43949330363385,0,1,11651,42.76858045580942,,S
7459,0,1,"Wright, Mrs. Michelle",male,33.74628830777979,2,0,CA 444622,5.611083676430853,,S
7460,0,2,"Nelson, Mr. Erik",female,29.38246793619544,1,0,SOTON/O 698498,39.48137584584819,,S
7461,0,1,"Parker, Mr. Abigail",male,38.87271514327193,2,0,39884,126.62674624346776,,Q
7462,0,1,"Walls, Mrs. Meghan",male,38.049705141565084,0,0,70861,47.383251873311764,,S
7463,1,3,"Price, Miss. Nathan",male,35.108639989587004,0,0,95558,11.047181702828897,,S
7464,0,1,"Garrison, Master. Teresa",female,11.816017347219091,0,1,CA 738975,118.13307449841545,A103,C
7465,0,3,"Roberts, Miss. Rebecca",female,59.666234193992366,0,0,A/5 413666,100.29329718128142,,S
7466,0,3,"Castaneda, Mr. Michael",male,8.21620015334765,0,2,W.E.P. 924897,39.547640112096374,,Q
7467,1,2,"Williams, Dr. Jason",male,28.198071524588737,0,0,W.E.P. 107300,95.60940659225366,,S
7468,1,1,"Smith, Master. Kimberly",female,14.677933081116763,0,0,STON/O 674266,2.90063893588405,,S
7469,0,3,"Ellis, Miss. Jamie",female,35.548734263241755,1,1,W.E.P. 684513,30.91880085796887,,Q
7470,0,2,"Brown, Dr. Miranda",male,31.937680147302316,1,0,A/5 506350,9.80616576572436,,S
7471,1,3,"Thompson, Dr. Anne",female,27.637274815317078,1,1,SC/Paris 896706,90.86647919511265,,S
7472,0,2,"Doyle, Master. Rebecca",female,51.248818975129936,0,0,70185,177.3538051588195,,S
7473,1,3,"Thomas, Mr. Brooke",male,45.51894284047963,0,0,65818,133.4650282985988,,C
7474,0,2,"Anderson, Dr. Wayne",male,25.42038519671857,1,0,W.E.P. 245713,34.993330474219015,,S
7475,0,2,"Cox, Dr. Kim",male,41.257884986827555,0,0,A/5 639820,35.76935363253008,,Q
7476,0,1,"Hernandez, Master. Rachel",female,51.90552360973835,0,0,21635,119.4227612808032,,S
7477,1,2,"Kim, Mrs. James",male,45.41883055360148,0,0,48619,63.961169481876865,B31,S
7478,0,3,"Phillips, Master. Cynthia",male,28.092939803454943,2,0,97672,3.876740056606604,,C
7479,1,3,"Vasquez, Mr. Tasha",female,7.735787379986768,0,0,STON/O 173055,6.867807548813,,S
7480,0,1,"Cole, Miss. Calvin",female,34.54507066887804,0,1,SOTON/O 771179,151.53944668845023,,S
7481,0,3,"Mcconnell, Miss. Joshua",male,39.360544695515856,2,1,23644,22.776595427755346,,C
7482,0,3,"Hale, Dr. Bethany",male,19.2253633960307,2,0,49654,10.373326496465504,D150,Q
7483,0,3,"Campbell, Dr. Jason",male,30.315633738812583,1,0,SC/Paris 870280,66.50228772901491,,S
7484,0,1,"Watts, Dr. Daniel",male,28.839570677275645,0,0,12435,105.88348203661664,,S
7485,0,3,"Andrews, Miss. Gabriel",female,49.427948901273396,0,0,CA 168775,11.568542975843892,,S
7486,1,2,"Hayes, Miss. Erica",male,55.95342645826125,0,0,SC/Paris 224380,14.479931511892142,,C
7487,0,3,"Thomas, Mr. Pam",male,46.45300258420983,2,0,PC 803274,115.09971593963763,D3,C
7488,1,3,"Bryan, Mrs. Richard",female,28.80222043553446,0,0,91751,0.6629404088110458,A3,S
7489,0,3,"Parrish, Mrs. Allen",male,46.06802745726944,0,2,42252,119.27129541083737,,S
7490,1,3,"Ryan, Dr. Brian",male,39.083034881623774,0,1,53043,2.0026906343695394,,C
7491,0,3,"Romero, Mr. Elizabeth",male,28.951405930655632,1,1,A/5 688127,5.013292030238517,,S
7492,0,1,"Mercer, Mrs. Gregory",female,59.293464046046196,0,0,36904,99.12494605411332,,C
7493,0,3,"Jones, Dr. James",male,19.66774184164499,0,0,53091,14.278862895621131,A146,S
7494,0,1,"Newman, Mrs. Christopher",male,38.4547256585336,0,0,SOTON/O 570584,12.724935019264915,E130,C
7495,1,2,"Rubio, Mrs. Jeremy",male,41.753849037754925,1,0,17631,92.93617606167075,,C
7496,0,3,"Vega, Miss. William",female,25.97501624666773,1,0,38668,39.065453232889915,,S
7497,0,3,"Boyle, Mr. Andrew",male,37.82793463031078,0,1,40288,21.58678430702961,C88,S
7498,1,3,"Powell, Miss. Jacob",male,43.236961503096026,1,0,STON/O 286240,62.62878717921356,,Q
7499,0,3,"Lambert, Dr. Brandon",female,33.4248818873908,1,0,CA 923243,82.96968322151398,,S
7500,1,3,"Brown, Mrs. Matthew",female,36.61493788679894,0,0,98021,99.30434891786223,,S
7501,0,2,"Hunt, Miss. Michele",female,31.476035721286294,0,0,PC 130204,6.354863091720428,G159,S
7502,1,2,"Wells, Miss. Andrew",male,41.165281561373945,0,0,SC/Paris 407093,43.678926583796496,D14,Q
7503,0,3,"Tucker, Miss. Christy",female,26.79429863128672,1,0,SC/Paris 988776,56.694201393160284,,C
7504,0,1,"Jimenez, Mrs. Lori",male,25.634831032500035,1,0,PC 197919,6.191749411139524,,S
7505,0,3,"Lawrence, Mrs. Ann",male,30.287842153888114,0,0,16916,47.09654188950244,,S
7506,1,3,"Smith, Dr. Stanley",male,46.57136423877634,1,0,STON/O 605450,1.6229785982527056,,S
7507,0,3,"Johnson, Miss. Howard",male,5.536915918606223,2,0,PC 185833,20.894909777475746,D21,S
7508,0,3,"Torres, Mrs. Rodney",male,17.268829566048563,0,0,58607,9.438071721115401,,S
7509,0,1,"Mcdaniel, Dr. Michelle",male,61.86078067599618,1,1,W.E.P. 403245,41.1863172626558,,S
7510,1,3,"Holmes, Dr. Ashley",female,33.852637834840195,0,0,CA 465776,10.603554914185615,,S
7511,1,1,"Maxwell, Miss. Renee",male,24.301495342522173,0,0,52628,77.82899708292207,,S
7512,1,2,"Long, Dr. Diana",male,41.12792569683602,0,1,W.E.P. 422769,6.456829970776405,G29,S
7513,0,1,"Glover, Master. Daniel",male,19.009621997171642,0,0,25232,70.90556192765604,,C
7514,0,3,"Miller, Mr. Cheryl",female,0.5609552292701778,1,0,SC/Paris 649681,5.207433816915387,B31,C
7515,0,3,"Bryan, Dr. Tiffany",male,34.967199268463446,1,0,PC 355166,29.205130234000166,,S
7516,1,3,"Le, Mr. James",male,19.769026323372398,1,0,A/5 176971,59.954945473094604,E112,S
7517,0,3,"Smith, Dr. Amy",male,31.419456893818595,1,0,27570,8.805127167105502,,S
7518,0,3,"Clark, Miss. Jason",female,34.61161105773857,0,0,91572,69.78573494675531,A151,S
7519,1,3,"Rivera, Mr. Michelle",male,31.98962637392088,1,0,W.E.P. 389311,153.31975873668387,,S
7520,0,3,"Smith, Mr. Nathan",male,6.074064230432242,0,0,STON/O 872979,23.37244830067658,,C
7521,0,3,"Tucker, Mr. Ashley",male,30.367931796223715,1,0,W.E.P. 792587,0.009015950868888012,G139,S
7522,0,3,"Price, Mr. Dylan",female,36.224427179101696,0,0,STON/O 453530,32.392402950868515,,Q
7523,0,2,"Lee, Dr. Amanda",male,10.39917031486057,2,0,42532,116.36495715189412,D151,S
7524,1,3,"Reynolds, Mr. Brenda",female,8.731570176148526,0,0,12757,54.682128378612425,D128,C
7525,0,1,"Austin, Miss. Charles",male,15.033655798038449,1,0,PC 803218,60.74934536839605,,S
7526,0,3,"Blair, Miss. Omar",female,40.454706342643306,0,0,76493,78.62320583960218,,S
7527,0,3,"Conner, Master. Jessica",male,2.023579549174009,0,1,26834,119.409166839546,,C
7528,0,3,"Martinez, Miss. Norman",male,41.61683391602096,2,0,17557,6.6653699169034155,C99,Q
7529,1,3,"Davis, Dr. Kevin",male,35.48878047606322,3,0,39113,44.605465458051,,S
7530,0,3,"White, Miss. Kara",male,26.394972692553196,1,0,32279,110.24212266704974,,S
7531,0,3,"White, Mrs. Aimee",male,9.271184726394221,0,1,15784,74.78070277232109,,S
7532,0,2,"Watson, Mr. Patricia",male,18.849454371522945,2,1,PC 197475,14.313609481206543,C41,C
7533,0,3,"Cox, Miss. Albert",female,40.94665672814888,0,0,38042,103.81486490529713,,Q
7534,0,3,"Bowman, Dr. Deborah",male,47.59415282580705,1,0,CA 126770,17.41433134057742,,S
7535,1,3,"Blackwell, Miss. Joseph",female,15.560920553022308,1,0,W.E.P. 206799,26.456809993791765,,S
7536,1,3,"Knight, Dr. Sandra",male,45.986089143972904,1,0,27782,10.267653487506317,,S
7537,1,1,"Murphy, Mrs. Cindy",female,39.6022532579138,1,0,CA 181466,108.23979872108609,,S
7538,0,3,"Taylor, Mr. Richard",male,29.904279231293017,0,0,W.E.P. 682125,4.881443539898501,E183,S
7539,0,3,"Brown, Mrs. Ricky",male,19.670028185034376,2,0,STON/O 287098,256.7155173037041,,Q
7540,0,2,"Kelly, Mrs. Christina",male,21.86053970208014,1,0,SOTON/O 728485,19.92550566463173,,S
7541,0,3,"Adams, Master. Sandra",female,55.520916626160194,1,0,SOTON/O 867630,62.033355106629095,,S
7542,0,3,"Smith, Mr. Brandon",female,32.498185398982805,0,1,PC 145868,6.889955266838058,A199,Q
7543,0,3,"Luna, Mrs. Mary",male,48.61815678815272,1,1,CA 910287,33.458159280539725,,C
7544,1,3,"Martinez, Mrs. Kelly",male,33.38181176603398,0,0,81602,2.047975554755051,,S
7545,0,3,"Dunn, Mr. Aimee",male,23.662229041719936,2,0,30656,105.35072959866841,,S
7546,0,3,"Dunn, Mrs. Jessica",male,38.1772625260919,1,0,93057,29.56829463998175,,S
7547,1,3,"Lyons, Miss. Jacob",male,60.20969100911849,0,0,W.E.P. 424445,67.88613229347652,D16,S
7548,0,3,"Smith, Miss. Sarah",male,20.982366753194643,0,0,W.E.P. 628956,112.4591145617295,,S
7549,1,3,"Thomas, Miss. Stephanie",male,42.794164648262935,0,2,23963,3.5530683791734208,E170,C
7550,1,3,"Richardson, Mr. William",female,32.66712575202677,0,0,54438,35.81476974993247,C172,S
7551,1,2,"Duran, Miss. Dean",female,9.706747770787622,0,0,PC 316711,10.507733361583234,,S
7552,0,1,"Frazier, Mrs. John",male,9.393766200241167,1,0,W.E.P. 144833,3.575177374140323,,C
7553,1,2,"Roberts, Miss. Kristin",female,23.672227542860355,1,0,31314,48.647434084536656,,S
7554,0,3,"White, Master. Russell",male,34.864840177972866,0,0,SOTON/O 683402,6.057378992428523,,S
7555,1,3,"Farmer, Mr. Julie",female,42.297221575639185,0,0,STON/O 352812,33.85730670861915,F189,S
7556,0,2,"Pierce, Dr. Daniel",male,8.007217244262716,2,0,30441,10.964950436356775,,C
7557,0,2,"Simmons, Miss. Audrey",female,39.13776528219992,0,0,STON/O 893177,11.014965997797258,,S
7558,0,1,"White, Master. Samuel",male,28.342676422577128,2,1,43326,37.01133924739197,E122,S
7559,0,3,"Shelton, Miss. Alicia",male,30.04639294145568,0,0,PC 219906,40.527853044240324,,C
7560,1,3,"Murphy, Dr. Chad",female,38.24056584445984,1,0,STON/O 424999,0.17426910202514556,C9,S
7561,1,3,"Jackson, Dr. Megan",male,54.445474481642535,2,0,90731,34.73434439203214,F44,C
7562,1,3,"Wilson, Master. Dustin",male,34.25098520568537,1,1,SC/Paris 726898,55.39530686537177,,Q
7563,0,3,"Perkins, Dr. Lauren",male,11.005682242073433,0,0,80203,56.73971785123619,B198,S
7564,1,1,"Young, Miss. Peter",female,27.380704818990864,1,0,SOTON/O 241430,94.8160565333937,,S
7565,0,3,"Gilbert, Master. Ricky",male,41.92987632405074,0,0,W.E.P. 870160,112.83300393098405,F170,S
7566,1,3,"Williams, Master. Kimberly",male,42.390607556831654,0,0,PC 256817,48.757133274881994,C105,S
7567,1,3,"Stanton, Mrs. Aaron",male,39.3215412372643,0,1,SC/Paris 486785,32.872789984003944,,S
7568,0,3,"Barrett, Mr. Allen",male,22.859563825253037,0,0,SC/Paris 173203,11.414501820441336,E73,S
7569,1,3,"Johnson, Dr. Howard",male,10.850445833357881,1,0,95952,6.777313555394962,D38,C
7570,0,3,"Williams, Mrs. Jonathan",female,38.253108581535,1,0,SC/Paris 457597,46.965132712990176,,Q
7571,0,3,"Webb, Miss. John",male,13.000683965628959,0,0,38882,146.48142979591807,,S
7572,0,3,"Cunningham, Mr. Elizabeth",male,39.70215422995257,0,0,27328,16.301392220229612,D92,C
7573,0,3,"Ramos, Miss. Anthony",male,39.70605102172488,0,0,CA 605479,5.237665317990073,D55,C
7574,1,1,"Rhodes, Mrs. Hannah",male,23.452298885765575,1,0,17047,27.570362395552124,,S
7575,0,3,"Parker, Mrs. Michael",female,28.42551394022187,0,0,PC 558989,0.02413495890787092,,Q
7576,0,3,"Santiago, Mrs. David",male,32.78149013967374,0,1,93541,40.32413906305506,,S
7577,0,1,"Greene, Mr. Jason",female,21.39259457350447,0,0,SC/Paris 868695,2.5372664255962425,E199,S
7578,1,1,"White, Mr. Ariana",male,10.656479522459257,0,0,89512,133.65751963745004,,C
7579,1,1,"Butler, Mrs. Troy",male,29.450930121343344,0,0,SC/Paris 379508,101.98527577154609,,S
7580,1,3,"Thompson, Dr. Ariel",male,30.910456546717825,0,1,49943,6.102826068264842,,S
7581,1,3,"Douglas, Master. Curtis",female,49.05466309114273,0,2,55205,7.943722121765254,,C
7582,0,2,"Cruz, Dr. Matthew",female,19.052110997209972,0,1,SC/Paris 472381,153.35871557893944,,S
7583,0,1,"Clay, Mrs. Jorge",male,44.958946432935555,0,1,96498,83.98032991948673,,S
7584,0,3,"Padilla, Dr. Emily",female,13.941027295029897,1,1,95039,142.38678613392565,,S
7585,0,2,"Alvarado, Mrs. William",male,11.175569204217211,1,1,STON/O 792284,20.360938791582285,,S
7586,1,2,"Rush, Mrs. Catherine",female,25.78792577407015,0,0,87361,5.88049669062485,C135,S
7587,0,3,"Haas, Mrs. Steven",female,16.827273851463893,0,0,SOTON/O 733996,47.775865089627565,,S
7588,1,3,"Hobbs, Miss. Eric",female,10.979378696701787,0,0,29803,170.11768387727128,A47,C
7589,0,2,"Butler, Dr. Destiny",female,57.220624421406825,0,1,70570,6.961011269913321,,S
7590,0,3,"Harrell, Mrs. Kevin",female,23.67693309101681,0,0,32496,85.433849502018,A124,S
7591,0,2,"Brown, Miss. Jane",female,62.358250214587486,0,0,STON/O 199954,22.284121082168053,A11,S
7592,1,3,"Brooks, Mrs. Jeanette",male,16.07372681541993,1,0,SOTON/O 813115,6.13710963500766,,S
7593,1,1,"Hale, Dr. Brandon",male,6.080348067138022,0,0,49689,30.720239752566048,,S
7594,1,1,"Flores, Mrs. Terri",male,48.07805606499654,1,0,A/5 445831,33.543203659479595,,S
7595,0,3,"Smith, Miss. Devin",female,19.826807148356515,0,1,41644,0.4562467106782631,,Q
7596,1,3,"Blake, Dr. Terri",male,31.944121174783472,0,0,82473,32.1654976766468,,S
7597,0,1,"Ward, Master. Janice",male,11.02113120981964,0,0,STON/O 543056,52.132123565927316,F28,S
7598,0,1,"Robertson, Miss. Anthony",female,29.46641601297939,0,0,90511,72.33654969189305,G8,C
7599,1,3,"Rose, Mrs. Sara",female,10.797235022000706,2,0,W.E.P. 710272,5.187949077925978,,S
7600,0,3,"Pierce, Dr. Cheryl",male,28.9652964320465,0,1,96899,104.59101558575033,E59,S
7601,1,2,"Young, Master. Harold",male,23.364944447161278,0,0,87887,9.180873130898243,,S
7602,0,3,"Jordan, Mrs. William",male,33.22374822540545,0,0,82646,53.68920533536205,A199,S
7603,0,1,"Holmes, Mr. Carl",male,38.75967919552336,1,0,95300,40.218743791117646,,S
7604,1,3,"Schwartz, Mrs. Brian",female,33.37511998878909,0,0,38112,106.01675918718325,,C
7605,0,1,"James, Master. Austin",female,36.31465159027009,0,0,28123,1.9705887063532663,,Q
7606,1,2,"Ellis, Miss. Tyler",male,28.473542544406662,1,1,PC 451291,10.632603127215972,,S
7607,0,1,"Myers, Master. Mark",male,23.90553817808108,2,0,PC 750823,6.503484459988705,,S
7608,1,3,"Lopez, Mrs. Peter",female,36.581661559053956,0,1,SOTON/O 709096,19.841463969064463,,S
7609,0,2,"Johnson, Miss. Lisa",male,28.439730577705415,0,1,SC/Paris 584958,20.68861122444186,,S
7610,0,2,"Campos, Dr. Jacob",male,28.97366305040198,0,0,72462,4.639353776500745,,S
7611,0,1,"Campbell, Miss. Kenneth",female,35.56842951625607,1,0,70493,36.11077563081398,B51,S
7612,0,2,"Wheeler, Mrs. Courtney",female,15.534981627684752,0,1,19921,6.178665214738414,,S
7613,1,3,"Simpson, Mrs. Ryan",male,50.01455531732205,0,1,PC 843142,3.8629703292579047,E72,S
7614,0,2,"Franklin, Miss. Bailey",female,26.50900787221232,3,0,STON/O 649403,1.686740277096586,,C
7615,0,3,"Allen, Miss. Richard",male,31.738542623580994,0,0,47720,132.3537968638369,,S
7616,0,2,"Gilmore, Miss. John",male,29.376727728971908,0,0,SOTON/O 487085,25.270248694201026,A141,S
7617,0,2,"Hill, Mrs. Jody",male,39.13840415462968,0,2,SC/Paris 191116,16.68185597061082,A65,S
7618,1,3,"Jones, Mr. Dan",male,34.74854339359175,1,0,39404,32.915460496787944,,C
7619,1,3,"Barnes, Miss. Christopher",male,29.30106474382707,1,1,SOTON/O 490641,8.580416275525561,B150,C
7620,0,1,"Yates, Miss. Erica",male,50.28255762591621,0,0,12186,26.057067786534937,,C
7621,1,1,"Cole, Dr. Amanda",female,0.42,1,0,A/5 586505,10.569744415698171,B148,S
7622,0,3,"Reyes, Master. Michelle",female,47.39744132653726,0,1,SC/Paris 548504,18.148504413889608,,S
7623,0,3,"Jackson, Dr. David",male,42.88301567267343,2,0,PC 127982,128.9932844190604,,S
7624,1,3,"Miller, Mr. Stephanie",male,4.298567140765755,2,0,A/5 552506,8.049477814404705,,S
7625,0,3,"Sullivan, Miss. Megan",male,43.009965048041536,1,0,SOTON/O 601777,32.10796038119298,,S
7626,1,3,"Jones, Mrs. Kelly",male,44.81854423783354,0,0,CA 862596,54.06699385942174,,S
7627,1,3,"Smith, Mr. Sarah",male,37.86468885833479,1,0,90822,125.05008811364763,,S
7628,0,3,"Jones, Mrs. Rebecca",female,8.17277578846015,0,0,23966,128.20453045506412,,S
7629,1,3,"Scott, Miss. Linda",male,39.55713804589916,0,1,W.E.P. 149983,14.20169521157502,D153,S
7630,1,3,"Arnold, Master. Ronald",male,44.100755984026996,1,0,13245,143.37112276688057,,S
7631,0,3,"Frank, Mrs. Sean",male,21.989109073067787,2,0,STON/O 550600,20.127668585298935,B176,S
7632,0,3,"Long, Dr. Matthew",male,36.17587398380479,0,0,26815,112.65232092346822,,S
7633,0,3,"Payne, Dr. Mary",female,25.05508946272768,0,0,97157,4.891879122608573,D91,S
7634,1,3,"Williams, Mrs. Caitlin",male,42.39527786723579,0,1,PC 665902,11.054192346607495,G127,Q
7635,1,3,"Smith, Dr. Christopher",male,25.610906406811594,1,0,W.E.P. 846554,4.114634003211318,,S
7636,0,3,"Scott, Mr. Melinda",female,21.878355520155825,1,0,STON/O 955236,17.764288928164238,B83,S
7637,0,1,"Abbott, Mr. James",male,29.44984840262393,0,0,73061,103.51535779235526,G76,S
7638,1,1,"Stephens, Miss. Stephanie",male,11.216870313232995,1,1,W.E.P. 424922,8.674225166680998,,Q
7639,0,3,"David, Mrs. Danielle",female,28.05985223474694,0,0,14528,12.734709884564447,E192,S
7640,0,3,"Flores, Mr. Tiffany",female,35.06929832301534,0,0,67326,12.179167918058168,,S
7641,0,2,"Lucas, Miss. Thomas",male,42.179429771128916,0,0,89236,16.058373748113873,A175,C
7642,0,3,"Smith, Mr. Christopher",male,33.48539434093479,1,1,PC 697900,0.9428735014951107,,S
7643,0,2,"Taylor, Dr. Richard",female,9.943577080790433,0,0,PC 826176,27.56914087240566,,S
7644,0,1,"Brennan, Mrs. Hannah",male,48.93179593521668,1,1,26120,187.09956101620122,,C
7645,0,3,"Potts, Miss. Sarah",male,50.106219089239346,0,0,61004,29.71803797989131,,S
7646,1,3,"Flores, Dr. Julie",male,31.57594157379095,1,1,16192,83.92334418924425,C6,C
7647,0,1,"Wang, Mr. Sean",male,19.47281730391883,2,0,W.E.P. 194376,42.36500311667161,,S
7648,0,3,"Williamson, Master. Matthew",male,22.557348889538364,0,0,A/5 896206,0.7497399307399821,,S
7649,0,2,"Romero, Master. Michael",male,27.15068643194681,2,0,82225,44.035069749646965,,S
7650,0,3,"Montgomery, Master. Colleen",female,33.90135838676724,0,0,SOTON/O 430226,146.41634917949125,F35,C
7651,0,2,"Richard, Miss. Christian",male,25.73720605886364,0,0,PC 537674,40.31697624851716,C185,C
7652,0,1,"Maldonado, Mrs. Roberta",male,17.98257452538354,0,0,CA 809865,37.53170893993435,,S
7653,0,3,"Green, Dr. Isabel",male,44.32213837903012,0,1,A/5 317018,55.46730562151654,,S
7654,1,3,"Ibarra, Miss. Gregory",female,33.60200243303741,0,0,A/5 392279,102.35364493168721,,Q
7655,1,1,"Chavez, Master. Steven",male,15.26679168589672,0,0,52234,41.592463518710055,,S
7656,1,3,"Rogers, Mrs. Michael",male,34.078346388001066,0,0,SOTON/O 426723,26.08053495386199,,C
7657,1,1,"Welch, Mrs. Melissa",male,32.26619160290714,1,0,A/5 132110,1.8892538968251957,,S
7658,1,3,"Joseph, Miss. Vicki",male,19.947259232778524,0,0,CA 597094,5.88658310246777,,S
7659,0,1,"Simpson, Mrs. Philip",female,46.73069663455381,0,0,48097,52.30877730381918,,C
7660,1,3,"Martinez, Master. Ryan",male,31.88844888998242,1,0,STON/O 785612,48.23973326601535,,S
7661,0,3,"Reynolds, Miss. Leslie",male,26.967297010849652,0,0,STON/O 838898,13.657899546496251,,S
7662,1,2,"Taylor, Dr. Jonathan",female,28.8312555269441,2,0,SC/Paris 729349,63.45633138958225,,C
7663,1,3,"Li, Miss. Michele",male,36.21483514196757,0,0,60455,16.401995040368085,A130,S
7664,0,3,"Martinez, Mr. Marc",male,28.98943219657854,0,1,PC 181446,18.190317065643804,,Q
7665,0,3,"Lopez, Mr. Pamela",male,28.872388577455748,0,0,73957,3.1681596709526096,,C
7666,0,1,"Townsend, Master. Lee",female,44.923510956555305,0,1,33322,39.956655828114634,,C
7667,1,3,"Stewart, Dr. James",male,10.142339415178284,0,0,SC/Paris 879507,16.96247794790688,,S
7668,1,3,"Olsen, Mr. Samantha",male,12.478256045670541,0,0,STON/O 459524,85.44601177374702,,C
7669,1,3,"Santiago, Master. Earl",male,40.877487039887114,0,0,W.E.P. 810192,80.83999204693427,C52,C
7670,0,3,"Wagner, Dr. Zachary",male,63.821897019170876,1,0,A/5 858095,6.873674579689169,,S
7671,1,1,"Holland, Mr. Breanna",female,42.270936302128725,0,1,A/5 358668,8.717263217793617,,S
7672,0,3,"Fletcher, Dr. Shane",female,56.09892314501815,2,0,83505,19.356002333135454,D21,S
7673,1,3,"Ramos, Mrs. Joseph",female,23.91879740797981,0,0,72439,43.476851267320924,,S
7674,0,1,"Brown, Miss. Robert",female,21.08086350327055,0,0,SC/Paris 114451,20.96661183675273,,C
7675,0,3,"Alexander, Miss. Clifford",female,36.39146442544472,1,0,28325,21.558838051258,C30,C
7676,0,3,"Guerra, Master. Amy",male,43.351085437578426,0,0,SC/Paris 259292,7.544672548014502,,S
7677,1,3,"Wood, Dr. Jacob",male,11.638287382047032,0,0,CA 844452,20.4434283542482,,S
7678,1,1,"Robles, Dr. Alexander",male,27.014942780382334,1,1,89181,31.782283362953436,B194,S
7679,0,3,"Gomez, Mrs. Stacey",male,29.62175965298325,0,0,CA 553950,209.0582092228693,,S
7680,0,2,"Sparks, Dr. Angela",male,20.495816980404765,0,0,SOTON/O 703065,90.99709981497097,,S
7681,1,3,"Burke, Dr. Kristin",male,22.128894428359587,0,1,CA 501171,78.74737424786959,,C
7682,0,3,"Houston, Dr. Heather",male,41.802970214828704,0,0,48061,41.02865041432515,,S
7683,0,3,"Martin, Mrs. Daniel",male,36.57558273527153,0,2,63993,22.321376297979988,,Q
7684,0,1,"Miller, Mrs. Maria",female,41.17831990603236,0,0,19339,97.22679563668807,A5,S
7685,0,3,"Jackson, Mrs. Emma",male,34.716245665218835,0,1,W.E.P. 274423,21.341810142315268,A110,S
7686,1,3,"Hayes, Dr. Jessica",male,17.774406524064467,0,0,75588,44.9220504982651,,S
7687,1,1,"Ortiz, Dr. Margaret",female,35.9234427257484,0,0,74868,14.864789190354404,,Q
7688,0,3,"Mejia, Miss. Joseph",male,16.670699366714878,0,0,A/5 707182,74.8969940890926,,S
7689,0,3,"Thompson, Dr. Brandon",male,25.635453253519213,0,0,45221,36.13221070802337,C45,C
7690,1,3,"Brady, Master. Nancy",male,15.49251883254485,0,0,A/5 113902,112.77006571947908,,C
7691,0,2,"Thompson, Mrs. Renee",female,21.447570911007862,0,0,SOTON/O 879469,42.07077347702647,,S
7692,1,2,"Case, Dr. Heidi",female,31.26670386296322,0,0,78652,8.974558919390402,,S
7693,0,3,"Holloway, Mrs. Kyle",male,23.595131537065498,2,0,PC 486831,247.72026832526325,,S
7694,0,2,"Hall, Mrs. Alan",male,17.6357262596573,0,0,PC 982013,34.854340436232874,D58,Q
7695,1,1,"Young, Master. Holly",male,45.929164602149115,1,1,10973,14.431329398429286,D42,S
7696,1,3,"Peterson, Mrs. Jonathon",male,28.325715956709967,3,0,45041,19.97040660253788,,Q
7697,0,1,"Wyatt, Mrs. Jennifer",female,22.60900734993906,0,0,SOTON/O 177200,6.461842214753755,,S
7698,1,3,"Blake, Mrs. Gail",male,14.846412450172334,0,0,24325,3.8408219078884596,A120,Q
7699,0,3,"Horton, Miss. Stephanie",male,3.7920716079959185,0,0,66098,29.943355965501656,A91,S
7700,0,3,"Monroe, Miss. Michael",female,26.891341807764302,0,0,66449,151.69572068260763,,S
7701,1,3,"Key, Dr. Adam",male,10.704938150720402,0,1,33381,6.561138712286795,,S
7702,1,1,"Boyd, Miss. Janet",female,39.96851043105334,0,0,48654,116.51025448707095,,S
7703,1,2,"Cox, Dr. Amy",female,30.4128767243794,1,1,47993,79.66209705459687,G72,S
7704,0,3,"Watson, Miss. Stephanie",male,51.8170509079339,0,1,47557,82.10489434197564,C87,S
7705,0,2,"Anderson, Master. Sandra",female,33.12303982531984,1,1,CA 428867,61.885675681743855,C199,S
7706,0,3,"Johns, Mrs. Robert",male,19.826790838364904,0,0,40500,44.804271087842565,E101,S
7707,0,3,"Garrett, Master. Jennifer",male,3.6798935668417094,1,0,SOTON/O 665724,6.470560705096388,,C
7708,1,1,"Ramirez, Dr. Eric",female,41.29161409238459,2,1,99485,42.86015423741076,C181,S
7709,0,3,"Garcia, Dr. Brenda",male,11.814724352504538,1,0,PC 829890,21.691501368573373,,S
7710,1,1,"Bates, Mr. Mark",male,24.28597668234334,1,0,SC/Paris 351532,5.563584371146801,F137,C
7711,0,1,"Anderson, Miss. Bradley",female,53.43723545176879,0,1,74176,81.43816290726167,E100,S
7712,0,3,"Sherman, Miss. David",male,38.55376688668217,0,0,SC/Paris 501768,39.54336207471317,,C
7713,0,3,"Mack, Master. Debra",male,35.45811636348917,3,0,A/5 843032,68.31581873455498,,Q
7714,0,3,"Riley, Miss. Michael",male,43.220514203681525,0,1,CA 755699,32.64923836049547,,S
7715,0,2,"Russell, Master. Katherine",male,42.69869746467739,0,0,92707,40.11654917988811,,S
7716,1,2,"Johnson, Miss. Ashley",male,52.13325004735839,1,0,74721,62.29936074801835,,S
7717,0,2,"Holt, Mrs. Amy",female,21.569489093435834,0,0,CA 748394,14.180974970259372,,S
7718,1,2,"Spencer, Dr. Michael",male,24.726421851969288,1,0,CA 424714,93.88171597612984,D145,S
7719,0,2,"Griffin, Miss. Yvonne",male,17.086615193136378,1,1,A/5 494553,27.318179766832586,,S
7720,1,3,"Blair, Mrs. Samantha",male,29.54223309062437,0,0,PC 269703,61.63393684975108,,S
7721,0,3,"Jacobson, Mr. Darryl",male,28.14874179161728,2,0,57482,19.73220713851728,,C
7722,1,2,"Day, Mr. David",male,5.430668677301966,0,2,58997,60.61281843681955,,S
7723,0,1,"Burgess, Master. Craig",male,20.84538940067635,3,0,86230,2.2248322016326547,,C
7724,1,3,"Hughes, Mrs. Gerald",male,50.14763147878553,0,1,PC 157350,132.43849917181052,,S
7725,1,3,"Acosta, Mr. Teresa",female,33.41892032841919,1,0,36912,77.29844569228891,,S
7726,0,3,"Newman, Master. Michelle",male,40.01558065321398,0,1,14685,54.65222568176314,,S
7727,0,1,"Neal, Master. Rachel",male,28.31237465009046,0,2,81572,19.569393765735096,F147,C
7728,0,1,"Anderson, Mr. Tracy",male,3.5806906612302143,0,1,SOTON/O 228884,92.44428652319435,C47,S
7729,1,3,"Werner, Mr. Kimberly",male,28.19909709438645,0,0,A/5 633537,72.98325865807965,,C
7730,0,3,"Erickson, Miss. Daniel",male,44.5837518052937,0,0,84056,30.173047057323544,,S
7731,0,3,"Garrett, Dr. Debbie",male,13.400426922585268,1,1,PC 627047,10.998045713749839,D76,S
7732,0,3,"Stevenson, Mr. Calvin",male,40.45854497441092,1,1,10773,9.649756203568542,,S
7733,0,1,"Harris, Miss. Justin",female,6.174356629902526,0,0,A/5 871952,33.490667709683684,,S
7734,1,3,"Carpenter, Master. Michelle",male,30.282677335252632,1,0,SOTON/O 222480,76.48701597155112,,S
7735,0,3,"Herrera, Master. Christopher",female,37.62325830205281,0,1,W.E.P. 139989,62.66957331812335,,S
7736,1,2,"Booth, Mrs. Jamie",female,25.63042466022851,2,1,70504,34.017894370875204,,C
7737,1,3,"Allen, Mrs. Jim",male,64.6146015663469,1,1,97698,11.434648956855863,,S
7738,0,3,"Hartman, Miss. Darren",male,23.095333880759565,0,0,34520,13.671242012010183,,S
7739,1,2,"Potter, Mr. Audrey",male,21.90217267250517,1,1,W.E.P. 686922,2.9682614600384767,,S
7740,0,2,"Ruiz, Master. Jon",male,32.86288858597006,1,1,68513,9.727569827549113,,Q
7741,0,2,"Williams, Master. Riley",female,19.430376098279076,0,0,W.E.P. 636724,0.6420710007425326,,Q
7742,0,1,"Allen, Mrs. Seth",male,9.821273686585641,0,2,SC/Paris 882587,56.118836062636404,,S
7743,1,3,"Wells, Miss. Andrew",female,14.632623151088964,1,0,78288,44.36567675550803,,S
7744,0,3,"Lane, Mr. Leon",female,40.611814633670534,0,1,41384,220.960826873675,,S
7745,0,2,"King, Mr. Sandy",male,25.73084617574503,2,0,38674,71.93690787554428,,C
7746,0,1,"Wagner, Mrs. Paige",male,53.82829330702697,0,0,SOTON/O 657241,14.134097664027834,,S
7747,0,3,"Peterson, Mr. Alison",male,23.822692568984507,0,0,81931,61.53163828882349,,S
7748,1,2,"Miller, Miss. Carrie",female,39.94714496625217,1,0,90140,0.612321793153291,,S
7749,0,1,"Barrera, Master. Brittany",female,37.15178771246619,2,0,SC/Paris 996445,214.00108642369324,,S
7750,1,2,"Garza, Mrs. Allison",male,23.613888699479702,0,2,STON/O 628090,47.65231431784395,F71,S
7751,0,3,"Mercer, Mr. Kaylee",male,17.69667499167727,0,0,37407,6.372931369618836,,S
7752,1,2,"Chandler, Master. Chad",male,5.754748215036731,1,0,41119,34.50949918331583,G168,S
7753,0,3,"Wallace, Dr. Molly",female,37.7436909155213,2,0,20181,141.18513123019633,E189,S
7754,0,2,"Zuniga, Mrs. Evan",female,46.77563625570203,0,1,STON/O 835062,94.75612075492651,D50,S
7755,0,1,"Brown, Mrs. Melissa",male,7.7409705954407215,1,0,PC 261224,17.756590541859087,,C
7756,1,2,"Malone, Dr. John",male,24.81377091004656,0,0,98437,25.221174258836044,,S
7757,0,3,"Le, Miss. Cody",male,20.663143377301516,0,0,A/5 462903,96.05633621762058,,S
7758,1,3,"Young, Mrs. Kenneth",male,37.71916810448291,2,0,CA 596189,115.13505360183282,F74,S
7759,1,1,"Perry, Master. Raymond",female,25.398862368662652,1,0,A/5 358475,123.01872775072664,,Q
7760,0,1,"Andersen, Master. Michael",male,48.52172798584943,1,0,13023,147.7194647617308,C197,S
7761,0,3,"Hicks, Mrs. Zachary",female,24.618495326464103,0,1,SOTON/O 233920,34.71159401193925,D71,S
7762,0,3,"Walton, Miss. Brianna",male,12.690631566497338,0,0,W.E.P. 544090,98.85112191675451,,S
7763,0,2,"Garcia, Dr. Christine",male,23.436725447048627,0,0,PC 792699,21.306864304544735,,C
7764,1,3,"Scott, Mrs. Haley",male,24.979395597777454,1,0,67479,91.04089812994201,,S
7765,1,1,"Zavala, Mrs. Anthony",female,37.36539923692526,1,0,SOTON/O 302042,21.34450450270392,,S
7766,1,2,"Stewart, Miss. Christopher",female,24.77073322488322,0,0,STON/O 205477,46.86523985857383,,S
7767,0,1,"Garner, Miss. Amanda",male,36.161351187605284,2,1,A/5 672473,31.599305771373043,A95,S
7768,0,3,"Bell, Master. Laura",male,18.93322019075374,0,0,31455,111.71791881768259,G136,S
7769,0,2,"Walter, Miss. Thomas",male,25.874526482874813,0,1,23232,3.441834614564159,,C
7770,1,3,"Patterson, Master. Michelle",male,19.0095201260247,2,0,38725,148.59409988587902,G162,S
7771,0,3,"Perez, Mrs. Jaime",male,18.147017744534065,0,0,76401,31.003618749345215,F154,S
7772,1,3,"Day, Miss. Lauren",male,47.847669801976174,0,0,STON/O 604352,32.830443675228096,,S
7773,0,2,"Riley, Miss. William",male,19.988185999570234,0,0,92510,87.95986715338377,,S
7774,0,1,"Phillips, Dr. Tracy",female,25.133533049931287,0,0,65622,54.857963939796825,,S
7775,0,3,"Martin, Master. William",male,44.62446243929202,2,2,64670,153.6414424556348,A133,C
7776,0,3,"Wallace, Master. Michael",male,40.500019547801415,0,0,STON/O 490802,39.55081126626334,,S
7777,0,3,"Contreras, Miss. James",male,52.976901033261484,0,0,A/5 944498,40.89605856313872,,S
7778,1,1,"Norris, Mrs. Matthew",female,36.759226103058495,0,1,SOTON/O 290737,178.2493832254788,G161,C
7779,1,2,"Munoz, Miss. Danielle",male,21.59440854439519,1,1,STON/O 608563,130.4828232744347,,S
7780,0,3,"Young, Master. Madison",male,58.800025085382586,0,0,A/5 449969,11.703461112113107,,S
7781,0,1,"Carey, Dr. Sherry",female,38.149130423773755,0,0,63950,18.332281051861266,,S
7782,0,3,"Price, Master. Henry",male,27.834265256776675,0,0,PC 914936,49.086661948978474,,S
7783,1,2,"Petersen, Mrs. Jennifer",female,30.80451769580728,0,0,A/5 947678,140.15240044462962,,S
7784,0,1,"Rogers, Mrs. Darin",female,32.50994211231001,2,0,SOTON/O 727256,41.431947159934914,G82,S
7785,1,1,"Bender, Dr. Michael",male,26.684633752949452,0,0,45320,65.9921876460412,,S
7786,0,2,"Miller, Mrs. Sandra",female,10.738021573159656,1,1,CA 906224,4.935726038709451,,C
7787,0,1,"Ray, Mrs. Courtney",male,52.77409473145214,2,0,25346,36.972558662924,,Q
7788,1,3,"Flores, Mr. Jeremy",male,29.69432293355321,0,1,52426,7.985066436551236,,S
7789,0,2,"Williamson, Master. Hannah",female,32.56895117783701,2,0,34974,15.097983459803338,F24,C
7790,0,2,"Rodriguez, Mrs. Barbara",male,59.094016831522715,0,0,SC/Paris 225892,9.094356842790065,,Q
7791,0,3,"Huffman, Mr. Jason",male,20.434006314953805,0,0,SOTON/O 425249,9.07082183152596,,S
7792,0,3,"Morgan, Master. David",female,39.17679454599746,2,0,10653,239.62038870115512,,C
7793,0,2,"Bonilla, Mr. Theresa",male,18.907818430020235,1,1,A/5 123022,17.708572535274886,,C
7794,1,3,"Santos, Mr. Jennifer",male,34.49429627563614,0,1,PC 383587,41.67623045579571,,S
7795,1,3,"Ware, Miss. Lauren",female,32.821080447519016,1,0,41705,1.0144937243742618,,S
7796,0,1,"Hanson, Dr. Thomas",female,41.06841535996443,0,0,PC 620669,82.09448996239021,,S
7797,1,2,"Kelly, Mr. Christina",female,46.91436204766467,0,0,88620,57.0073112078284,B161,S
7798,0,3,"Smith, Mrs. Karen",female,21.886704723204595,1,0,41162,12.988983908927022,,Q
7799,0,2,"Lewis, Dr. Kathleen",female,49.83344777013485,1,0,STON/O 965595,1.8363159396837663,,C
7800,0,3,"Golden, Mr. Paul",female,50.824733139858374,1,0,SC/Paris 593304,16.050292082921093,,S
7801,0,3,"Sutton, Mrs. Melinda",male,26.500204614290865,1,0,70124,49.52114247601976,,S
7802,0,3,"Miller, Mrs. James",female,29.907843860356188,0,0,44275,0.7659816999983587,,S
7803,1,2,"Lawson, Mr. Mark",male,23.079098320707853,0,1,A/5 527486,3.9174756128819417,F138,S
7804,0,1,"Heath, Mr. Russell",male,25.72382300618907,0,2,SOTON/O 312609,26.326355647981874,,S
7805,0,3,"Smith, Mr. Rachel",male,13.151340826499048,1,1,44424,9.679185717091286,D118,C
7806,0,3,"Decker, Master. Scott",male,40.88550081260867,1,3,STON/O 569417,49.957814724717494,,S
7807,1,1,"Brown, Mr. Megan",male,1.2958855046531959,0,2,14998,9.597937151697856,B72,S
7808,1,3,"Pennington, Dr. Eric",male,20.240672089322395,2,0,SC/Paris 747489,252.68918694463008,C132,S
7809,0,2,"Peters, Miss. Dawn",male,29.353731285026054,2,0,STON/O 240808,28.618465580440127,G131,S
7810,0,2,"Roberts, Mr. Wendy",male,48.197162625991155,0,0,37226,8.027025562049255,,S
7811,0,3,"Ryan, Mr. Christopher",male,22.366576029773306,0,0,PC 420439,3.835089312115867,,S
7812,0,1,"Gomez, Master. Brian",female,35.989923395436094,1,0,STON/O 153258,27.284688761986303,,S
7813,0,1,"Owens, Dr. Linda",female,28.86622239769677,0,1,A/5 651974,82.79823434294768,,S
7814,0,2,"Perez, Mrs. Toni",female,43.231664606612675,1,0,47262,28.887023165737773,,S
7815,0,3,"Gray, Mr. Sarah",male,35.258200485403194,0,0,43230,7.603989253993776,F18,S
7816,0,1,"Grant, Mrs. Jennifer",female,41.622931432556115,0,0,PC 577295,33.5408216553304,A144,S
7817,0,3,"Gillespie, Miss. Robert",male,22.29111118783574,0,0,51128,20.576973409130982,,S
7818,1,3,"Erickson, Mr. Megan",male,15.803651481783298,0,0,26825,34.844565724475935,,S
7819,1,3,"Hudson, Miss. Tina",female,35.13979646674708,0,0,PC 473905,24.8081192329626,,C
7820,0,1,"Adams, Mrs. Jeffery",female,23.171807733450347,0,0,80103,52.19045556809421,,S
7821,0,3,"Mitchell, Mr. Laura",female,30.424534205899604,3,0,STON/O 449697,81.38635035415875,,S
7822,0,1,"Smith, Mr. Joseph",male,34.44184916369726,1,0,SC/Paris 851653,108.7770071268198,,S
7823,0,3,"Knight, Dr. Charles",male,47.38670542916614,3,0,W.E.P. 974056,67.60239925050651,,S
7824,1,2,"Barber, Dr. Melissa",female,41.01198900745999,1,0,PC 490121,21.927031450681167,,S
7825,0,1,"Miller, Mr. Omar",male,20.465864581164418,0,0,20208,29.751866878354864,E145,Q
7826,1,3,"Washington, Miss. Linda",female,13.969688671394202,0,0,49110,51.32836862404423,E17,Q
7827,1,1,"Alexander, Master. Laura",female,53.90333546656227,0,0,PC 810154,12.412076574398515,A164,S
7828,0,1,"Poole, Miss. Melissa",male,7.8427645923591705,2,0,STON/O 931763,60.49330997898294,A19,S
7829,0,2,"Salazar, Dr. Rodney",male,23.664960132325287,0,0,48834,52.4610813201885,,Q
7830,0,3,"Perez, Dr. Brett",male,39.03342748450964,0,0,13139,53.42653357173377,C129,S
7831,0,1,"Gordon, Master. Teresa",male,52.94265745730045,1,0,65380,20.2727750329472,,C
7832,0,1,"Alexander, Dr. Andrew",male,27.34473864826127,0,0,13810,46.01077933600789,A81,S
7833,0,1,"Buckley, Dr. Douglas",male,30.38280191979251,1,0,68174,11.015624836231689,,S
7834,1,3,"Robinson, Mrs. Laura",female,17.749616097636046,1,0,28591,10.517288108954144,,Q
7835,0,2,"Martin, Master. Justin",female,31.772625569892863,0,0,62265,73.16326188455803,,C
7836,0,1,"Shields, Dr. Katherine",female,13.897844289787688,1,1,PC 743519,23.86634668860383,,S
7837,0,1,"Brown, Miss. Scott",male,19.49601065493886,0,0,W.E.P. 734468,39.328826179987004,,S
7838,1,2,"Smith, Dr. Nicholas",male,40.694467757938725,0,1,SOTON/O 746153,17.318000565711902,,C
7839,0,3,"Reese, Mr. Brandon",female,23.92992456393304,0,0,34234,13.449887127243937,,S
7840,1,3,"Carter, Master. Nicholas",male,42.84148490874298,0,0,27228,75.67611522901845,,S
7841,0,3,"Peterson, Miss. Zachary",female,27.85090022691245,0,2,73895,79.03794190188886,,C
7842,0,1,"Huynh, Mr. Michael",female,10.836238699808597,0,0,STON/O 437823,90.48145893968729,F96,Q
7843,0,3,"Wilson, Mr. Amanda",male,46.35711385995822,0,2,71102,96.36014698437707,,S
7844,0,2,"Walker, Mrs. Adrian",female,11.585434809273561,0,0,STON/O 643721,26.49869177590547,,Q
7845,1,3,"Morrison, Mrs. Mary",male,21.57497487595139,1,0,21908,82.7655357003271,,S
7846,0,2,"Holmes, Miss. James",female,27.204212852865993,0,1,38960,21.227381504895977,,C
7847,1,3,"Savage, Master. Tony",male,44.08160068922891,0,1,SC/Paris 851028,2.6973680856378546,,S
7848,0,2,"Stevenson, Miss. Douglas",male,22.62921248233659,0,0,STON/O 701017,58.45241296559159,,S
7849,0,2,"Villa, Mr. Phillip",female,17.025959725418822,0,1,45041,11.092183468263139,,S
7850,0,3,"Jackson, Mrs. Austin",female,32.27742300184554,0,0,A/5 275377,30.02585329088395,F98,S
7851,0,3,"Johns, Mr. Stephen",female,27.004479874827332,0,0,80890,8.94852284674374,,S
7852,1,3,"Wolf, Mr. Christine",male,23.456531613451745,0,0,SC/Paris 451503,24.84089888024309,,C
7853,1,3,"Adams, Mrs. Stephanie",female,33.03079499082984,0,0,26763,108.08306056032126,D140,S
7854,0,3,"Hawkins, Mrs. Richard",female,13.14965298449615,0,0,33954,47.486194142617975,,S
7855,0,1,"Leach, Master. Robert",female,5.894232426480471,0,1,53501,8.016601656889506,D129,S
7856,0,3,"Martinez, Mr. Cynthia",female,59.9422215017556,0,0,PC 688450,64.64041196717126,,C
7857,0,3,"Blake, Mrs. Amy",female,31.458605307062083,1,0,49903,94.14226883758528,,C
7858,0,3,"Oliver, Miss. Mark",female,32.43853234747178,2,0,W.E.P. 660870,9.099636753094753,,S
7859,0,2,"Brown, Mr. Margaret",male,19.052148670520914,2,1,18363,68.14776298993179,,S
7860,0,3,"Carter, Master. Elizabeth",male,42.567783808916154,0,0,57684,39.828270603814886,,C
7861,0,3,"James, Master. James",male,22.531206357958148,0,1,W.E.P. 927224,46.35037644944587,D178,S
7862,0,1,"Case, Mr. Mary",female,0.42,0,0,STON/O 189960,139.86448522228193,D11,C
7863,0,2,"Mendez, Dr. Justin",female,22.061533232879157,0,0,SC/Paris 966606,1.862290569255964,F81,S
7864,1,1,"Collins, Mr. Richard",male,26.0602169090577,1,0,55750,50.914722482760546,,C
7865,0,3,"Perry, Miss. Ricky",male,27.61882953931682,1,0,19946,4.250263881626407,B60,S
7866,1,1,"Wright, Master. Jennifer",male,27.21383672157585,1,1,80470,77.9339596783341,,S
7867,0,1,"Gallegos, Mrs. Thomas",male,20.97119536233212,0,1,94356,113.23253615857945,,C
7868,0,2,"Collins, Mrs. Kristen",male,19.61870516415285,1,2,SOTON/O 793353,4.525223901727469,,C
7869,0,3,"Robinson, Mr. Matthew",male,25.82829866491157,0,0,SOTON/O 528517,1.3089549951842285,,C
7870,0,2,"Mullins, Mrs. Dennis",female,6.963334781497192,1,0,A/5 316859,155.8032326165843,,S
7871,1,1,"Nelson, Mr. Danielle",male,2.5936518866524096,0,0,PC 428534,130.54148056237426,,C
7872,0,3,"Bowen, Dr. Peter",male,31.37277685887494,0,0,CA 183025,128.68519073067043,,S
7873,1,3,"Adams, Mrs. Cheryl",male,31.60628823970987,1,0,A/5 915793,140.40885335693295,G125,S
7874,1,2,"Campbell, Miss. Paula",female,42.311608120755956,1,0,CA 860036,34.6670518885376,,S
7875,0,3,"Bean, Miss. Matthew",female,26.422085654809194,0,0,STON/O 728297,188.3952819217427,,S
7876,0,3,"Morgan, Master. Edward",male,13.289219016494595,0,0,STON/O 923442,111.42608196628127,,S
7877,1,1,"Mathis, Mrs. Kyle",female,2.8449445872284684,1,0,66431,5.138371595523854,,S
7878,0,2,"Mckee, Mr. Taylor",male,17.537254936603876,0,0,45514,83.75459351859239,,C
7879,1,3,"Harris, Dr. Joy",male,35.91527641680527,0,0,49842,62.31691506061677,,S
7880,0,2,"Schultz, Miss. Courtney",male,50.18028464772491,2,0,76777,7.19917738729397,,C
7881,0,2,"Brock, Master. Matthew",male,30.757195778801197,0,0,SOTON/O 100510,66.95584504914758,,S
7882,0,3,"Jones, Mr. Lisa",male,13.009741535294435,1,1,52953,33.1719124168748,D44,S
7883,0,3,"Anderson, Miss. Jessica",female,17.681111564929022,1,0,STON/O 426599,96.14715686584951,F11,S
7884,1,3,"Mitchell, Mrs. Jessica",female,18.118117063099554,0,2,58772,85.40685041606633,,C
7885,0,1,"Powers, Master. Stephanie",male,24.316159578092652,0,0,77749,142.6516236808834,,S
7886,1,3,"Wilson, Master. Michelle",male,45.69253594992818,1,1,61834,3.913166804216165,C104,S
7887,0,2,"Johnson, Mr. Jacob",male,46.78473230219494,0,0,W.E.P. 212187,61.93604478967174,,S
7888,0,3,"Larson, Master. David",male,27.58841747315159,1,0,73878,23.666289533980244,B25,Q
7889,0,3,"Jackson, Miss. Juan",male,32.56298154159036,1,0,21055,74.80404389841607,,S
7890,0,3,"Nolan, Mr. Stephen",male,18.83418949977148,0,0,SC/Paris 270923,46.13586644878352,,S
7891,0,2,"Nelson, Miss. John",female,6.061281779048109,1,0,88668,34.21736243497937,C33,C
7892,0,3,"Landry, Miss. Robert",female,55.03673694847844,0,0,98396,0.21218098707842986,,C
7893,1,3,"Tucker, Mrs. Kayla",male,0.42,0,1,74689,46.71876693096685,E179,S
7894,0,3,"Orr, Master. Jeremy",male,4.298235552696262,0,1,70487,27.26916028107406,,S
7895,0,1,"Ruiz, Mrs. Donna",male,55.149681972235044,1,0,15438,20.212843942619667,F32,S
7896,1,3,"Peterson, Dr. Bridget",male,30.232615665386255,0,0,81177,224.45992801239422,,C
7897,1,1,"Salinas, Dr. Sandra",male,14.237191300767401,1,0,PC 256660,60.2597451115507,,C
7898,0,3,"Lara, Mrs. Christopher",male,39.557850835250356,0,0,A/5 405705,38.81391688433936,E163,S
7899,0,3,"Klein, Dr. Erika",male,40.82274628464369,0,0,SOTON/O 402837,101.5221398112412,E108,C
7900,1,2,"Beltran, Dr. Michael",female,11.342400967931578,1,0,67136,12.880166509866037,,S
7901,0,1,"Lewis, Mrs. Louis",male,22.54016472942596,1,0,90812,48.367067302656444,B140,S
7902,0,2,"Thomas, Mrs. Robert",female,42.26744209188009,0,1,73913,98.63690246278904,G43,S
7903,0,3,"Cross, Mrs. Tyler",male,18.563319550813127,0,0,41988,6.595813471799751,G114,Q
7904,1,1,"Allen, Dr. Terri",female,33.950292340593656,0,1,A/5 393607,13.465205665593174,,Q
7905,0,3,"Carroll, Master. Heather",male,49.94737060912782,3,2,STON/O 713553,4.31234021323288,G28,Q
7906,1,3,"Garrison, Miss. Nicholas",male,0.42,0,1,83201,244.2667562766604,D54,S
7907,0,2,"Rollins, Miss. Felicia",male,25.22252352939733,0,0,A/5 543390,43.483815549542356,,C
7908,1,2,"Guzman, Master. Richard",male,33.66290397994484,1,1,W.E.P. 317259,33.61683990920273,D171,S
7909,0,3,"Matthews, Mrs. Gordon",male,4.911308596792285,2,1,SOTON/O 255502,20.657366452040566,B148,S
7910,0,3,"Boone, Mr. Steve",female,22.585440536465445,1,0,A/5 849023,29.841891319636492,,C
7911,1,1,"Griffin, Mr. David",female,44.62298101798539,0,0,34719,74.77356641322221,,S
7912,0,1,"Smith, Mrs. Lynn",male,20.139587917585544,1,0,A/5 863095,124.27602319343269,C195,S
7913,0,3,"Mendez, Miss. Scott",male,9.219429897599376,0,1,37144,5.5435166845081,,S
7914,0,3,"Anderson, Mr. Patrick",male,45.83164552427165,0,0,57719,17.807284531274767,,S
7915,0,1,"Lawson, Master. Carlos",female,36.223023709426045,0,2,W.E.P. 608673,10.482257688992881,,S
7916,0,1,"Sawyer, Mr. Jacob",female,29.03601191893531,2,0,A/5 394690,28.589489461759516,F25,S
7917,1,2,"Roberts, Master. Kenneth",male,28.62251442048769,1,0,PC 304751,37.802661411868044,,C
7918,0,3,"Juarez, Mr. Sheila",female,44.39595459546918,0,0,98219,63.87737220725427,,S
7919,0,2,"Myers, Miss. Cole",female,34.12339655012921,0,0,59459,104.23604714390684,,S
7920,0,3,"Keller, Mrs. Todd",male,39.03857004775959,0,1,SOTON/O 865726,39.05847734567827,E65,S
7921,1,1,"Fuller, Mr. Wendy",male,20.304070472700808,0,0,A/5 698173,33.54664648159631,,S
7922,1,3,"Bell, Mr. Anthony",female,3.157029876705572,2,0,22969,42.87196345790222,,C
7923,0,3,"Ward, Mrs. Grace",female,38.70679180291837,0,1,PC 976321,109.64628334492035,,C
7924,0,3,"Cruz, Master. Kelli",male,45.412990903326545,0,0,54348,52.283813219576636,,S
7925,1,2,"Hutchinson, Mr. Frank",female,26.85613245258523,0,0,STON/O 799272,77.41065134445368,C13,S
7926,0,3,"Brown, Dr. Richard",male,42.42859217310919,0,0,86491,63.55788411619828,,S
7927,1,1,"Brock, Master. Marcus",male,25.307020895523156,1,0,SC/Paris 314817,128.52891893911402,,S
7928,1,1,"Roberts, Master. Sarah",male,28.730211741541385,0,1,14196,84.89639237038094,A51,S
7929,1,2,"Cooper, Master. Jennifer",female,54.53400303742182,0,1,A/5 158829,20.867080003399217,,C
7930,0,3,"Landry, Dr. Zachary",male,25.91871924810997,1,0,SOTON/O 285957,96.33382628570345,D83,S
7931,1,3,"Matthews, Dr. Robert",male,25.09202850425248,0,1,49406,31.503539390400253,,S
7932,1,3,"West, Miss. Connie",male,3.820286675097602,0,0,SC/Paris 329021,93.93869043142699,,S
7933,0,3,"Macdonald, Miss. Connor",male,39.66102423973389,0,0,17407,118.08818889845962,,C
7934,0,1,"Fox, Miss. Mark",female,20.062220883639704,1,0,SOTON/O 903732,57.8019129026922,,S
7935,0,3,"Smith, Mrs. Jason",male,32.061150154177696,1,0,STON/O 274458,63.449230027667326,A123,C
7936,0,3,"Payne, Dr. Rachel",female,25.589452775941947,0,1,22332,7.6056262308608416,,S
7937,0,3,"Roth, Mrs. Robert",female,23.7589019831128,2,0,72136,19.56664448179023,A87,Q
7938,0,3,"Wright, Mrs. Emily",male,28.351787141936992,0,1,STON/O 703714,40.792018281923994,,S
7939,0,3,"Hayes, Dr. Steven",female,29.428067246168286,0,1,STON/O 676024,0.17606689056909808,,S
7940,0,3,"Meza, Dr. Richard",male,46.46510683489315,2,0,65784,93.95677096557712,,S
7941,0,3,"Romero, Miss. Linda",male,51.28296599369611,0,0,54530,23.06048226021217,E88,S
7942,1,2,"Brown, Mr. Daniel",male,39.110011434182226,0,0,25958,64.25883369731379,,S
7943,1,3,"Gutierrez, Mrs. Scott",female,47.80178278859199,1,0,SC/Paris 170464,73.33134049348861,,Q
7944,0,3,"Reyes, Dr. Aaron",male,41.958064590454015,0,0,49067,39.71284284903716,,S
7945,0,2,"Castro, Dr. Margaret",male,36.92459742710148,1,1,SOTON/O 925614,78.08635365379975,F102,C
7946,0,2,"Garcia, Miss. Joshua",female,50.37200109410822,0,0,42977,57.34936149883198,E108,S
7947,1,2,"Bates, Miss. Samuel",female,11.68135516704547,0,0,98618,22.302211045360384,,S
7948,1,3,"Delacruz, Mrs. Amy",male,20.41752918251069,0,0,72727,84.68339284512487,,S
7949,1,2,"Duncan, Mr. Bradley",male,18.507378624014695,0,0,A/5 988919,50.537689314550484,,S
7950,0,2,"Cochran, Mr. Annette",male,25.78056916704758,0,0,93339,8.729858028664887,,S
7951,1,3,"Shaw, Master. Stephen",male,39.602605013180124,0,0,A/5 463663,74.10153627810561,,S
7952,0,3,"Henderson, Master. Monica",male,14.388551669385524,0,0,W.E.P. 144344,56.37945648287723,,C
7953,0,1,"Espinoza, Miss. Arthur",male,37.03918875535548,0,1,PC 160246,16.74923494659901,,S
7954,0,2,"Kelly, Mrs. Amy",male,21.78114714234067,0,1,29710,92.25109161104996,F190,S
7955,1,3,"Novak, Master. Vanessa",female,25.141103255382795,0,0,SC/Paris 109623,23.420846002474047,D64,S
7956,0,3,"Williams, Mrs. Eduardo",male,32.80581928807399,0,0,45525,40.23068063459218,,S
7957,1,2,"Figueroa, Mr. Robert",male,53.53747394686099,0,0,86116,21.015711105647465,,S
7958,1,3,"Espinoza, Miss. Diana",male,20.027141268442218,1,1,76177,64.43423381619195,,C
7959,0,1,"Finley, Mrs. Victoria",male,28.8786924910919,1,0,CA 144883,43.51476733937154,,Q
7960,0,3,"Smith, Mr. Adriana",male,14.904846841641223,1,0,SOTON/O 275844,31.771569520415326,,S
7961,1,2,"Moreno, Mr. Michael",male,19.892731971173895,0,0,SC/Paris 823043,1.0264351915641594,,S
7962,0,1,"Mckinney, Mrs. Joshua",male,14.777219911057353,0,0,PC 277717,46.720771334971644,,S
7963,0,2,"Murphy, Mrs. William",male,33.42699123153201,0,0,32666,48.68965385028222,,S
7964,0,2,"Barker, Master. Brittany",male,35.9543227728429,1,0,STON/O 761292,9.997930218541384,,S
7965,0,3,"Clark, Master. Shannon",male,39.618690854133575,0,1,STON/O 623863,20.196504350905993,,S
7966,0,3,"Lang, Dr. Christina",male,19.448904047311224,1,1,W.E.P. 589115,105.51067333147711,,C
7967,0,3,"Wilson, Mr. James",male,37.11120309963036,1,0,SC/Paris 601743,39.83277723207953,,C
7968,0,2,"Ryan, Dr. Benjamin",male,31.58340109547225,0,0,19421,28.553531471635292,,S
7969,0,2,"Dawson, Master. Doris",female,29.19146503848141,0,1,58212,137.41372700685724,,S
7970,1,1,"Smith, Mr. Anthony",female,12.620080414892062,0,0,14592,83.55117636368828,,C
7971,1,1,"Trujillo, Mrs. Kenneth",male,32.14554899045361,0,0,11112,5.127777700456668,,S
7972,1,3,"Chang, Mr. Brent",female,32.589392678756305,0,0,10138,97.92402122373278,,S
7973,0,1,"Ryan, Mrs. Alexis",female,31.424198223591272,1,0,81099,8.110393635204172,,Q
7974,1,3,"Callahan, Miss. Cheyenne",female,35.600710601880934,1,1,STON/O 577817,9.606616392067032,G121,C
7975,0,3,"Murphy, Mrs. Michael",male,39.72433922697203,0,1,W.E.P. 580343,3.9168669024966065,A135,S
7976,0,1,"Johnson, Mr. Chad",female,14.627673674591929,0,0,12929,32.82640528346555,E35,S
7977,1,3,"Morales, Master. Crystal",female,26.96625479000307,1,0,W.E.P. 402030,51.73813533590679,,S
7978,1,1,"Alexander, Mrs. Dana",male,37.22074642189941,1,1,CA 184516,70.06338744395495,,C
7979,1,2,"Wright, Dr. Dawn",male,26.242472507749962,0,0,65403,1.3544439250754552,,S
7980,1,3,"Edwards, Miss. Gary",female,43.43192979886582,1,0,42404,9.792309970868434,A81,Q
7981,0,3,"Evans, Miss. Jason",male,31.262498953695914,0,0,W.E.P. 109009,48.540341275237644,C190,S
7982,0,1,"Anderson, Mrs. Jessica",male,2.6310830242702856,0,0,W.E.P. 406103,37.28348466580337,,C
7983,1,3,"Myers, Dr. Linda",female,41.75200486876771,2,0,18281,2.6359734684539404,,S
7984,0,1,"Hammond, Dr. Andrew",male,28.360554824025378,0,0,STON/O 715935,136.98473875355472,D112,C
7985,0,3,"Cabrera, Mr. Justin",male,5.224048336245989,0,0,W.E.P. 565937,71.04644266341757,,S
7986,1,3,"Anderson, Miss. Kayla",male,26.46794195598483,0,0,82108,22.220404745219525,,S
7987,1,3,"Gray, Mrs. James",male,12.242898699395415,1,0,27887,38.436479873325965,,S
7988,0,3,"King, Dr. Kim",female,40.54383799831814,0,1,35892,23.44069687911028,,Q
7989,1,3,"Ruiz, Mrs. Brian",male,29.498226277953687,1,0,11815,30.375022180881935,,S
7990,1,1,"Townsend, Mr. Philip",female,17.06756489277528,0,1,10962,45.339815788752105,,S
7991,1,2,"Wood, Mrs. Katie",male,41.35187279748004,1,0,STON/O 383791,25.41372870095596,,C
7992,0,3,"King, Mrs. Brooke",male,36.41935932394748,0,0,80629,48.473740066385595,,S
7993,0,1,"Taylor, Dr. Bradley",male,26.69929368164499,1,0,PC 422840,31.288149661904757,,C
7994,0,3,"Smith, Dr. Kimberly",male,12.561635846490951,1,1,STON/O 866726,53.5393006450867,,C
7995,0,3,"Ochoa, Dr. Jodi",female,18.205366890487692,1,1,78477,15.20558297686582,,C
7996,0,3,"Brown, Master. Linda",male,17.995589264115456,2,0,63996,9.388343933490399,,S
7997,0,3,"Garcia, Mr. Maureen",female,40.45096084570144,0,1,CA 340734,0.6837679773223936,C163,S
7998,0,3,"Wong, Dr. Brian",male,6.46743800098082,0,0,A/5 341229,46.0626685888605,,S
7999,1,3,"Stevenson, Master. Amy",male,29.338712568116836,1,0,SC/Paris 145177,197.59332985132306,,S
8000,0,3,"Williams, Mr. Jacqueline",male,26.496018529190792,0,0,82819,27.269757245502063,,Q
8001,1,3,"Frey, Mr. Alicia",female,44.49754624885583,2,0,27038,11.952732086881317,,Q
8002,1,2,"Martin, Miss. Robert",male,33.25831180745448,1,2,CA 190522,0.6597805652588191,E183,S
8003,0,3,"Reid, Dr. David",female,37.49294399201136,1,1,11320,35.95238030512349,,C
8004,1,3,"James, Miss. Stephen",female,22.64495994777974,0,0,A/5 807502,246.02560311015745,,Q
8005,0,3,"Rivera, Master. Clayton",male,12.766025374926336,1,0,45555,206.06118940383524,,S
8006,0,2,"Lane, Master. Thomas",male,25.443336337729107,0,0,PC 300795,5.343239732497044,,S
8007,1,2,"Dunn, Master. Jennifer",male,40.88027340297005,1,0,W.E.P. 551687,84.7517023579875,C101,S
8008,0,3,"Smith, Mrs. Eddie",female,40.84846883612476,0,1,45676,9.516913765152541,,S
8009,1,3,"Grant, Mr. Donna",male,23.97177400438025,1,0,93959,82.86619597547795,,S
8010,0,1,"Klein, Mrs. Casey",male,17.94958673492019,1,0,62788,96.05332091642465,,S
8011,1,3,"Mitchell, Dr. Tammy",male,15.20649225129939,0,0,W.E.P. 553451,0.38821466565839563,G163,S
8012,0,3,"Cooper, Miss. Jonathan",female,28.087227561828144,0,0,19036,13.541993767111531,,S
8013,1,3,"Shepherd, Mrs. Blake",female,31.911716404070656,0,0,24180,2.910684323493763,,S
8014,0,3,"Martinez, Master. Karina",female,50.62468118166062,0,0,SC/Paris 248256,34.54844028469477,E17,S
8015,1,1,"Pruitt, Miss. David",female,31.726630606664244,0,0,49804,1.3539779163490784,G190,S
8016,1,3,"Ramsey, Master. Sarah",male,38.592723913299935,2,2,35490,49.18637085576196,A29,Q
8017,0,3,"Simpson, Mr. William",male,19.073448169340935,0,0,STON/O 904588,40.85959055191589,,C
8018,0,3,"Rowe, Master. Jennifer",female,30.583814069007737,0,0,67842,23.85287529762471,,S
8019,0,2,"Collins, Master. Tiffany",female,31.96109837751612,0,0,PC 403916,30.976414101071736,,S
8020,1,1,"Sanchez, Mr. Mark",male,28.032572610178704,1,0,CA 718556,230.73567421507443,,S
8021,0,3,"Barnes, Dr. James",male,29.694536843821034,1,1,20755,9.175270073427603,,S
8022,1,2,"Warner, Dr. Joshua",female,31.767058546681486,1,0,A/5 427258,65.65924989659534,,Q
8023,1,3,"Hickman, Mrs. Terry",male,36.73451538332042,0,0,CA 658510,51.82551215810556,,S
8024,0,3,"Chang, Mr. Samantha",male,46.367652607792664,0,0,54894,54.48738626996625,,C
8025,0,3,"Lucas, Dr. Brandon",female,0.42,1,1,23128,21.210555759391163,,S
8026,0,3,"Robinson, Mr. Bonnie",female,45.592325197941626,0,0,A/5 517203,12.197319676010277,,S
8027,1,3,"Henson, Miss. Kerri",male,6.048686371548325,0,0,A/5 643612,52.60881432635376,A125,S
8028,0,3,"Ballard, Dr. Carolyn",male,34.32267949451453,0,1,SOTON/O 681210,121.93436303296113,C149,Q
8029,0,3,"Graham, Master. Rachel",male,62.978805567238624,0,1,SC/Paris 363956,186.45900535872255,E125,S
8030,1,3,"Jones, Mrs. Eric",female,29.404435962039056,0,0,85838,32.783919900972194,,Q
8031,0,3,"Alvarez, Dr. Larry",female,32.52026795180499,1,0,38039,27.722477356634222,,Q
8032,1,3,"Boyd, Dr. Todd",female,25.656364005113453,0,0,STON/O 347775,21.457853230259303,,S
8033,0,3,"Smith, Miss. Deborah",male,39.341672861709114,0,0,85095,83.03007836099893,B140,S
8034,0,2,"May, Mr. Scott",male,35.070919736956384,0,0,CA 498303,14.745367791170539,,S
8035,1,3,"Davis, Master. Michael",female,20.535338573093007,2,0,63556,35.97736916964615,,Q
8036,0,3,"Richardson, Master. Terri",male,28.399057227412506,0,1,A/5 161636,21.160154016297366,A89,C
8037,0,3,"Taylor, Miss. Aaron",male,14.34188894711902,0,0,55430,104.25319713866148,,S
8038,1,3,"Elliott, Mr. William",male,28.334820102747592,0,0,61693,16.611254648847463,,S
8039,0,3,"Lopez, Mrs. Danielle",male,24.12878938316568,0,1,71704,57.99585112594971,F53,S
8040,1,3,"Little, Mr. Christopher",female,31.911573322270034,0,0,CA 616826,44.42751623883655,,C
8041,1,3,"Wilson, Master. Thomas",male,20.061205440012852,1,0,26368,19.902465329521128,,C
8042,0,3,"Woodard, Mrs. Emma",female,26.997956338793205,0,0,37929,14.703901821570742,,S
8043,0,2,"Bush, Master. Frank",male,30.12281885263402,2,0,58950,81.4280550283018,,S
8044,1,1,"Perez, Dr. Aaron",female,31.097847771393205,0,0,CA 247801,35.718630829537396,,S
8045,0,3,"Dawson, Master. Barbara",female,33.83997201988179,1,1,CA 412893,47.268367216274854,,S
8046,0,3,"Bennett, Miss. Adam",male,27.56165268606619,1,0,40094,163.6240584385898,,S
8047,1,3,"Sherman, Dr. Jeffrey",male,18.98628877495625,0,0,25428,25.37625501759186,,S
8048,0,1,"Smith, Mr. Adam",male,31.149025817094092,0,2,W.E.P. 620504,84.17547840420406,,S
8049,1,1,"Torres, Dr. Megan",male,27.49599044165932,0,1,PC 835178,50.911034543165236,D55,S
8050,0,3,"Wright, Mr. Meghan",female,44.34503898950094,1,0,SOTON/O 680415,45.01283893867714,,C
8051,0,1,"Scott, Mr. Christina",male,46.11038101274503,1,0,69202,2.805317937857222,,C
8052,0,3,"Sandoval, Miss. Matthew",male,10.7908739038817,2,0,SC/Paris 120986,121.72467742726565,G11,S
8053,1,3,"Lopez, Mrs. Anthony",male,38.64016367784851,0,0,18916,12.977400681566149,,Q
8054,1,3,"Smith, Master. Angela",male,41.448418255258716,1,0,SC/Paris 680203,32.045591519615805,,S
8055,1,1,"Cole, Dr. Scott",female,11.158361857902044,0,2,75626,69.71901060716874,,S
8056,0,3,"Massey, Miss. Ricky",male,38.11261946477799,0,0,32408,36.94106622563976,E49,S
8057,0,3,"Thomas, Miss. Alexis",male,42.54336884872821,1,1,58850,0.21728627659623706,,S
8058,0,2,"Moss, Dr. Amy",female,16.704947069699735,0,1,W.E.P. 836382,148.8337252517393,,S
8059,0,2,"Boyer, Mrs. Maria",male,26.69121727630546,0,0,34829,1.0348919440979465,A68,S
8060,0,2,"Martinez, Master. Ryan",female,32.608479101483105,0,0,70510,4.71072354703873,F22,S
8061,1,1,"Thomas, Miss. Lisa",male,37.98641284138989,1,1,A/5 261092,12.6886827518975,D134,S
8062,0,3,"Kaiser, Mr. James",male,16.16184825373355,0,0,68859,45.684722683422564,,C
8063,1,3,"Kirk, Mrs. Shelby",male,46.19809376941857,1,0,74354,177.260322210697,E99,C
8064,0,3,"Curtis, Master. Danielle",male,1.5891261790815605,0,0,SOTON/O 257862,127.97628180071845,,S
8065,1,3,"Lyons, Dr. Kristy",female,48.532437684956996,0,0,97570,52.68237771614073,G129,S
8066,0,3,"Morris, Miss. Kristen",male,37.703744549058854,0,0,59071,67.67938342724423,,S
8067,0,1,"Young, Master. Tyler",male,21.295198844000744,2,0,A/5 366771,62.21933605146123,,S
8068,0,3,"Mills, Miss. Jennifer",male,42.10168179789912,1,1,26841,58.06919434856872,,S
8069,0,3,"Schmidt, Master. Carol",male,15.330813389570181,0,1,37975,83.67074142081422,,S
8070,0,3,"Rivera, Mr. Elizabeth",female,31.609104761514253,0,0,56233,20.767411853941304,,S
8071,0,3,"Fuller, Master. Michael",male,33.33906823332033,1,0,A/5 410709,12.495002704737749,D119,S
8072,0,3,"Horn, Mr. Dennis",female,33.305887395426204,0,1,STON/O 796992,21.35843273830112,,S
8073,1,3,"Robertson, Dr. Courtney",female,18.243954200385154,0,0,PC 232774,2.491233670060799,,C
8074,1,3,"Lucas, Mrs. Willie",male,23.05491958699392,1,0,11533,170.6175960493026,,C
8075,1,1,"Cook, Master. Katie",female,31.774428126111413,1,1,PC 929003,67.25854856744625,F192,S
8076,0,3,"Peterson, Miss. Ann",male,19.825587598467898,0,2,PC 593697,12.003900967486791,E160,S
8077,0,3,"Fisher, Dr. Renee",male,33.80033911987252,0,0,PC 321060,14.771645698270582,,C
8078,0,2,"Boyd, Master. Tiffany",male,21.4022364448279,0,0,32401,245.37110726750336,,Q
8079,0,1,"Murphy, Dr. Katherine",male,44.000000365081405,0,0,A/5 511404,73.0740253661376,,S
8080,0,3,"Nichols, Dr. Pamela",female,51.8775893079931,0,0,23973,27.726631376910465,E189,S
8081,0,2,"Jones, Dr. Brooke",male,25.83550155479837,1,0,STON/O 539331,11.574579470209532,,S
8082,0,3,"Bell, Dr. Traci",male,42.883622653581476,1,1,93779,2.0634049788436513,F190,S
8083,0,3,"Gonzales, Miss. William",male,27.027736417927606,1,0,CA 805036,55.32909065072226,,C
8084,0,3,"Tate, Mr. Sonia",female,16.88996324562119,1,0,92156,75.70142815000965,,S
8085,1,3,"Johnson, Mr. Lisa",male,24.039951632227726,0,1,A/5 444386,5.700169179214168,G79,S
8086,1,3,"Marsh, Miss. Cheryl",female,31.197976370586982,0,0,35616,0.11963576928753135,,S
8087,1,2,"Booth, Dr. Briana",male,4.982592698020994,0,0,17527,22.113610756688708,,S
8088,1,1,"Hill, Miss. Richard",female,38.75919466023695,0,0,W.E.P. 457649,55.047995910915034,,S
8089,0,2,"Prince, Dr. Kelly",female,31.204291885109093,2,0,50910,128.71708241365036,,S
8090,1,1,"Williams, Dr. Jeremy",female,44.00761540456816,0,0,12861,105.8204458983168,,S
8091,1,3,"Escobar, Mrs. Craig",male,38.51392575279901,1,2,W.E.P. 876482,58.322070749994445,,S
8092,0,3,"Norman, Mr. Stephanie",male,31.679276440294437,0,0,90133,84.11444659273442,F106,C
8093,0,1,"Anderson, Miss. Tina",female,25.01831090510752,1,0,38246,21.992248668212575,,C
8094,1,2,"Kennedy, Master. Kyle",male,51.32006410384182,0,0,65280,14.058812223281436,,S
8095,0,3,"White, Dr. Deanna",male,60.378217615704465,2,0,74895,6.63158247640641,,S
8096,1,3,"Hernandez, Master. Mary",male,25.25190832916264,1,1,39215,10.022166981473033,,S
8097,0,1,"Myers, Mrs. Valerie",male,44.592108631835714,1,1,25611,164.74832912228257,,S
8098,0,3,"Oconnell, Mr. Mike",male,20.105504774485766,2,0,86320,132.9325870191429,C76,S
8099,0,2,"Maldonado, Dr. Christopher",male,21.77239664835316,2,1,CA 167221,2.402780177788788,A157,S
8100,0,1,"Nichols, Master. Leslie",male,24.592570679021016,2,0,STON/O 445956,31.738321484672284,,S
8101,1,1,"Crosby, Mrs. Kevin",male,39.58555762648889,0,0,PC 751605,23.366969266860064,G131,S
8102,1,3,"Smith, Mr. Cathy",male,14.951213879253189,0,0,36404,52.74636901180987,,C
8103,0,1,"Williams, Master. Christopher",male,51.699499178059284,0,0,57112,19.904494484271552,,S
8104,0,1,"Bailey, Miss. Michael",female,43.13021160322241,0,0,A/5 826411,16.467552543221895,F80,S
8105,1,2,"Cook, Dr. Brian",male,39.261212876004336,0,0,24280,82.81880858225675,C150,C
8106,0,3,"Potts, Mrs. Christopher",male,25.886594675962357,4,0,STON/O 220761,146.98218815148576,,S
8107,0,1,"Patel, Master. Jennifer",male,41.61282625799438,1,0,68095,11.332216487219908,,C
8108,0,2,"Thomas, Miss. Catherine",male,0.42,0,0,78882,13.413265020013993,,S
8109,1,2,"Joseph, Master. Misty",male,36.17261908889499,0,0,W.E.P. 126557,27.160260204052207,F174,S
8110,1,1,"Chen, Mrs. Eric",male,32.24170894727844,0,0,SOTON/O 365427,61.26036420371087,D78,Q
8111,0,3,"Abbott, Dr. Scott",female,3.592982086949476,0,0,CA 413000,9.139836943403628,,C
8112,0,1,"Chang, Mr. Michael",male,35.68754175825036,0,0,STON/O 983583,31.549327898563146,,S
8113,1,1,"Wood, Mr. Amy",female,38.272484162265016,1,0,CA 967166,91.89504975629488,,S
8114,1,3,"Moreno, Mr. Ryan",female,4.0477415723215024,0,0,SOTON/O 905798,13.333004198746224,,C
8115,0,2,"Moore, Mrs. Kayla",male,13.385200152870869,1,0,CA 237169,2.4417288769856844,E190,S
8116,0,1,"Hughes, Mr. Helen",male,58.90144812591332,1,0,60005,118.66514392760936,,S
8117,1,2,"Wolfe, Dr. Morgan",male,27.391050354565472,0,0,SC/Paris 302158,77.44810468927787,C56,S
8118,0,3,"Jones, Mrs. Jerry",female,43.658764832977425,0,0,A/5 500237,60.00027967526407,,C
8119,0,3,"Ramirez, Master. Kristy",female,45.775226940055454,0,3,PC 271292,4.569058296755207,,S
8120,0,3,"Hartman, Master. Jeffrey",female,35.51511539593375,0,1,SOTON/O 649239,114.79702072201401,E62,S
8121,0,3,"James, Mrs. Colleen",male,44.24137891664991,0,0,40769,18.211275261519184,B18,S
8122,1,3,"Black, Dr. Kimberly",female,0.42,1,0,60868,11.880586485385447,E176,S
8123,0,3,"Parker, Mrs. John",female,26.772588236470796,0,0,70449,33.42261119275556,A188,S
8124,1,3,"Brooks, Mrs. Nicholas",male,0.42,1,0,A/5 829521,128.06751748890503,,S
8125,0,2,"Taylor, Master. Joshua",male,5.554688696058527,0,0,33890,260.6473759008971,D120,C
8126,0,1,"Fisher, Mrs. Ryan",male,22.35579704221074,0,0,CA 610288,47.60999187965994,,S
8127,0,3,"Wheeler, Dr. James",male,20.684617854053464,0,0,21618,155.6225797103008,,S
8128,1,3,"Buchanan, Mr. Jasmine",female,30.579744047994716,1,2,21110,30.195893411655522,,C
8129,1,3,"Garrison, Dr. Jack",male,29.71089283755815,1,2,66292,1.5056961926120485,D191,S
8130,0,3,"Villegas, Dr. Lawrence",male,31.872394019737243,0,0,PC 352859,16.124140455025334,,S
8131,1,3,"Ochoa, Master. Victor",male,32.44593508082951,0,0,A/5 808513,17.96444948534423,,Q
8132,0,2,"Gross, Mr. Antonio",male,34.660918144441595,1,0,W.E.P. 771562,76.32556324011667,,Q
8133,1,2,"Hernandez, Miss. Jacob",male,16.573374516232533,1,0,79014,6.633405734545468,,C
8134,0,3,"Gutierrez, Mrs. Erin",female,19.85290752890678,0,0,57670,9.612797792141079,,S
8135,1,2,"Frederick, Mr. Jaime",male,29.483707169873462,1,0,28701,47.630831259528925,,C
8136,0,3,"Gray, Master. Kevin",male,29.70119869057907,1,1,W.E.P. 889097,6.998428619090047,,S
8137,0,3,"Smith, Mrs. Angela",male,14.853016885851819,0,0,86946,34.211025833498546,,S
8138,1,3,"Jackson, Master. Jonathan",male,45.14183133418272,2,0,A/5 546431,1.784809183693203,,Q
8139,0,1,"Rojas, Mrs. Caroline",male,40.14720948571156,2,0,CA 596334,55.26379708940722,,Q
8140,0,3,"Baker, Master. Patricia",male,17.9639664049162,0,0,91056,119.50165160154687,,C
8141,0,2,"Wood, Master. Andrew",male,27.0828758191664,1,1,58708,103.93125131187848,B73,S
8142,1,2,"Sanchez, Master. Timothy",male,58.133555111159616,0,0,CA 679172,3.823423828995863,,S
8143,1,3,"Green, Mrs. Joseph",male,32.248078529679944,1,1,90738,44.70249467023689,B142,Q
8144,0,2,"Ross, Miss. Joseph",male,35.53960337280092,0,0,90733,5.481834046722133,D140,C
8145,1,1,"Navarro, Mr. Arthur",female,21.474902284164187,0,2,SC/Paris 272565,2.750497035512744,,S
8146,0,2,"Chandler, Mrs. Regina",male,25.61643048060322,0,1,26749,47.1298135162711,,S
8147,0,3,"Davis, Miss. Richard",female,51.158563800967634,1,0,55453,42.485208113501585,G155,S
8148,1,2,"Clark, Mr. Sabrina",male,31.586121982095506,0,0,54391,4.9267146500172885,E151,S
8149,0,3,"Williams, Mrs. Abigail",male,29.00700493577966,0,0,SOTON/O 618402,22.303255733874458,,S
8150,0,3,"Campbell, Mr. Tonya",female,30.10697520311052,2,2,16405,19.03757558399234,A34,S
8151,0,3,"Stafford, Miss. Melissa",male,65.63535903781258,0,0,99857,20.96278033657931,,S
8152,1,3,"Brown, Master. Robert",male,30.557305044070386,1,1,86573,20.26255290900879,,S
8153,0,2,"Vaughn, Dr. Emily",male,18.37892621100958,0,0,62014,87.05034506140026,,C
8154,1,1,"Lucas, Mr. Jeffery",female,20.825087377386666,0,2,97652,21.817494492562226,,S
8155,1,2,"Mendez, Mrs. Jay",male,40.930584033433455,0,0,STON/O 158770,20.056310560361187,C130,S
8156,0,2,"Porter, Dr. Christopher",male,10.001264226945125,0,0,75016,1.5032300191330294,,S
8157,1,3,"Hill, Mr. Victoria",male,36.308161740499216,0,1,82075,78.12950334287976,,C
8158,0,1,"Brown, Mr. Hayden",female,19.866554612907805,0,0,CA 477556,53.92263286020751,,S
8159,0,2,"Johnson, Dr. Leslie",male,3.9772262096718904,1,1,CA 969814,20.88450610730678,F118,S
8160,1,3,"Stone, Master. Christina",male,16.27898896320967,1,0,87809,30.059401586972612,,S
8161,1,3,"Stokes, Mrs. Steven",male,30.385473335501235,0,0,94877,79.0117175921937,,S
8162,0,3,"Weaver, Mrs. Patrick",female,49.53234350889943,0,0,73113,21.096359624613665,D162,Q
8163,0,3,"Torres, Master. David",male,42.78661176725293,0,0,77478,32.06281235679091,,S
8164,0,3,"Gould, Miss. Joshua",male,25.888336833609458,2,0,PC 450036,0.9992466011162708,,S
8165,0,3,"Tran, Mr. Douglas",female,43.6106189774533,0,1,CA 724513,125.24560494292898,,S
8166,0,2,"Hall, Miss. Donald",male,25.005082390653236,0,0,31254,23.200382442657453,A21,S
8167,0,3,"Duran, Dr. Shannon",male,9.468837813557549,0,0,PC 336836,17.57963992078193,D59,S
8168,1,3,"Kelley, Mrs. Matthew",female,30.29522689885747,1,0,CA 851349,46.967522365062884,,S
8169,0,1,"Jordan, Dr. Jacob",female,8.916924069905015,0,0,62375,37.401057777236694,C191,C
8170,0,2,"Edwards, Mr. Jay",male,41.07971630479087,0,0,92646,25.618405521766174,,S
8171,1,3,"Jordan, Mrs. Timothy",male,41.28232124609629,0,0,SOTON/O 896528,127.77881865406559,,S
8172,1,3,"Garza, Dr. Patricia",male,17.68042084657633,1,0,SC/Paris 740332,22.547880283651995,,C
8173,0,1,"Ellis, Mrs. Sheryl",female,32.03836509555927,0,0,50794,321.0724260169371,,S
8174,0,1,"Mcneil, Mrs. Sylvia",female,31.904689278680177,1,1,STON/O 182833,77.82513500170717,,S
8175,1,3,"Johnson, Mrs. Lisa",male,42.20748734474138,0,0,28926,116.82178515076001,,S
8176,0,3,"Haynes, Miss. John",female,12.56904444422613,0,0,CA 291778,16.617019787804708,,S
8177,0,2,"Bryant, Dr. Courtney",female,38.392825329954526,3,0,SC/Paris 135039,3.641351497796863,,C
8178,1,2,"Galvan, Master. Marc",male,11.565230485922864,0,0,A/5 831184,27.167185260180197,,S
8179,0,3,"Williams, Mrs. Paul",male,40.88064232742019,0,1,A/5 289617,18.799073461037427,,S
8180,0,2,"Burke, Mr. James",male,44.87776361866404,1,0,W.E.P. 166351,3.129379722735428,G45,S
8181,0,3,"Coleman, Miss. Levi",male,20.625720489041505,0,1,10558,3.708356001345753,,C
8182,0,1,"Roberts, Miss. Samantha",female,47.06780413158155,1,0,24917,9.574297670959266,,S
8183,0,1,"Martinez, Master. Brent",female,7.963538517736961,0,0,20796,23.724317861633963,G21,C
8184,1,1,"Murray, Master. Eric",male,45.39416823294768,1,0,82824,136.85461709551208,,S
8185,0,2,"Mcintyre, Miss. Timothy",male,50.13838733427697,0,0,33666,53.61365188659302,,S
8186,0,1,"Green, Miss. Diana",male,34.84141271812145,0,0,40324,25.409185796060214,,S
8187,0,1,"Hurley, Dr. Melissa",female,27.262639065588946,0,0,17028,80.32194220742194,E85,S
8188,1,3,"Fernandez, Miss. Richard",male,34.37387748139892,0,2,STON/O 935158,42.02357466198547,,S
8189,0,1,"Murphy, Miss. Jeremy",male,21.54738283776422,0,0,14692,27.01693383631079,D2,Q
8190,0,3,"Bullock, Mrs. Raymond",male,66.74477350827841,1,0,66137,7.795738251878398,,S
8191,1,2,"Stevens, Master. Andrea",male,21.788561933919922,1,0,14552,130.89236477569065,,S
8192,0,3,"Chang, Dr. Misty",male,48.44361637520246,1,0,SC/Paris 221322,48.8933994352851,D40,S
8193,0,1,"Clark, Miss. Albert",female,19.622816156062008,0,0,PC 433287,28.924739927520736,,S
8194,0,2,"Wells, Dr. Norma",male,52.355315913051086,2,1,PC 633955,28.838173216340447,G106,S
8195,0,3,"Reilly, Master. April",male,58.17260014457237,1,0,26687,72.41605415166215,,S
8196,0,3,"Green, Miss. Jessica",male,35.403871354270805,1,1,SOTON/O 791762,9.889214939171351,,S
8197,1,3,"Martin, Mrs. Megan",male,34.0132017599401,2,1,32627,27.024903284374062,,S
8198,0,3,"Barker, Miss. Karla",male,16.6078936530159,1,0,SOTON/O 500142,3.2542277530678074,,S
8199,0,3,"Bass, Master. Jennifer",male,14.940653466044015,0,0,83737,4.164643770143413,,S
8200,0,2,"Rogers, Dr. Christine",female,34.17080447231879,0,0,PC 615036,37.35867448905247,,C
8201,0,3,"Lambert, Mrs. Nathan",male,50.41469468053569,0,0,STON/O 970648,23.96673448923803,G64,S
8202,0,3,"Wallace, Mr. Maria",male,22.325165151913573,0,1,W.E.P. 448308,63.56115981060262,,S
8203,1,3,"Smith, Mr. Lisa",male,60.911009049118604,0,0,61001,216.1164020089116,,C
8204,0,3,"Moore, Master. Jacqueline",female,21.457956845182267,1,0,71575,98.10078945721334,C112,S
8205,1,1,"Francis, Master. Jeffrey",male,33.21148717049959,0,0,73623,29.160717688519057,,S
8206,0,2,"Coleman, Mrs. Rodney",female,33.24823052965118,1,0,PC 160801,23.729320634407625,,S
8207,0,3,"Beard, Dr. Peter",male,28.578518746702763,0,0,99177,43.98206073065898,,S
8208,0,3,"Davis, Miss. Kenneth",male,1.3864147714327792,1,0,78861,4.806323894604278,,Q
8209,0,3,"Jones, Mr. Samuel",male,21.332976593967455,0,1,67802,219.74635042479272,,Q
8210,0,3,"Russell, Mr. Jonathan",female,32.794950092240214,0,2,SOTON/O 739821,198.14674116038717,,S
8211,0,2,"Day, Master. Charles",male,28.656208656277006,1,1,65628,128.1676582570348,,S
8212,1,1,"Crawford, Master. Trevor",male,38.90683723163896,0,0,STON/O 625946,54.265131586555015,D102,S
8213,0,1,"Lopez, Dr. Andrew",male,40.595702767885925,0,0,A/5 743235,34.970349148134225,,S
8214,0,3,"Forbes, Mrs. Jamie",male,26.638901543495262,1,1,97398,61.326199638107504,,S
8215,0,3,"Chan, Mr. Miranda",male,16.525974787583753,0,0,W.E.P. 561506,18.87257191327446,C67,S
8216,0,2,"Lynch, Dr. Nicole",male,51.676447875367785,0,1,70447,95.60463243764002,,S
8217,0,3,"Scott, Mrs. Lonnie",male,11.023527372780872,0,0,83564,7.229202829924895,,S
8218,0,1,"Underwood, Mr. Michelle",male,21.66569887194992,0,1,STON/O 441227,81.34837169410604,,C
8219,0,1,"Cruz, Miss. John",male,18.100561064366783,0,0,A/5 571854,101.05105022768734,C192,S
8220,1,3,"Robbins, Dr. Leslie",male,40.450406705229504,1,0,A/5 585168,9.326499108675055,,S
8221,1,2,"Thompson, Mr. Daniel",male,48.438307642728276,0,1,90580,32.559068633363545,,S
8222,0,3,"Walker, Mrs. Michael",male,27.568292742846772,1,1,51658,111.1205959718375,,S
8223,0,3,"Cross, Mr. Matthew",male,33.21687464468877,1,1,42251,160.06594875354492,F113,S
8224,1,3,"Davis, Miss. Troy",male,36.00280549384809,2,0,SC/Paris 886778,83.3968788091801,B99,Q
8225,0,1,"Chapman, Master. Molly",male,55.25605738024406,0,0,SC/Paris 198975,141.4354671845754,,Q
8226,0,3,"Gordon, Master. Charles",male,5.1699718090155145,0,0,48614,138.2297501911342,E162,S
8227,0,3,"Peters, Dr. Samantha",male,40.419106587777,1,1,95458,194.9050507591315,,S
8228,0,3,"Roberts, Mrs. Judy",male,35.271346471153045,2,0,70112,26.670377592574333,,C
8229,0,3,"Lee, Miss. Parker",male,24.808246646558516,1,0,30845,16.909665253270894,,S
8230,0,1,"Kennedy, Mrs. Amanda",male,34.56717430008414,0,1,PC 390384,50.11198378174059,,S
8231,0,1,"Davis, Dr. Collin",male,40.37160566161885,0,0,59871,10.465187703064297,,C
8232,0,3,"Valdez, Miss. Michelle",male,38.164277974759244,0,0,CA 215396,40.71101103190076,D193,Q
8233,1,3,"Clements, Mr. Kim",male,60.21900848282818,0,0,A/5 839462,43.2903098878063,,S
8234,0,2,"Ramirez, Master. Matthew",male,31.784742229111593,0,0,10498,82.10760518179598,B122,C
8235,0,1,"Nguyen, Mr. Brianna",female,30.37667256606457,1,0,SC/Paris 798673,22.454604359570325,G109,S
8236,0,3,"Sanders, Mr. Kevin",male,27.461817000623153,2,0,68402,46.04327486227167,,S
8237,1,2,"Cunningham, Mrs. Michael",female,37.74170372004244,0,0,SC/Paris 193941,116.79411548299181,,S
8238,1,1,"Nelson, Mrs. Beth",male,29.551184339196734,0,0,96638,27.387472445165766,,C
8239,1,1,"Hobbs, Dr. Betty",female,30.184928030906736,0,1,57904,42.39929036445184,,S
8240,0,2,"Russell, Mr. Timothy",male,30.249618040087594,0,0,61794,77.41152015520932,G81,C
8241,1,3,"Johnson, Mr. Shari",female,28.115480027138698,1,0,SC/Paris 999809,14.360291927166308,,S
8242,1,2,"Rodriguez, Mr. Michael",male,21.47858076986629,1,0,18654,5.455636715660218,,S
8243,0,1,"Beck, Master. Mary",male,35.85349153475675,1,1,67804,57.253871519677915,,S
8244,0,1,"Le, Miss. Lawrence",male,26.00933408976734,0,0,PC 209335,23.139712297816192,,S
8245,0,2,"Smith, Master. Andrew",female,38.591513039486216,0,1,33410,24.03133077976227,D116,S
8246,1,3,"Walker, Mr. Rebekah",female,31.55074680499196,1,0,PC 538092,133.02948054606287,,S
8247,0,1,"Barnett, Dr. Troy",male,24.587951731393346,2,0,PC 423230,26.20187214818627,,C
8248,0,3,"Hughes, Miss. Rebecca",male,51.9076256704909,0,0,16250,153.60707355740192,,Q
8249,1,1,"Lam, Miss. Derek",male,28.567623802342332,2,1,35426,5.623247471346411,,C
8250,1,1,"Hernandez, Mr. Andrea",male,38.71952220386529,0,0,94566,21.001819398091925,,S
8251,1,1,"Tucker, Dr. Amy",male,20.200239316110583,0,0,CA 690790,59.03605588543913,B161,S
8252,1,1,"Jordan, Master. Sabrina",female,1.642449364163486,1,0,PC 244442,6.733630328471538,B20,C
8253,0,3,"Dean, Mrs. Derrick",male,22.062011652521342,0,0,72296,24.47290821725891,E35,S
8254,1,3,"Lopez, Master. Sara",male,0.42,0,0,W.E.P. 355913,95.44117371320388,,C
8255,0,3,"Green, Miss. Amber",male,26.683919864530523,0,1,93102,71.72459953168895,,S
8256,1,1,"Wall, Dr. Ashley",male,50.56105820354675,2,0,56496,16.571551743334183,,Q
8257,0,1,"Baker, Mr. Ashley",male,17.326009690926888,0,0,W.E.P. 835941,22.03798717095184,,S
8258,1,2,"Rosales, Master. Adam",male,0.5153859936813632,0,0,54599,35.16822155342871,,S
8259,0,3,"Haynes, Miss. Tyler",male,51.00359787417537,0,0,85441,65.70573231170555,,C
8260,1,2,"Carter, Mrs. Omar",male,23.345033313460476,1,0,85466,8.236394414434624,,Q
8261,0,2,"Buchanan, Mr. William",male,29.77966264963837,0,0,48064,37.50211480468012,G4,S
8262,0,2,"Brown, Mr. Brian",male,41.03591956783508,0,0,99655,3.8095857044515347,C149,S
8263,1,1,"Pearson, Mrs. David",female,37.32441870984809,0,0,19230,25.35973812191813,,S
8264,0,3,"Robinson, Master. Larry",male,40.50717387456616,0,0,97849,10.597389891666694,,S
8265,1,3,"Olson, Miss. Marie",female,42.606005853635935,1,0,SOTON/O 862409,18.483713324339092,,S
8266,0,3,"Small, Master. Alicia",male,5.554395143747637,0,0,W.E.P. 976998,20.13489198380527,,S
8267,1,3,"Brown, Mrs. Jeffrey",male,10.19913163803973,2,0,W.E.P. 290768,73.51115053561963,,S
8268,0,3,"Powell, Dr. Dawn",male,46.396375276803774,0,0,A/5 748450,15.40517110183387,,S
8269,0,1,"Mcdonald, Dr. Robert",female,19.055651996716385,0,1,PC 141043,54.497019772568244,,S
8270,1,3,"Owens, Mrs. Walter",female,20.58295817051017,0,0,STON/O 665673,38.10101093973828,,S
8271,0,1,"Vasquez, Mr. Sabrina",male,12.320204689699548,1,0,23904,81.53964587899685,E51,S
8272,0,2,"Morales, Miss. Jason",male,24.33072954913525,0,0,28595,19.398638207993375,A12,S
8273,0,3,"Reynolds, Miss. Crystal",female,25.109575108417406,2,0,PC 388520,261.6006670386833,A146,S
8274,0,3,"Lewis, Mr. Andrew",male,16.875550372407794,0,0,35254,17.532719937969908,,S
8275,0,3,"Young, Dr. Leslie",male,15.256841571739578,0,0,86488,43.32108703745728,C88,S
8276,1,3,"Rose, Mr. Zachary",male,34.46128329045988,1,0,CA 180020,50.013238914768955,,S
8277,0,1,"Cantu, Dr. Timothy",male,18.69263026356199,0,0,CA 784186,38.627742204809124,,S
8278,0,2,"Ortiz, Master. Michael",male,21.51162840230434,0,0,A/5 787010,97.8932232596324,F160,C
8279,0,1,"Lutz, Mrs. Lee",male,0.42,0,2,29587,5.994306588006553,G10,S
8280,0,3,"Wang, Dr. Brianna",female,57.134803395434346,1,1,67775,45.47407436301084,,S
8281,0,3,"Combs, Mr. Mark",male,43.18553641264581,2,0,CA 295014,35.29465057055532,F20,S
8282,1,2,"Cole, Mrs. Jon",male,23.072715253422814,0,0,78704,26.99661746055646,,S
8283,1,1,"Jimenez, Dr. David",male,17.412866900791915,0,1,W.E.P. 848799,21.249309798050188,E182,S
8284,0,3,"Campbell, Mr. Christopher",male,30.15244316126375,0,0,80179,8.295807784464678,,C
8285,0,3,"Riggs, Master. Michael",male,29.768529745632843,0,0,12959,52.48724151315264,,C
8286,1,3,"Rodriguez, Mr. Kristin",female,12.13646802679494,2,1,50446,6.261769908740761,C154,Q
8287,0,1,"Smith, Master. Brian",female,0.42,0,1,STON/O 229179,88.39031360010127,,S
8288,0,3,"Garrett, Mrs. Sarah",male,22.634937294766637,0,0,A/5 140059,29.68553279102227,A119,Q
8289,0,3,"Henry, Master. Michael",female,8.112756567406812,2,0,97634,46.496503484609754,,S
8290,0,1,"Martinez, Dr. Linda",male,32.39931925412959,0,0,CA 245382,4.049960581254365,,S
8291,1,3,"Bennett, Master. Jeremy",male,32.49314193324944,0,0,SOTON/O 493867,4.9023068500727796,,S
8292,1,3,"Blair, Mr. Jeffrey",male,16.375022223213282,1,0,49217,13.452849485741442,,S
8293,0,2,"Beck, Dr. Paige",female,22.51582025282366,0,1,52125,75.6477555882738,,C
8294,0,3,"Terrell, Master. Patricia",female,54.68258368769317,1,0,85536,33.260305011211635,,S
8295,1,3,"Stephenson, Mr. Alexandria",male,40.851799367793475,0,0,86850,18.615478065572898,C139,S
8296,1,3,"Tran, Mrs. Lisa",male,23.668461210075343,0,0,48413,94.6774572174553,G81,C
8297,0,1,"Hudson, Miss. Karen",male,62.0874305771037,1,0,71360,10.654120722133129,F182,C
8298,1,3,"Wilson, Mr. Troy",male,13.242876232396974,0,2,W.E.P. 781398,15.020345486398929,,S
8299,0,1,"Cooper, Dr. Shannon",male,18.622273852568235,2,0,PC 758452,74.96901168225105,,S
8300,1,3,"Acosta, Mrs. Rhonda",male,28.45280161008902,1,0,54497,1.3708772668789864,,S
8301,1,3,"Alvarado, Mrs. Jasmin",female,8.565901084731582,3,0,STON/O 629111,12.443172941369172,,S
8302,0,1,"Bradshaw, Mrs. Leslie",female,55.06432830478985,1,1,70259,36.83752671733058,,S
8303,1,1,"Brown, Master. Tina",male,32.564128541929925,0,1,69774,123.27603833688879,A123,S
8304,0,3,"Schaefer, Mrs. Jeffrey",male,18.940716003402876,0,0,56675,15.45398532278625,A166,S
8305,0,2,"Garcia, Mrs. Marcus",female,36.26901731966666,0,0,W.E.P. 552257,11.982459812216813,,S
8306,0,3,"Reynolds, Miss. Evelyn",female,32.044781876170475,0,0,53245,184.27710385725265,B113,S
8307,0,3,"Morales, Master. Aaron",male,25.734884822238147,0,2,A/5 320672,37.17096612871073,,C
8308,0,3,"Alexander, Mr. Mark",male,13.080787664499276,0,0,23887,3.227393612795219,,S
8309,0,3,"Smith, Mr. Timothy",female,9.893033042592503,1,0,PC 456529,16.182122847583077,,S
8310,0,2,"Lawrence, Dr. James",female,60.61521396420517,0,0,SOTON/O 670857,38.1422464176734,E178,S
8311,0,2,"Rodriguez, Mrs. Robert",male,11.06171160846004,0,0,81070,3.735243802092304,,S
8312,0,3,"Gilbert, Dr. Brandy",male,53.77151727091926,0,0,SOTON/O 894225,58.9724108764207,,S
8313,0,3,"Meyer, Mr. Randy",male,18.17337193337662,1,0,STON/O 419595,36.95841905822071,,S
8314,0,1,"Wilcox, Mrs. Whitney",male,41.06045594556451,0,0,PC 452245,61.84584306764271,A2,C
8315,0,3,"Zavala, Mrs. Tracy",female,36.51606326113091,1,0,W.E.P. 478028,20.907890058903476,,S
8316,0,3,"Payne, Mr. Todd",male,39.31586180414983,0,0,CA 332561,27.233500652586258,,Q
8317,1,1,"Mccullough, Mrs. Jeffrey",female,40.24819981136267,0,0,SOTON/O 550061,131.64762186575095,G64,S
8318,1,3,"Bell, Master. Rachel",male,7.438081287274848,0,1,31864,11.829507358116247,,S
8319,1,3,"Stephens, Mrs. Joseph",male,20.53115610536152,1,1,98060,2.0158358910258403,,S
8320,0,1,"Kemp, Mrs. Gary",male,10.847328570952001,0,0,72881,201.4632470214891,,S
8321,0,1,"Russo, Dr. Corey",female,32.65021485186636,0,0,74182,0.3722448262763422,,S
8322,1,3,"Morales, Miss. Cathy",female,11.473179350260832,0,0,SC/Paris 759174,109.57295723236975,,C
8323,0,3,"Mcneil, Mr. Ashley",male,2.265339520974905,0,0,30883,87.42738366455096,,S
8324,0,1,"Pruitt, Mr. Juan",male,26.675317288389955,0,0,CA 234549,33.43536246192848,G149,S
8325,0,2,"Campbell, Mr. Terry",female,0.42,0,0,SOTON/O 156852,61.096974130769865,,S
8326,1,2,"Hall, Dr. Jessica",male,33.62233472609339,2,0,CA 789624,5.550879026373707,,C
8327,0,3,"Gill, Mrs. Rodney",female,12.393186672711618,1,0,46856,72.12511871151096,,S
8328,1,1,"Evans, Miss. Brandon",male,18.23188352687681,1,0,50539,76.56817717213868,B170,S
8329,1,1,"Flores, Dr. Debbie",male,0.42,4,0,19609,2.6353237573029946,F113,S
8330,0,3,"Krause, Miss. Jessica",male,53.10143099331964,0,0,71069,34.38226738761111,F121,S
8331,1,3,"Miller, Master. Bianca",female,9.519191582306895,1,0,99835,147.9680893913853,D44,S
8332,0,3,"Martin, Master. Kristin",female,24.903982716329473,0,0,W.E.P. 389065,150.94211760229186,,C
8333,1,2,"Orozco, Dr. Gloria",male,4.915659705542556,0,0,PC 623716,208.39327817833907,E114,S
8334,0,2,"Beltran, Dr. Kristen",male,18.300650682669186,1,0,85318,53.45244064344411,,S
8335,1,2,"Coleman, Miss. Matthew",male,54.52550493433894,2,2,PC 131808,7.606051158934546,,S
8336,0,3,"Cruz, Dr. Anthony",male,34.16467429371487,1,0,SC/Paris 169636,26.627137492147508,,S
8337,1,3,"Johnson, Mrs. Nathaniel",male,19.869166051651888,0,0,PC 552655,64.902582133906,,S
8338,0,1,"Campos, Dr. Christopher",female,29.521571284823512,1,2,31112,16.69215862774048,,C
8339,0,2,"Little, Dr. Nicole",male,22.152173206387438,0,0,53775,83.0744298474187,B165,S
8340,1,3,"Rogers, Mrs. Sandra",male,28.706111882413783,0,0,SOTON/O 249358,98.79414455803898,G129,S
8341,1,3,"Martinez, Mr. Peggy",male,40.41416206646146,1,0,46317,72.10071150675243,,S
8342,0,3,"Farrell, Mr. Lindsey",male,25.364628141301452,0,0,PC 829400,20.93532484103306,,S
8343,0,3,"Jimenez, Master. Laura",male,33.079880634951465,1,0,PC 553546,67.63770580713016,,S
8344,0,3,"Robinson, Dr. Christine",female,33.31093696707557,0,0,SC/Paris 783936,3.7514278602219537,E13,S
8345,1,3,"Schneider, Master. Jared",female,25.433960937831593,2,2,STON/O 159969,20.414850886946958,A42,S
8346,1,3,"Turner, Dr. Anthony",male,19.697036144619222,1,2,SOTON/O 974893,72.5365750130328,,Q
8347,1,3,"Smith, Mrs. Tina",male,22.64743300753755,1,0,49475,79.19360470341826,,S
8348,0,3,"Armstrong, Miss. Jeremy",female,39.78859352149107,0,1,PC 388724,19.193453775641977,B22,C
8349,0,3,"Flores, Dr. Gary",male,40.95383386965631,0,1,SC/Paris 447557,161.3364255689615,,C
8350,1,2,"Smith, Master. Lauren",male,14.070879362241405,1,0,A/5 713127,15.960600443697889,,S
8351,1,2,"Owens, Master. Megan",female,26.346149318567882,0,0,STON/O 567781,53.94194831430641,,S
8352,0,3,"Reed, Dr. David",female,19.459093832567312,0,0,STON/O 222756,105.58326096593854,,C
8353,1,3,"Alexander, Master. Ronnie",male,41.19933401602597,0,1,45137,40.08107228771929,,S
8354,0,3,"Brown, Master. Heather",male,23.403157443081387,1,0,W.E.P. 559904,26.59322554425334,,S
8355,0,1,"Harris, Mrs. Carol",female,60.81293344599915,0,2,26801,11.875200077833053,,S
8356,0,3,"Shah, Master. Marco",male,33.05056345855874,1,0,PC 563527,10.93522165415696,,S
8357,0,1,"Rodriguez, Mr. Elizabeth",male,46.54795035912511,1,1,SOTON/O 630718,8.653498160980732,,S
8358,0,3,"Thomas, Mr. David",male,15.795448424752877,0,0,CA 560181,29.261301348584347,,S
8359,0,1,"Costa, Miss. Tammy",male,30.16411008720212,1,0,49535,39.69486228725123,B16,S
8360,0,1,"Berry, Mr. Jonathan",female,38.62642337718313,0,0,W.E.P. 468570,91.33218529170895,G26,S
8361,1,1,"Gonzalez, Mr. Bianca",male,15.533796614494797,1,0,SC/Paris 131207,12.253293743580716,,S
8362,0,3,"Franklin, Mrs. Gregory",male,30.284797965348083,0,0,81297,70.36724511644147,,S
8363,0,2,"Walker, Dr. Sheryl",female,44.72602645080751,0,0,43952,59.226572397241306,,S
8364,0,1,"Campbell, Mrs. Candice",male,25.4156998890712,0,0,19693,50.32704008293821,,S
8365,0,2,"Foster, Master. David",male,18.07546493598325,0,0,36062,20.726304061627122,,S
8366,1,1,"Monroe, Mr. Edward",male,55.24143237661525,0,0,W.E.P. 873410,19.135796594192367,,C
8367,0,3,"Hammond, Master. Sally",male,13.595565776951819,0,1,W.E.P. 173489,71.13517927013606,,S
8368,1,2,"Lester, Dr. David",male,32.182468797342224,1,0,STON/O 324820,16.04707163393096,,Q
8369,0,2,"Schneider, Dr. Charles",male,20.084131263284707,0,0,65597,20.00288665856119,,Q
8370,0,3,"Shields, Miss. Colton",male,16.88432065599427,1,0,A/5 538746,167.8950832665829,,S
8371,0,3,"Brown, Miss. Taylor",male,40.38319915784563,0,0,38331,323.940829014161,,S
8372,0,3,"Evans, Mrs. Ralph",male,27.12249723672447,1,0,PC 384460,0.08570584427592212,G120,S
8373,0,3,"Blake, Mr. Danielle",male,35.682410515875766,0,3,29271,58.039927655761794,,S
8374,1,3,"Lewis, Master. Julie",male,0.42,0,1,W.E.P. 792467,38.33974014210406,F27,S
8375,0,1,"Boyer, Miss. Mark",male,37.04367694746884,2,1,10435,30.825085503851046,E199,C
8376,0,3,"Smith, Dr. Veronica",male,19.911657234571337,0,0,48501,16.12445216378491,,S
8377,0,3,"Reilly, Dr. Matthew",female,3.6960726837842373,0,0,44585,35.377641263279294,,C
8378,0,3,"Massey, Miss. Colleen",female,56.38635376702046,0,0,90414,30.493204237286815,C87,Q
8379,0,3,"Ford, Dr. Sandra",male,38.41418937092478,0,1,58386,25.650661336979457,,S
8380,0,3,"Fuller, Mr. Donna",female,33.18188377751437,2,0,22286,94.7949444337913,B36,S
8381,0,1,"Gonzalez, Mr. Monica",female,47.49186389635812,1,1,54286,15.779753155547816,,Q
8382,0,1,"Thomas, Mrs. Jose",male,33.4659699394395,1,1,96218,45.50003517656076,,S
8383,1,3,"Harris, Mr. Jessica",male,18.819403857989514,0,0,A/5 593033,99.8341257784994,,S
8384,1,3,"Schwartz, Miss. Tim",female,27.55045345324672,0,1,W.E.P. 305918,193.1653134024961,,S
8385,0,2,"Conner, Miss. James",male,20.502873015311266,0,0,83753,46.159687021666215,F132,S
8386,0,3,"Welch, Mr. Tommy",male,22.99505950045407,2,1,PC 633019,36.702242215244404,,C
8387,1,3,"Lee, Miss. Lauren",female,12.39214867797062,1,0,55692,91.7902596355363,,S
8388,0,1,"Collier, Mrs. Theresa",male,16.419711938795526,1,0,PC 997236,10.440254926541062,,C
8389,0,3,"Franklin, Mrs. Alan",male,42.52419745736145,0,1,STON/O 967316,49.714739229384094,,S
8390,0,3,"Duke, Dr. David",male,34.649056143245474,1,0,75624,3.3164985644397316,A151,Q
8391,0,1,"Todd, Mrs. Cameron",male,22.95781726455888,1,1,CA 313519,53.94320181909972,D187,S
8392,0,3,"Prince, Master. Jennifer",male,15.607553897516107,1,0,54198,79.43502783997253,,S
8393,1,1,"Cruz, Mr. Phillip",female,24.324442296688936,0,0,PC 263387,3.254189559558803,D59,S
8394,1,3,"Brady, Miss. Cindy",male,6.426102758461038,0,0,49613,94.33227892952102,,S
8395,1,1,"Griffin, Miss. Ashley",male,31.772828391940937,0,0,STON/O 993037,6.582887313046928,,C
8396,1,3,"Jenkins, Mrs. Karen",male,43.236600747895906,0,1,SC/Paris 747959,9.669147468383512,,S
8397,0,2,"Charles, Mrs. Gregory",male,63.13761724082632,0,0,14119,90.51762338631545,,Q
8398,0,2,"Jones, Mrs. Brandon",female,14.554377884102342,1,0,A/5 492487,6.659545854959694,,S
8399,1,3,"Gilbert, Miss. Allen",male,42.653234243308525,0,0,A/5 276910,56.02069345323676,,S
8400,1,1,"Lynch, Master. Ashley",male,20.09903976022974,2,1,STON/O 500932,17.46470443520937,E49,S
8401,0,3,"Brown, Miss. Sarah",male,14.201611939285826,0,1,SC/Paris 839850,14.275226350428275,,S
8402,1,3,"Cole, Mrs. Heidi",male,14.195426196016326,0,0,66333,52.513185840053,C178,C
8403,0,3,"Bennett, Master. Miguel",male,31.970300169977534,0,0,57809,5.645091337267394,D48,Q
8404,0,3,"Bass, Mrs. Rebecca",male,16.968889268294227,0,0,10574,42.73890221017236,,S
8405,0,1,"Flores, Master. Alexis",male,21.504159201891213,1,0,80581,129.1960947100766,G110,S
8406,0,1,"Duncan, Mrs. Andrew",male,23.834381369678333,0,0,CA 260341,95.32765672498903,,Q
8407,0,3,"Reyes, Master. Samuel",female,19.64045024141525,0,0,SC/Paris 612611,95.22916631816878,D8,Q
8408,0,3,"Mcintosh, Mr. Tammy",male,18.62381626221196,0,2,W.E.P. 447474,18.04300858021069,D47,S
8409,0,2,"Bright, Master. James",male,0.42,2,0,81808,60.4128861249085,B5,S
8410,0,3,"Chen, Mrs. Amber",female,31.217346061566165,0,0,W.E.P. 777338,75.7309714295378,A169,S
8411,0,3,"Lewis, Dr. Melissa",female,30.947400853818326,1,1,W.E.P. 946140,115.83647896019657,,S
8412,1,3,"Parker, Mrs. Kelsey",male,18.837172103702834,0,0,SOTON/O 516036,15.335286928778737,F27,S
8413,0,3,"Marshall, Dr. Kelly",female,35.04537978543719,1,1,96630,71.53538609909148,,S
8414,0,3,"Bush, Miss. Gregory",female,49.5567054489196,1,0,62539,13.21613443713934,C181,S
8415,0,3,"Potter, Master. Alexis",male,30.33011765967997,0,0,CA 950173,1.409234772670642,,S
8416,0,3,"Buchanan, Master. Shari",male,48.623608908187194,0,0,CA 557106,32.873041012460035,,S
8417,1,1,"Butler, Mrs. Edwin",male,61.33384688597968,1,1,90008,72.59871111972464,G193,S
8418,0,3,"Watson, Miss. Valerie",male,65.42734564768384,0,0,84380,12.063437228330368,G132,S
8419,1,3,"Garcia, Mrs. Jessica",male,13.364694788859985,1,0,W.E.P. 419264,2.4907715783148365,,S
8420,0,3,"Cross, Mr. Tiffany",male,13.437117910138618,0,1,W.E.P. 722114,23.403511839083315,F162,S
8421,0,3,"Franklin, Mr. Amber",female,23.777980045840042,0,0,46336,11.337346290399106,,Q
8422,0,1,"Henson, Dr. Brian",male,31.80201281763777,1,0,SOTON/O 441186,24.070343302321255,,Q
8423,0,3,"Burke, Master. Michelle",male,52.21312799781013,2,0,86263,126.80909473317992,B176,S
8424,0,3,"Johnson, Dr. David",male,38.78137709527337,1,0,W.E.P. 297992,68.10961347817457,,S
8425,0,1,"Butler, Dr. Nancy",female,13.153980184585002,0,0,17370,23.33597553977121,,C
8426,0,2,"Campbell, Master. Allen",female,21.436796281359403,0,0,49027,19.655778770809146,,S
8427,0,3,"Reyes, Mr. Joseph",male,29.411997088482796,1,0,49635,127.03866662972388,E186,Q
8428,1,2,"Long, Dr. Traci",male,9.151760305963066,1,0,SOTON/O 987592,109.84097109652691,E184,S
8429,0,2,"Norris, Master. Eric",male,30.191358405572803,1,0,66152,46.3280997769926,,S
8430,0,1,"Harmon, Mr. Kevin",female,13.361901725170565,1,0,STON/O 618989,22.126239642646688,,S
8431,0,3,"Young, Master. William",male,6.889904130196793,0,0,50806,78.5913157783525,E47,S
8432,0,3,"Franklin, Master. Tina",male,16.7422060874254,1,1,56558,54.49257365576068,,S
8433,0,1,"Jackson, Mrs. Benjamin",male,35.7542947684927,0,1,SC/Paris 500613,41.582588317561985,,S
8434,1,3,"Lopez, Mr. Joseph",female,35.65761995381127,0,1,SC/Paris 785932,67.07647482911047,,S
8435,1,3,"Johnson, Dr. Lisa",male,31.353154833624156,1,0,PC 408774,7.220434732784736,,S
8436,0,1,"Murphy, Master. Patricia",female,43.88259124757228,0,0,W.E.P. 380450,133.06916360677786,,S
8437,0,2,"May, Mrs. Timothy",male,42.39816527898808,1,0,A/5 212752,180.44953160524318,B129,S
8438,0,3,"Bates, Miss. Barbara",male,32.861338788983886,1,1,82882,21.882568831968733,,S
8439,1,3,"Beck, Miss. Ronald",male,30.929345900359863,0,1,12407,146.68496784099096,,S
8440,0,3,"Smith, Mrs. Teresa",male,31.81365387308135,1,1,SOTON/O 371129,79.44039874446902,,S
8441,0,2,"Bishop, Mr. Sharon",female,27.93296748088085,0,0,81100,141.53620181026352,,S
8442,0,1,"Fox, Miss. Timothy",female,0.42,0,1,STON/O 222948,124.72259808184185,,C
8443,1,3,"Mitchell, Dr. Michelle",female,45.89678782747747,0,1,99575,11.213578419336354,,S
8444,0,2,"Cox, Mrs. Kimberly",female,35.565319646511476,1,1,81067,15.057019119200055,,S
8445,0,3,"Casey, Master. Rebecca",female,12.971415758421145,0,0,46694,15.095410578919868,,C
8446,1,1,"Price, Mrs. Katherine",male,49.98943266981412,3,1,A/5 435096,4.9522067611148834,,S
8447,0,2,"Briggs, Dr. Jason",female,21.740281845021208,0,0,30549,25.34897912691362,,S
8448,1,2,"Williams, Mrs. Andrea",female,28.491233962779287,0,0,SOTON/O 973565,22.51960606360674,,C
8449,0,1,"Rogers, Dr. Robert",male,44.33005833795555,1,0,18713,21.076802067093478,,Q
8450,1,2,"White, Dr. Michael",female,33.081951017454244,0,0,PC 667149,21.45806556540771,,S
8451,1,1,"Long, Mrs. Paige",male,48.695261786822584,0,1,W.E.P. 365164,3.2040326821881036,,S
8452,0,3,"Smith, Mrs. Wendy",male,25.070579013400945,2,0,A/5 396183,10.288223814157265,B150,S
8453,1,3,"Stevens, Mrs. Kaitlyn",male,53.676424957924695,0,1,39504,17.54236556240375,,S
8454,0,1,"Beasley, Master. James",male,19.11075940234469,1,0,86631,109.90120147289193,,C
8455,1,3,"Flores, Master. Shelly",male,48.44671261033465,0,0,SOTON/O 755958,130.5434447957862,F117,S
8456,0,1,"Dodson, Dr. Jeffrey",female,0.42,1,0,CA 525268,16.78828796641793,,C
8457,1,1,"Cline, Miss. Gloria",male,14.597311281321902,0,0,STON/O 485204,59.23447244210368,C26,S
8458,0,3,"Allen, Mrs. Kristin",male,34.171525938850465,1,1,CA 773924,95.0638135370384,,Q
8459,1,3,"Johnson, Miss. Eric",male,24.393764033996494,0,0,80151,35.278721530872275,,S
8460,0,3,"Larson, Mr. Melissa",male,28.953519321364116,1,2,67550,70.43590869201756,C103,C
8461,1,1,"Carpenter, Mr. Patty",male,30.583112882249956,0,0,CA 283755,186.2083355626581,F104,S
8462,1,3,"Johnson, Mrs. Noah",male,13.327363486221234,1,0,SC/Paris 469750,8.849636395003282,,S
8463,0,3,"Gilbert, Mr. Angela",male,14.37698539178406,0,0,27089,3.6510674584436966,,S
8464,1,1,"Hansen, Miss. Mary",male,33.24970868331789,0,0,87878,51.08581223203294,,S
8465,1,2,"Wilkinson, Mr. Michael",female,20.671338674495082,0,0,59147,35.512809424534034,B142,S
8466,0,3,"Moody, Mrs. Cory",male,48.77447402545636,2,0,CA 291513,17.591737572818474,B22,S
8467,0,3,"Prince, Dr. Yvonne",male,27.312739823941012,0,1,86928,124.19748487065321,G98,S
8468,0,1,"Juarez, Master. Samantha",female,40.062517403495626,0,0,19965,93.48436433796685,A181,S
8469,0,2,"Love, Master. Adam",female,36.1999233702995,0,1,A/5 440640,15.35353091741875,,S
8470,0,2,"Ramirez, Master. Robert",male,21.583745199582395,1,0,34374,74.40381348896754,,S
8471,0,3,"Garner, Dr. Natalie",male,2.275396982666784,1,0,CA 730350,88.13077012886853,,C
8472,0,3,"Sherman, Mr. Michael",female,46.58917914669466,1,0,67415,19.676542119899427,,S
8473,0,2,"Herrera, Master. Micheal",female,16.295272926240003,2,0,28911,5.220784031418127,F61,S
8474,0,2,"Navarro, Miss. David",female,24.347387223297577,1,0,62061,94.99567629389557,,S
8475,1,3,"Cobb, Mr. Joshua",male,27.888205818067966,0,0,45396,5.089913795213923,,S
8476,1,3,"Valentine, Dr. Richard",male,29.285838046548466,0,0,STON/O 675612,32.562652788024344,,C
8477,0,3,"Chavez, Master. Joy",male,43.46742127554626,0,0,36977,10.806218440656933,E110,S
8478,1,2,"Carter, Mr. Dillon",female,30.08153681092588,0,0,68040,131.18200382686823,,S
8479,1,3,"Figueroa, Dr. Kristine",male,28.217042736369372,0,0,48811,5.665133442232317,D30,S
8480,1,3,"Floyd, Mrs. Krystal",male,44.25838339163018,0,0,W.E.P. 910869,6.215880189940962,,C
8481,0,2,"Mcknight, Master. Tyler",male,38.40913320641499,2,0,66289,60.48774475204171,E145,C
8482,0,3,"Jones, Mrs. Samuel",female,19.70201375627083,0,0,CA 357295,11.505626045337614,,S
8483,1,3,"Ramirez, Mrs. Denise",male,13.93982471529634,1,2,SOTON/O 619780,7.098982956319258,G135,Q
8484,1,3,"Clark, Master. Leslie",male,18.46820314720113,1,0,49099,9.207724291192537,,S
8485,1,3,"Howard, Miss. Joseph",female,29.310923497364993,1,0,66256,45.30419269640623,,S
8486,1,3,"Macias, Mrs. Edward",male,12.55524714761409,1,0,CA 805618,12.591677910120868,C109,C
8487,0,1,"Mason, Dr. Amber",male,31.27054266027455,0,1,34971,23.679581223592237,,C
8488,0,2,"Green, Miss. Daniel",male,28.191223662935226,0,0,51818,94.76756988594883,B69,S
8489,0,3,"Schwartz, Mrs. Leslie",male,0.42,0,0,81379,9.659364613712427,,S
8490,0,3,"Brown, Mrs. Hannah",male,10.31354739225787,0,0,19997,87.51477010913669,,C
8491,1,3,"Mack, Master. Tara",female,0.42,0,0,SC/Paris 435941,74.67200764228329,,S
8492,0,1,"Coleman, Master. Julie",male,25.18535714537967,0,0,W.E.P. 773680,88.94496134319475,G190,S
8493,0,3,"Bennett, Mr. Jerry",female,45.03619103484401,1,1,35300,21.31023301593002,B62,S
8494,1,3,"Garcia, Master. Amy",male,3.53078862400794,1,0,78856,31.967259847195685,,S
8495,0,3,"Duran, Master. Patrick",male,11.487984522892898,0,1,89257,61.38015384124971,,S
8496,1,3,"Davis, Mr. Hector",female,27.70766985817546,1,0,29179,1.907281132470942,,S
8497,1,3,"Graham, Miss. Bruce",male,15.107457596052013,1,1,63960,54.49684554375963,,S
8498,0,1,"Jones, Mr. Johnny",male,15.038581261064913,0,0,STON/O 687370,6.397069655432784,A123,S
8499,0,1,"Smith, Master. Sarah",male,37.58231748642423,0,1,39749,16.989076884193338,,S
8500,0,1,"Ruiz, Miss. Alicia",male,23.07146377597911,1,0,A/5 376983,82.97981209646255,,S
8501,0,3,"Brown, Mr. Riley",male,9.18585157642826,0,0,SC/Paris 815782,50.445521602437424,,S
8502,0,2,"Carter, Mr. Vanessa",female,0.7719775392005914,0,1,SC/Paris 686266,48.62411027005297,,S
8503,0,3,"Hall, Mr. Andrea",male,60.91770878089224,1,0,STON/O 297483,12.868190355762078,,S
8504,1,2,"Cox, Master. Sydney",female,45.796326763877396,0,0,83259,55.112567713911254,E95,S
8505,0,3,"Moore, Mrs. Cheryl",male,23.677133155131767,2,0,STON/O 724873,7.060971295094232,D173,S
8506,1,3,"Palmer, Mr. Mark",male,31.23001216329512,0,1,15407,167.32778549824548,,S
8507,0,3,"Mcguire, Miss. Diane",male,23.160565130642166,1,0,38288,14.564201990206769,,S
8508,0,3,"Vaughn, Master. Erica",male,37.14639423107751,0,2,A/5 787675,87.65035971074448,,C
8509,1,1,"Green, Miss. Emily",male,18.040998851949674,1,1,16279,126.3810923306367,,S
8510,0,2,"Ross, Mrs. Benjamin",female,22.39557496932447,1,0,STON/O 799552,9.424539184586612,,S
8511,0,3,"Brown, Miss. Kristen",male,36.375611762722954,2,0,STON/O 284634,0.48986278156414137,C83,S
8512,1,3,"Grant, Mr. Steven",male,50.354027462249704,1,0,A/5 495389,103.69082374517748,,C
8513,1,3,"Sullivan, Miss. Sharon",female,40.379811325269465,2,1,CA 766566,72.1932715462421,G20,S
8514,1,3,"Torres, Miss. Douglas",male,47.27479428627299,0,1,45297,8.377720418866625,B75,S
8515,0,3,"Long, Master. Deborah",male,25.626157274843493,0,0,SOTON/O 624603,88.7090196327962,E107,S
8516,0,2,"Jones, Miss. Janice",male,21.277854296722793,0,0,23102,83.16032605204673,,S
8517,1,3,"Brown, Dr. Michael",male,2.8626640528530665,0,0,W.E.P. 995160,30.92742239228502,,S
8518,1,2,"Chavez, Dr. Hannah",male,31.010777002777974,0,0,85268,146.7068383542919,A105,S
8519,0,1,"Thompson, Master. Richard",male,35.30665843899016,0,0,A/5 449600,43.62676819953955,,S
8520,1,2,"Smith, Dr. Megan",male,25.79992445981912,1,0,W.E.P. 120940,29.24873810189219,,C
8521,0,1,"Brooks, Master. Christopher",female,19.126181434603716,0,0,20165,0.666188067485545,,S
8522,0,2,"Phillips, Miss. Jason",female,47.40764815780385,1,0,W.E.P. 328890,152.64438448082552,,S
8523,0,3,"Phillips, Master. Donald",female,38.845259880753154,0,0,STON/O 961037,6.869432101669036,A127,S
8524,0,3,"Parks, Dr. Joann",male,48.379556307266164,0,0,SOTON/O 792673,17.56223476194836,C74,S
8525,0,2,"Parks, Mr. Joseph",male,16.649892669773138,0,0,W.E.P. 983343,65.36252199472764,,S
8526,0,3,"Foster, Mr. Kim",male,20.084722228327674,4,0,SOTON/O 283175,0.26801427203708994,,S
8527,0,1,"Howell, Dr. Daniel",male,46.844481405522345,1,0,75312,39.10863466443645,,S
8528,1,1,"Peters, Mr. Christian",male,29.33714088341893,1,1,71894,8.652671808656125,,Q
8529,1,3,"Williams, Master. Bryan",male,22.032542436500233,0,2,26189,1.1398114800638712,A17,S
8530,1,3,"Berg, Dr. Debra",male,23.006789667320245,0,0,67190,51.314469056344734,,S
8531,1,1,"Miller, Mrs. Elaine",female,29.844872634119746,0,0,CA 146224,46.18820798832013,,C
8532,0,1,"Joseph, Miss. Kim",male,44.04132542169574,1,1,A/5 878514,66.26837615111269,F145,S
8533,0,3,"Nichols, Mrs. Jennifer",female,27.75282007071776,0,0,SC/Paris 170671,48.14574163186145,,S
8534,1,2,"Rice, Master. Mary",female,41.06745962248888,1,1,W.E.P. 378779,29.16863666303819,,S
8535,0,3,"Cook, Dr. Megan",male,36.543288875844674,0,0,SOTON/O 975703,32.563856363643005,,S
8536,0,3,"Mahoney, Miss. Lauren",male,17.703253437466365,2,1,PC 863948,12.430946930729316,A103,S
8537,0,1,"Dean, Mrs. Tony",male,17.692188848180272,1,0,CA 662601,4.371803148182357,,S
8538,1,3,"Gray, Master. Rachel",female,23.696267712959305,0,0,PC 709210,98.61052737163132,B104,C
8539,0,2,"Gallegos, Master. Nicholas",male,11.284272834728245,0,0,A/5 713348,58.77143180494332,A145,S
8540,1,3,"Hart, Mr. Brian",male,22.8020560188085,0,0,SC/Paris 374809,6.55773168243285,,S
8541,0,3,"Tanner, Miss. Scott",male,51.18806783423939,0,0,STON/O 223124,15.34234849166713,,S
8542,1,3,"Wilson, Miss. Alexis",male,29.560535298416816,0,0,26542,99.4721890557981,,S
8543,1,3,"Livingston, Mrs. Travis",female,19.269662674775653,0,0,A/5 112497,160.7336213263218,,S
8544,1,3,"Martinez, Miss. Christopher",male,56.820425125486686,1,0,13817,78.30525120926565,,S
8545,0,2,"White, Mrs. James",male,16.971357523833145,1,1,56933,42.19338303155655,B56,S
8546,0,3,"Valenzuela, Dr. Anthony",male,16.533638464724568,1,0,A/5 993753,101.68415175385887,,S
8547,1,3,"Collins, Dr. Christopher",female,47.21279954529379,1,0,71283,49.283375700613306,,Q
8548,0,2,"Ramos, Dr. Dawn",male,39.25845283440448,0,1,17518,60.10090538301718,C32,S
8549,0,3,"Taylor, Mrs. Justin",female,28.179176064630592,0,0,84576,87.70857292984114,G66,S
8550,0,1,"Davidson, Mrs. Brian",female,41.646724599848255,1,0,51223,21.84633056636524,,S
8551,1,3,"Young, Dr. Jamie",female,34.20840001720834,0,0,STON/O 728789,76.74866240736176,,C
8552,0,3,"Williamson, Dr. William",male,13.393306179656442,0,0,46709,11.593473728087453,,S
8553,1,3,"Harrison, Miss. Eric",male,0.42,0,0,63639,10.799193605859097,F51,S
8554,0,3,"Rodriguez, Miss. Sarah",male,22.05716787609794,0,1,88061,83.39012148579012,,C
8555,0,2,"Davis, Mrs. Aaron",male,45.188947702575916,2,2,52639,41.48258932253287,,C
8556,1,3,"Rodriguez, Mr. Dwayne",male,24.001418763147385,1,0,A/5 509547,26.712942573856346,,S
8557,0,1,"Mcdowell, Mr. Stephen",male,36.44136077688942,1,1,SOTON/O 410921,37.05930749051174,F62,S
8558,0,3,"Smith, Miss. Diana",male,32.582796278230944,1,0,36667,190.65440478155782,,C
8559,1,3,"Mendoza, Master. Patrick",male,6.2909958753984085,0,0,59979,112.29718864625666,,S
8560,1,3,"Salazar, Mr. Austin",male,24.31046028811157,0,0,SC/Paris 388065,35.42081503725398,,C
8561,0,3,"Floyd, Mrs. Kelly",male,35.024310626252095,0,0,44456,39.614097428456375,G123,Q
8562,1,3,"Choi, Master. Amber",female,18.979952422938865,0,0,31122,47.62591823842539,,S
8563,1,1,"Ross, Mrs. Sara",male,24.924465801608672,1,0,11426,78.22937790598753,C51,S
8564,1,2,"Lawson, Miss. Antonio",female,35.48445928935956,0,0,12556,103.49579773621913,,S
8565,0,1,"Bean, Mrs. Jeffrey",male,31.016819988001714,1,0,45384,7.922184855757854,,Q
8566,0,3,"Cox, Mr. Kayla",female,44.656736372946014,0,0,48787,49.46840520796146,,S
8567,1,3,"Mckinney, Dr. Carrie",female,35.37139278428871,0,0,84867,12.886047534073708,,S
8568,1,3,"Torres, Mrs. Shannon",male,16.618100022371763,1,0,80317,48.61394353931539,,S
8569,0,3,"Roy, Mr. Robert",male,23.314346004986497,1,0,34856,9.39532953631464,,S
8570,0,3,"Fernandez, Dr. Carrie",male,30.28414797916788,0,0,SOTON/O 287850,82.50401933029482,,S
8571,0,1,"Smith, Mrs. Regina",male,48.73781107119658,1,1,A/5 468476,54.07796352151279,B90,S
8572,0,2,"Baker, Master. David",female,23.370641176047716,1,0,SOTON/O 128678,100.49423066469613,,C
8573,0,1,"Lee, Mrs. Roy",male,5.744036766427605,0,0,31256,144.5126535921067,,S
8574,0,3,"Hanson, Mrs. Sierra",male,36.16793664887663,0,0,W.E.P. 976928,135.84996796855094,F66,C
8575,1,1,"Newton, Mrs. Emma",male,19.421624523184015,0,0,STON/O 816941,7.842249698554717,,S
8576,0,3,"Conley, Master. Kathryn",female,12.00578152595044,0,0,SC/Paris 775901,23.646014373971035,B93,S
8577,1,3,"Strickland, Mrs. Sharon",male,30.26324217956174,0,0,A/5 727932,32.99483239936277,E38,S
8578,0,3,"Joseph, Master. Ashlee",female,43.62014698531624,0,2,W.E.P. 566396,77.78266664817164,,S
8579,0,1,"Schwartz, Mrs. Jorge",male,21.965672444745735,1,1,98468,0.7462702555853483,G92,S
8580,0,2,"Anderson, Dr. Michael",male,36.952034420556814,0,0,59992,129.81126143209957,B156,S
8581,0,2,"Webb, Dr. Natasha",male,39.54679128259406,1,0,STON/O 289042,26.147501275334296,C138,C
8582,1,3,"Sutton, Master. Shawn",male,41.0851509113328,0,0,PC 407860,49.86232875702289,,S
8583,1,1,"Crosby, Dr. Edward",female,19.74818766533958,1,1,51850,197.1600157086668,F165,S
8584,0,3,"Mcdonald, Mrs. Alicia",female,14.304851188932606,1,0,A/5 393957,107.13296481909096,,Q
8585,0,3,"Mcmillan, Mr. Eddie",male,16.21345653057967,0,1,W.E.P. 889138,22.48500772211603,F58,S
8586,0,1,"Cook, Mr. Tabitha",male,41.07364540971457,1,0,PC 785057,33.1320353275804,D70,S
8587,1,3,"Jones, Mrs. David",female,39.343504165391366,1,0,A/5 821102,73.47167848410045,,S
8588,1,3,"Hawkins, Dr. Martin",male,16.599891590195313,0,0,82881,68.04220024428555,,S
8589,0,3,"Salazar, Miss. Aaron",female,59.8570163688109,0,0,54010,61.005082288060244,,S
8590,1,1,"Romero, Mr. Sarah",male,14.930904467779685,0,0,71816,0.5375149547032708,,C
8591,1,1,"Wilkins, Dr. Monica",female,43.992497185810166,0,0,A/5 310638,11.09572527549239,C128,S
8592,0,1,"Carpenter, Master. Nathan",female,51.27531614887295,0,1,STON/O 602064,12.530744837407404,F32,C
8593,0,2,"Miller, Dr. Connie",male,31.5366064839071,0,0,PC 515821,14.42519226599476,,S
8594,1,3,"Booker, Mr. Madison",female,19.223866189868367,0,0,SOTON/O 877140,5.0565336572941675,C89,C
8595,1,3,"Morton, Miss. Andrew",male,19.529707615723147,0,0,69059,82.15112734068055,,S
8596,0,3,"Williams, Miss. Ryan",male,26.330737194919763,1,0,SC/Paris 822981,20.874096091225493,G127,S
8597,0,1,"Smith, Mr. Kelli",male,45.132190892952465,0,0,86737,74.71357072826272,,S
8598,0,1,"Nelson, Mrs. Angel",female,13.201738622202132,0,0,CA 858255,134.0640429968868,G55,S
8599,0,3,"Ward, Mr. Matthew",female,4.257275546221145,1,0,52683,18.772812326790213,,Q
8600,1,2,"Freeman, Master. Mary",female,35.068769867970246,1,1,A/5 786324,30.235914507505658,C57,S
8601,0,2,"Tucker, Dr. Sean",female,38.14257851762712,0,0,STON/O 754449,4.579049333911203,,S
8602,1,3,"Collins, Mr. Brenda",male,57.551572255189754,0,0,SOTON/O 127643,17.466586183554092,,S
8603,1,1,"Middleton, Master. Scott",male,10.647534346265772,1,0,42610,39.50962898864588,,C
8604,0,3,"Matthews, Mrs. Marie",male,28.112707432528662,0,0,CA 657570,9.934015937698533,,C
8605,0,2,"Logan, Miss. Randy",female,46.26572404968669,1,1,PC 774151,38.50168898173262,B199,S
8606,0,3,"Patton, Mrs. Timothy",female,31.692070346438243,1,0,53036,18.762409761026,E133,C
8607,1,3,"Ho, Mr. Brittney",male,27.263851353138662,2,0,15821,230.49964239645539,,S
8608,0,1,"Dunn, Miss. Johnny",female,41.05867695701358,0,0,CA 254073,23.557183638463048,,S
8609,1,3,"Malone, Dr. John",male,21.608554501107626,1,1,W.E.P. 127994,1.9919690363500029,E161,Q
8610,1,3,"Hughes, Mr. Michael",male,41.91975178735808,0,0,89437,32.023407291620245,C85,S
8611,0,3,"Patrick, Miss. David",male,12.450115309336145,1,0,SC/Paris 432781,20.324935890581866,,S
8612,1,1,"Lewis, Mr. Kathleen",female,8.727956154039447,0,1,82470,23.10403301288068,,C
8613,1,3,"Morrow, Dr. Austin",male,26.169767735227374,0,0,A/5 864101,23.144138214882148,,C
8614,0,2,"Welch, Mr. Jacob",female,0.42,1,0,A/5 210844,106.50313121543557,,S
8615,0,3,"Walker, Master. Sandy",male,31.185794913980644,1,0,SOTON/O 488204,34.48411634550481,G44,S
8616,1,3,"Watkins, Mrs. Cody",male,5.744141202134042,0,0,19635,14.573864372430858,F54,Q
8617,1,3,"Delgado, Mr. Patricia",male,33.95388728792928,1,0,17919,78.63205567336536,,S
8618,0,3,"Brown, Master. Ashley",female,32.59643213363724,0,0,64679,29.299596174962318,,S
8619,0,2,"Flores, Master. Richard",male,29.048526593692557,0,0,PC 217571,7.853487415963739,,S
8620,0,1,"Williams, Mr. Ronald",female,36.10972134553329,1,0,38960,325.058592088398,,S
8621,1,3,"Anderson, Miss. James",male,32.85876456059722,1,0,94365,1.3869494803659659,,S
8622,0,3,"Smith, Miss. Jamie",male,25.897991553362196,0,1,SC/Paris 571862,61.761803736128186,,S
8623,0,2,"Martin, Mrs. Nicole",female,55.63409772667985,1,1,87569,94.04805664569291,,S
8624,1,3,"King, Miss. Caitlin",male,35.5063497097342,1,0,CA 995869,21.833341114794578,G37,S
8625,0,3,"Fields, Dr. Julie",female,40.806713222352286,0,1,79382,8.55978735098853,F36,C
8626,0,3,"Flores, Mr. Walter",male,45.02311641561629,0,0,30279,28.684542964177716,,C
8627,0,1,"Padilla, Miss. Donald",male,39.354091306589254,1,0,76282,32.93508160544691,A154,C
8628,1,1,"Kennedy, Dr. Paul",female,58.879660864947276,0,0,25530,406.1759754193189,,S
8629,0,3,"Rhodes, Dr. Adrian",female,32.324096387496745,0,0,CA 185971,0.9828811606055414,,S
8630,1,3,"Stout, Master. Cathy",male,29.902541158295143,0,0,73692,53.338815300992856,,S
8631,1,3,"Sims, Miss. Alexis",male,20.905990770707383,0,0,98365,81.59662071150755,,S
8632,0,2,"Smith, Mrs. Chelsey",male,26.412164888160255,0,0,SOTON/O 188825,48.10418387620144,,S
8633,0,3,"Maynard, Dr. Cheryl",male,19.76285603328373,1,0,51873,49.7033484187995,,S
8634,0,3,"Smith, Miss. Dennis",male,39.480966782021554,1,0,12142,104.09657680313504,D36,S
8635,0,2,"Taylor, Mr. Tina",male,17.22757253753906,0,1,34225,41.64005750775832,,C
8636,1,3,"Williams, Mrs. Ronald",female,31.03309037857379,0,0,PC 359759,106.67814212358624,,S
8637,1,3,"Henderson, Miss. David",female,37.83365708023325,0,1,67140,11.797881900768981,,C
8638,0,3,"Pennington, Mr. Maria",male,32.104534412333095,0,0,CA 547986,36.296189492415756,G50,S
8639,0,3,"Underwood, Dr. James",female,17.457191742021024,0,0,95662,1.708667606414443,G171,S
8640,0,3,"Cox, Dr. Cynthia",male,39.785228796083786,0,1,STON/O 333862,81.35044155912419,,S
8641,1,3,"Robinson, Mr. Amanda",male,28.80524408049674,2,0,PC 687428,75.09301806832114,,C
8642,0,3,"Baldwin, Miss. Tony",female,0.42,0,0,W.E.P. 561953,38.72218995927361,,Q
8643,0,3,"Alvarado, Dr. Jeremy",female,16.23307633183259,1,0,99564,25.194414207006044,,S
8644,0,2,"Clark, Miss. Hunter",male,49.61585130963826,0,0,SC/Paris 996670,23.11067033524822,,S
8645,0,3,"Brown, Dr. Scott",female,50.78050578120558,1,0,PC 818561,11.226548571648,,S
8646,0,3,"Walsh, Master. Brian",male,37.365556940912775,1,0,57991,27.921138562092136,,S
8647,0,2,"Munoz, Dr. Nathan",female,40.97696567741663,0,0,STON/O 791378,18.113763041699997,,S
8648,0,3,"Murillo, Dr. Pamela",male,19.103884262389894,0,0,STON/O 174389,43.09860527612356,,S
8649,1,1,"Williams, Master. Emily",female,26.357978137653177,0,0,PC 745197,77.20201414103273,,S
8650,0,3,"Barker, Mrs. Kyle",male,47.295132406434924,0,1,12634,59.23084447933954,E7,S
8651,0,2,"Campbell, Master. Christopher",male,35.96281339586904,0,0,14948,36.072729995897745,,S
8652,0,2,"Nash, Mrs. Erika",male,30.909277374418725,0,1,48752,148.40945000861603,,S
8653,0,3,"Oconnor, Dr. Leah",male,27.384680399497732,0,0,80186,10.990201928595072,,C
8654,0,3,"Cortez, Mrs. Holly",female,46.442608017285906,0,0,95176,51.078822678568926,A78,S
8655,0,3,"Nguyen, Mr. Richard",female,45.708450149702045,0,1,97700,4.608073793628582,,S
8656,0,3,"Ortiz, Mr. Teresa",female,39.09540451076266,1,0,CA 142169,55.891758737628074,F131,C
8657,0,3,"Owens, Mr. John",male,30.92785092515586,2,0,12599,64.61030632173212,,C
8658,0,3,"Howard, Master. Joseph",female,25.005409199264967,0,0,24627,76.30471355910967,,C
8659,0,3,"Hurst, Mr. James",male,39.702192075585984,1,0,47723,54.496480349891776,D148,S
8660,1,3,"Carter, Miss. Kim",male,14.573262170357275,1,1,CA 477811,6.540858783572381,E120,Q
8661,0,1,"Marsh, Mr. Jennifer",female,17.476022133788412,1,0,PC 167603,2.2651678117473586,,S
8662,0,3,"Blackburn, Dr. Jonathan",male,9.684720949010849,0,1,PC 720733,62.633930282620696,,S
8663,0,2,"Johnson, Mr. Manuel",female,47.293216891903754,0,0,38859,80.03199284082486,,S
8664,0,3,"Rodriguez, Mrs. Gregory",female,19.910667262189172,0,0,PC 804567,1.6592841456428458,F25,S
8665,0,1,"Gamble, Dr. Jonathan",male,35.656109014522755,0,1,62260,8.121966718338502,D53,S
8666,0,3,"Ramirez, Dr. Julie",male,28.242194710066617,0,0,CA 305501,78.10064964931658,G21,S
8667,1,3,"Rogers, Mr. Nicholas",male,70.56554586170708,0,0,SC/Paris 906326,171.8332882592851,,C
8668,0,3,"Braun, Mrs. Bryan",female,36.18667635650171,1,0,10721,36.754384283174026,B47,C
8669,0,3,"Leach, Dr. Andrew",male,3.9300293705651903,1,3,STON/O 996731,8.321138424614041,A79,S
8670,1,3,"Rodriguez, Dr. Fernando",male,46.45610059235217,0,1,SC/Paris 812761,19.376103963294266,,S
8671,1,2,"Terry, Miss. Brandon",male,24.57988650952042,1,0,SOTON/O 492225,76.03088515783382,D7,S
8672,0,3,"Williams, Master. Jonathan",male,27.187010772713247,0,1,SC/Paris 643992,39.17828133538968,B162,C
8673,0,3,"Harrison, Mrs. Brandon",female,20.58482831785939,0,0,W.E.P. 461296,2.976630177074854,F99,S
8674,0,3,"Conrad, Mr. Carrie",male,32.738575260938475,0,2,PC 765182,18.43877083774159,E70,Q
8675,0,1,"Fields, Dr. Angela",female,32.5551839274475,0,1,PC 640509,69.87607545727465,,C
8676,0,3,"Hopkins, Dr. Chelsea",male,20.963319512919202,0,1,97215,19.710030020720883,E41,S
8677,0,3,"Herring, Master. Robert",male,22.885976713189997,0,0,SC/Paris 622903,28.31055714823641,,C
8678,1,3,"Nolan, Mr. Kristin",male,31.418005863236434,0,0,95499,117.71985941773487,F29,S
8679,0,3,"Leblanc, Miss. Jennifer",female,0.42,1,2,SOTON/O 937617,208.80914100383688,A31,C
8680,0,3,"Sloan, Miss. Emily",male,9.819035412948171,0,0,CA 964069,70.77637535209756,,S
8681,0,1,"Hardin, Mrs. Melissa",male,53.379889345372256,0,0,88318,13.730118346508357,,S
8682,1,3,"Valencia, Master. Justin",male,34.589493220483384,0,0,22684,13.929252950448248,E109,S
8683,0,3,"Martinez, Master. Christopher",male,22.651274185629088,0,1,76213,18.13938978101481,,S
8684,0,1,"Kelly, Dr. Kelly",female,6.254840358484305,1,0,STON/O 854546,8.750729415066742,G175,Q
8685,0,1,"Henry, Dr. Andrew",female,29.21157369074932,0,0,21540,9.851410349594723,,S
8686,0,1,"Castillo, Dr. David",male,43.79268928493548,0,0,65574,14.785014537980032,F54,C
8687,0,3,"Smith, Dr. Harold",male,66.94888546509918,0,0,A/5 650018,53.923762249641484,D12,S
8688,0,1,"Kennedy, Mr. Robert",female,56.488789949939765,2,0,PC 698746,47.3980055102271,,S
8689,0,3,"Madden, Mr. Pamela",male,17.582867718200504,0,0,36975,20.844132500865147,E142,S
8690,0,2,"Smith, Mrs. Nancy",male,23.058806560619935,0,1,73775,10.949330543730229,,S
8691,0,3,"Moore, Miss. Jeremy",male,9.399010776686591,1,0,19010,48.91121915101211,,S
8692,1,3,"Johnson, Mrs. John",male,18.21682906726468,0,0,68062,7.013331590795248,,C
8693,0,3,"Lewis, Dr. Timothy",male,27.020195716253475,0,0,59219,7.90563001170828,D57,S
8694,0,3,"Marquez, Master. Kimberly",male,24.860082047233988,0,0,W.E.P. 439431,24.17404411029359,,S
8695,0,3,"Miller, Mr. Tammy",male,58.763942292112034,0,0,99362,41.893637153142464,G89,S
8696,0,2,"Hickman, Mr. Charles",male,11.585002805332984,1,0,STON/O 907076,65.15077394614018,,C
8697,1,3,"Knight, Mr. Cheryl",male,29.36867771136944,1,0,70452,58.07445754058883,,Q
8698,0,2,"Ryan, Mr. Heather",female,1.1115633278469907,0,0,SC/Paris 863233,23.777095767322624,E181,S
8699,0,2,"Watkins, Master. Calvin",female,34.63247092682827,1,0,STON/O 725495,53.16018324220486,,S
8700,0,3,"Malone, Mrs. Christopher",female,11.216125230536704,0,0,W.E.P. 670262,11.871432508718934,,S
8701,1,2,"Carter, Mr. Seth",male,45.43676831735909,1,0,SC/Paris 824787,34.03573727217047,,S
8702,1,3,"Briggs, Dr. Andrew",male,25.925637497785917,0,1,87755,47.76170744200384,,S
8703,0,2,"Hubbard, Dr. Melinda",female,10.3722202440395,0,1,97487,68.20822430516796,,S
8704,0,3,"Scott, Mrs. Jeffrey",male,0.5621754501885903,0,0,CA 749944,4.146757524059948,,S
8705,0,1,"Hooper, Mrs. Alyssa",male,16.2990751594646,0,0,96769,5.33147001357237,,S
8706,0,2,"Williams, Mrs. Jessica",male,33.35133247039973,0,0,29248,3.836088570137308,,S
8707,1,2,"Warren, Mrs. Victoria",male,35.90119106019047,0,0,PC 147098,39.534585714016906,,S
8708,0,3,"Vincent, Master. Adam",female,23.02186826357417,1,0,CA 958395,42.20486291843279,F188,S
8709,0,3,"Armstrong, Mr. Brian",female,42.96115860806157,0,0,62229,0.5538253702010207,,S
8710,1,3,"Hunter, Master. Brett",female,14.099599499469008,0,2,69512,53.457658234327845,,S
8711,1,3,"Williams, Master. Abigail",female,0.42,0,0,CA 347671,72.05326632396324,,S
8712,0,3,"Casey, Mr. Angelica",male,33.95575111039499,0,1,W.E.P. 118217,6.199423541917608,,S
8713,1,3,"Fernandez, Master. Christopher",female,48.06134137756737,0,0,82684,20.573690041566888,F28,S
8714,0,3,"Ellison, Mrs. Emily",male,48.1906714312084,1,0,SC/Paris 757105,94.84670964793659,,S
8715,1,1,"Schaefer, Miss. Kara",female,11.802670631385315,0,0,68258,58.1095752520692,,S
8716,1,3,"Medina, Dr. Maria",male,22.374295377498186,2,0,55503,18.166547700382544,,S
8717,0,3,"Williamson, Mrs. Joseph",female,40.133480220367105,0,0,A/5 705840,67.78687427973796,,S
8718,1,1,"Aguilar, Mrs. Susan",female,21.22051448857721,1,0,52469,109.13689198556618,,S
8719,1,2,"Fernandez, Mr. Heather",male,31.475388048518912,0,0,77616,18.5039370569577,A8,Q
8720,0,3,"Blair, Miss. Brittney",male,19.96984145865605,0,0,74998,57.645562212869216,,S
8721,0,3,"Jackson, Mr. Brittany",male,14.748557395540768,0,0,62562,4.903769019241365,,S
8722,1,3,"Rodriguez, Mrs. Nicholas",male,17.450768880305397,0,0,A/5 430961,3.0237606277027758,F50,S
8723,0,3,"Smith, Master. David",male,43.38015270131724,1,0,SC/Paris 324331,44.125552304397864,,S
8724,0,3,"Marshall, Dr. Samuel",female,30.192958704832233,0,0,CA 690135,33.90544481878565,,C
8725,1,1,"Williams, Dr. Scott",male,47.80634293767781,0,0,CA 917773,83.05979800578392,,S
8726,1,2,"Velazquez, Mrs. Robert",male,37.28588972936188,0,1,CA 585710,75.77080549939558,,S
8727,0,1,"Dickson, Mr. Justin",female,52.49051324073319,2,0,STON/O 246015,16.892352066409305,,S
8728,0,1,"Strickland, Miss. Donald",male,41.4529547014223,0,0,W.E.P. 383982,35.898886825805164,,S
8729,0,1,"Jones, Miss. Lauren",male,40.63077162345387,0,0,A/5 897912,70.48358581678627,G121,Q
8730,0,3,"Ramsey, Mrs. Karen",female,28.31316941910045,1,0,SOTON/O 176275,15.800835759857643,E16,C
8731,0,3,"Guzman, Miss. Dustin",female,72.1288920709531,2,1,45169,22.467820122290075,,S
8732,1,3,"Beck, Mr. Joseph",male,31.577775078523484,1,0,STON/O 763549,3.0865090382972484,,S
8733,0,3,"Stephens, Miss. Bailey",male,2.372072832237677,2,0,69878,6.991191424893022,,C
8734,0,3,"Diaz, Mr. Karen",male,33.752469554595535,1,1,SOTON/O 727607,47.1086853446276,,S
8735,0,3,"Bowen, Mrs. Charles",male,16.247908594675977,0,0,A/5 992025,34.33353117109265,,S
8736,1,3,"Guerra, Miss. Ronald",male,44.23830130242261,1,0,80293,9.23165078988381,,S
8737,0,3,"Hawkins, Mr. Rachel",female,40.161434614533135,1,2,SC/Paris 799371,0.36539199921604193,,C
8738,0,2,"Evans, Master. William",female,27.318808900942877,0,0,A/5 300306,9.258268218535889,F84,Q
8739,0,3,"Phillips, Miss. Michelle",male,17.56949781179575,0,0,A/5 985845,69.2427607904628,,S
8740,0,2,"Morgan, Dr. Gregory",male,32.049960174091254,0,0,53565,4.918269048536839,,C
8741,0,3,"Mcclain, Miss. Alison",male,21.02272669000123,1,0,CA 874278,25.745812985084456,,S
8742,0,2,"Wood, Miss. Nancy",male,41.029255898973716,1,0,W.E.P. 281677,13.642236546506961,,C
8743,0,3,"Austin, Master. Linda",male,37.784219999612645,0,0,SOTON/O 807321,39.85839168554924,,Q
8744,0,3,"Schultz, Miss. Kyle",female,71.10353229490809,2,0,23926,35.826147347224534,,S
8745,0,1,"Freeman, Miss. Anna",male,23.768396458887054,0,0,19967,203.59063201011983,A175,S
8746,0,3,"Ross, Mrs. Leah",male,25.75204120121498,1,0,A/5 195640,74.11385473515749,,Q
8747,0,1,"Bridges, Mrs. Kathryn",male,27.833140564885177,2,2,SC/Paris 131044,139.2975319143655,F122,S
8748,0,2,"Moore, Mr. Jamie",male,28.44620252020486,1,0,67588,43.13255419424479,,S
8749,0,1,"Lawson, Dr. Jeremy",male,44.37910513146072,1,0,58424,66.92883188349934,,S
8750,0,3,"Edwards, Miss. Kenneth",male,26.131160969130146,0,0,53424,112.72622364165679,,C
8751,0,1,"Williams, Mrs. Steven",male,57.61334402600893,0,0,A/5 922532,2.096912146809271,,S
8752,0,3,"Mccarthy, Mr. Jason",male,38.151851536159825,0,1,22977,123.520714958237,,S
8753,0,2,"Guerra, Master. Jessica",female,23.199695328167657,1,1,41273,11.898286940798156,E22,S
8754,0,1,"Vaughan, Dr. Katie",male,19.622560410270605,1,0,W.E.P. 589598,61.0417258947059,,S
8755,1,3,"Love, Master. Cynthia",male,44.5722107077184,0,0,41134,74.21540660735485,,C
8756,1,1,"Wagner, Mr. Lisa",male,30.39928212641535,0,0,CA 882241,5.788839989385719,F159,S
8757,0,1,"Thomas, Master. Trevor",male,30.12684075259457,0,1,A/5 497942,152.98678269938424,,S
8758,0,2,"Roberts, Miss. Kim",male,21.621276830062335,0,0,W.E.P. 639657,130.56375906808728,,S
8759,0,3,"Edwards, Master. Sharon",male,29.139760467112893,0,0,SC/Paris 321118,53.14577063412618,F27,C
8760,0,3,"Murphy, Mrs. Carlos",male,21.054632088761196,0,0,A/5 444818,8.44041229729728,G116,Q
8761,0,1,"Guerra, Mrs. Crystal",female,49.063960387163974,1,0,STON/O 490668,41.74136253226402,,S
8762,1,2,"Duncan, Master. Virginia",male,40.038842131575564,0,0,97487,21.090765563487995,,Q
8763,0,2,"Jordan, Dr. Eric",female,27.553236249789165,3,2,12108,133.51195853210518,,S
8764,1,2,"Smith, Mrs. Dakota",female,27.34744683726177,1,0,SOTON/O 469944,26.09902573648208,,S
8765,0,3,"Nelson, Master. Brandon",male,31.290438355349043,0,0,SC/Paris 808743,59.16757024636791,D158,S
8766,1,3,"Zavala, Miss. Michael",male,29.92243665579014,0,0,A/5 104716,50.66970255568444,C76,C
8767,1,3,"Johnson, Mrs. Christopher",male,16.60289348967165,0,1,81007,15.805125015402732,F30,S
8768,0,2,"Olson, Mrs. Jimmy",male,3.389162202610251,2,0,W.E.P. 176980,38.33934608447088,,C
8769,0,3,"Mendez, Master. Cheryl",male,18.8321906698256,0,1,SOTON/O 405324,26.379955997628585,,S
8770,0,3,"Weiss, Master. Jessica",male,28.200755130689572,0,0,19910,23.470412279295402,,S
8771,0,3,"Blevins, Master. Joshua",female,19.67033523195513,1,0,CA 635060,99.75702590466783,,S
8772,0,3,"Smith, Dr. Scott",male,41.470732425537975,0,1,CA 165082,7.527097325904658,,S
8773,0,3,"Mclean, Mrs. Jonathan",male,26.79185609738944,0,1,33901,26.415033670025934,,S
8774,0,3,"Brown, Miss. Crystal",male,56.23003005040068,0,0,SC/Paris 500208,0.3387677118174208,,S
8775,1,2,"Gray, Miss. Pamela",male,22.139080384791914,2,0,A/5 354598,15.183142632734675,,S
8776,0,3,"Alvarado, Mr. Anne",female,31.9700351818218,0,0,A/5 147887,48.60957119516496,,S
8777,1,1,"Arnold, Master. Christina",male,25.955935413623017,0,1,CA 820442,4.579580136001419,D73,C
8778,0,3,"Velez, Mr. Wendy",male,36.156892808287516,1,1,75878,15.816506389362495,D22,S
8779,1,3,"Berry, Mr. Kari",female,44.92051580595861,0,0,PC 512164,106.108609889601,E122,S
8780,0,3,"Riley, Dr. Meagan",female,38.51593342497935,0,0,SC/Paris 700307,58.856052720282726,,S
8781,0,3,"Miller, Dr. Gina",female,1.5688522274751833,0,0,STON/O 658630,3.6440613914530817,,S
8782,1,1,"Gonzales, Master. James",female,36.99806254662015,1,1,16036,243.8477096190586,,S
8783,0,1,"Sims, Master. Matthew",male,15.847706008065455,0,0,W.E.P. 361811,145.14999174739208,,Q
8784,1,3,"Hayes, Master. Jessica",male,25.66323150217211,1,0,PC 549329,7.639488892764937,,S
8785,0,3,"Perez, Miss. Rachel",male,39.65060861572272,0,0,24145,127.46806088238485,,S
8786,0,3,"Lane, Master. Maria",male,14.323347282189447,0,0,SC/Paris 296093,39.91913561506635,,S
8787,0,1,"Smith, Miss. James",male,46.1832721047907,1,0,PC 592885,132.5228272829894,,S
8788,1,3,"Coffey, Mr. Paul",female,25.052597406282743,1,0,SOTON/O 700719,172.18035886607208,,Q
8789,0,3,"Andrews, Master. Elizabeth",male,60.3931232208536,0,0,A/5 304454,59.13724740054983,B168,S
8790,1,2,"Smith, Mrs. Alicia",female,30.96148956111267,0,0,SC/Paris 373330,17.21598904907379,,S
8791,1,3,"Monroe, Miss. Heather",male,53.87479839712478,0,0,STON/O 298691,129.2855275416556,,S
8792,0,3,"Anderson, Master. Jennifer",female,46.76750914346913,0,0,W.E.P. 189688,42.604618010581405,,C
8793,0,3,"Klein, Miss. Eric",female,21.44452885123703,1,0,W.E.P. 820860,20.892688209767904,,S
8794,1,3,"Stewart, Miss. Hannah",female,11.77632981313069,1,0,PC 603335,30.812820670350977,B24,S
8795,0,1,"Morris, Master. Chelsea",female,31.59078305732564,0,0,A/5 129878,26.060805879640004,,S
8796,0,3,"Rivera, Mr. Amy",male,21.842996340689552,1,0,CA 356136,136.8919863686965,C126,C
8797,0,3,"Moore, Master. Phillip",male,52.11606292121809,0,1,SOTON/O 831818,85.69356924143364,,S
8798,0,3,"Holt, Mr. Cynthia",female,26.54397159658328,0,0,A/5 921501,1.5938787785167834,,S
8799,0,3,"Solomon, Mr. Hunter",male,25.794344580737164,2,1,95286,0.49522749759231866,D11,S
8800,0,3,"Villa, Master. Helen",male,10.457421549681737,1,0,PC 569702,3.5949254407009033,,S
8801,1,3,"Mitchell, Mrs. Julie",male,35.869038183116764,0,1,W.E.P. 965383,47.13005162554037,,S
8802,0,3,"Robinson, Mrs. Ricky",male,13.560888052744343,2,0,STON/O 269328,84.2295662544026,,S
8803,0,2,"Murray, Mr. George",female,36.194116780330006,0,0,SC/Paris 751122,36.17500991626093,,S
8804,1,2,"Sandoval, Miss. Sara",female,38.12128417097205,2,0,94027,38.255925808297654,,S
8805,1,2,"Chan, Mrs. Daniel",female,19.504548432358895,0,0,79186,13.749645448989142,,S
8806,1,3,"Ferguson, Master. Robert",male,43.39211903424798,1,0,CA 336717,30.743820845595728,,S
8807,0,3,"Morgan, Mrs. Laura",male,26.151743849922664,1,0,SC/Paris 977155,14.842603171909458,D99,Q
8808,1,2,"Washington, Miss. Melissa",female,9.402588257340923,0,0,20262,16.01115000465309,,S
8809,0,1,"Clarke, Mrs. David",female,51.63402276439169,0,1,SOTON/O 584939,24.809980435567493,,Q
8810,0,3,"Patterson, Master. Rebecca",female,17.071411962959534,0,1,SOTON/O 737222,2.4356218941024945,,C
8811,0,3,"Reynolds, Master. Gary",female,37.09898757773072,1,0,PC 949570,155.00839484197547,,C
8812,0,3,"Chambers, Mr. Laura",male,35.961122636661415,0,0,SOTON/O 216758,122.82332322913942,C82,Q
8813,1,2,"Smith, Dr. Jeremy",male,35.448585434940824,1,0,68794,79.5468164208338,,S
8814,0,1,"Ryan, Miss. Jennifer",female,35.2060668230219,1,1,62621,42.02567441779993,,C
8815,1,3,"Martin, Mrs. Cynthia",female,16.41737308815997,1,1,53444,83.83914863771797,,S
8816,1,1,"Taylor, Mr. Timothy",female,53.678894421038095,2,0,63506,182.74841913521493,,S
8817,0,2,"Oneal, Dr. John",male,43.38748810280895,0,1,42130,16.674707569857798,,S
8818,0,1,"Fowler, Dr. Sherry",male,36.6507942375056,2,0,59570,22.649471157157244,F167,S
8819,0,1,"Hall, Mr. James",male,11.338332702781194,0,0,CA 107116,65.29028568301055,F168,C
8820,0,1,"Banks, Master. Douglas",male,16.30284974082393,1,1,STON/O 470899,51.4821295624004,,C
8821,0,3,"Becker, Master. Dale",male,39.204392773648294,0,0,STON/O 547270,87.09673229034348,,S
8822,1,2,"Bell, Miss. Crystal",female,1.948422436244563,0,0,CA 914399,21.30741468101533,,S
8823,0,2,"Shah, Miss. Kim",male,34.74185403916519,1,1,56998,18.5932437582969,,S
8824,0,3,"Stevens, Master. Jason",male,11.363524836601307,0,0,65097,44.024118088747926,,S
8825,1,3,"Jenkins, Miss. Teresa",male,17.847555114865422,0,0,CA 992980,7.8828804860546535,D74,S
8826,0,3,"Smith, Miss. Drew",female,10.245053492653653,2,0,PC 763410,2.018962541811147,,S
8827,1,3,"Tate, Mrs. Joan",male,33.44548982095223,0,0,40311,13.994673260882578,,S
8828,0,3,"Hansen, Miss. Eric",female,45.629060325680165,1,2,CA 924438,8.618035751034835,,Q
8829,0,3,"Choi, Master. Rebecca",male,34.87224533337759,1,0,A/5 530103,0.33487993134577965,,C
8830,0,3,"Bradford, Mr. James",male,36.40966268491145,0,0,89448,75.25587269507797,,C
8831,0,3,"Crawford, Dr. Vanessa",female,32.351424546168346,0,1,53212,39.17674161749814,,C
8832,0,3,"Scott, Master. Brandon",male,39.55770915218895,2,0,SOTON/O 234475,55.27475548983575,,C
8833,1,2,"Martinez, Miss. Barbara",male,36.539198599500196,0,0,CA 982041,8.89958134646343,A105,C
8834,0,3,"Thomas, Master. Christopher",male,0.42,0,0,64201,14.832236551313038,D198,C
8835,1,3,"Obrien, Master. Amanda",female,42.68829432726302,0,0,CA 951271,3.0997476401772293,,C
8836,0,3,"Davis, Dr. Jeremiah",male,41.216127467452615,1,0,A/5 913860,299.05176664996594,,S
8837,0,1,"Payne, Miss. Johnny",male,24.927620370782304,1,0,SOTON/O 502488,5.439822394472251,C154,C
8838,0,2,"Davidson, Mr. Gregory",female,2.3611058117423056,0,1,SC/Paris 872060,4.7355933992146975,,S
8839,1,3,"Fox, Mr. Travis",male,33.39463635888169,1,0,99543,47.61772244305021,,S
8840,0,2,"Booker, Mrs. Denise",male,34.57325125791098,1,1,W.E.P. 437885,20.164584035632156,F135,S
8841,0,3,"Simpson, Dr. Stacey",male,23.833231244148184,0,0,SC/Paris 881114,109.27534710310101,F142,S
8842,1,3,"Jackson, Master. Miranda",male,32.61379614085368,1,1,A/5 428219,89.04647014792471,,C
8843,0,3,"Young, Dr. Stephen",male,45.00576361158518,1,1,STON/O 657753,101.30551820616729,F12,S
8844,1,3,"Garrison, Dr. Dawn",female,63.565304056132334,0,0,STON/O 974261,66.42586406718891,,Q
8845,0,3,"Ponce, Mr. Jasmine",female,32.05665142082213,1,1,39108,7.06606704859027,,C
8846,1,3,"Ryan, Dr. William",male,34.67479153894539,0,0,STON/O 883620,3.286253219477376,,C
8847,1,3,"Carrillo, Dr. Barbara",female,18.46695574740449,0,0,38418,3.340631849901612,,S
8848,1,3,"Fox, Master. Matthew",male,22.9805113563279,0,0,23537,80.91878681659811,,S
8849,0,3,"Vincent, Mrs. Michael",male,28.095403174799287,0,0,CA 158796,53.51838391836734,,C
8850,0,3,"Thomas, Master. Jacqueline",female,46.488052495468374,0,0,32259,198.1246868799795,,S
8851,1,3,"Navarro, Dr. Rebecca",male,41.46540858439282,1,0,93461,51.57221113423538,,S
8852,0,1,"Howard, Mrs. Jennifer",male,57.01094681611147,2,0,81928,14.33502244144048,,S
8853,0,1,"Pollard, Dr. Ryan",male,9.136833540757074,1,2,18635,4.688853745397779,,C
8854,1,3,"Evans, Miss. Nicole",male,11.467710410914385,0,1,SOTON/O 128426,22.753749143698386,A115,S
8855,0,2,"Thomas, Miss. Gabriella",male,45.42916109330305,0,2,80229,11.138199138572578,,S
8856,0,3,"Santiago, Miss. Colin",female,50.284045268402835,1,0,A/5 258434,49.49623945651895,,C
8857,0,1,"Palmer, Mrs. Victor",female,30.463793703393055,1,1,12033,5.044239465321166,,S
8858,0,3,"Simpson, Master. Kristina",male,0.42,0,0,CA 204151,74.0325755584566,,S
8859,0,2,"Scott, Mrs. Tabitha",male,19.590591733417533,1,0,55987,59.6270327143944,E95,C
8860,1,2,"Graves, Dr. Dustin",male,34.696911130091465,1,0,93788,66.65813770939805,,S
8861,0,2,"Obrien, Master. Andre",male,17.40821818791174,0,1,12330,168.30642954915342,,S
8862,1,3,"Molina, Mr. Philip",male,32.59176619712802,0,0,SOTON/O 404052,52.57117699039864,G114,S
8863,1,1,"Stewart, Master. James",male,56.579776284207675,2,0,56907,77.68890647192042,,S
8864,0,1,"Jones, Master. Bradley",male,49.96585947433002,0,1,49533,4.458205022596625,,S
8865,0,3,"White, Mrs. Samantha",male,41.32449143518194,0,1,51155,143.31475706319267,,S
8866,1,1,"Mcintyre, Miss. Jacob",female,29.097710096265796,0,0,CA 929105,12.331670408191332,,S
8867,0,1,"Wheeler, Mrs. Crystal",male,23.074647189394515,0,0,STON/O 754104,33.96722526847474,,S
8868,0,3,"Wright, Mr. James",female,40.60851841388464,1,0,A/5 985159,157.43762244052633,,C
8869,1,1,"Rodriguez, Miss. Ivan",female,30.35552513500318,1,0,40528,9.883753492832032,,C
8870,0,2,"Payne, Master. Gregory",female,30.835862151213185,1,1,52270,1.8076347745514414,,S
8871,1,1,"Rowe, Mrs. John",female,8.28298141966562,0,1,SC/Paris 557418,17.6244851548023,,S
8872,0,2,"Jones, Mr. David",male,19.996574648837502,0,1,A/5 777296,8.50239265035076,,S
8873,1,3,"Kennedy, Mrs. Matthew",male,40.5260465424354,3,1,20570,55.135594426055675,,S
8874,0,1,"Callahan, Master. William",male,14.585064229519778,1,0,42767,16.31245681821656,,S
8875,1,3,"Smith, Dr. Amanda",female,33.719899380434406,0,0,STON/O 628992,3.245026194771846,F168,S
8876,0,3,"Leblanc, Mrs. Paul",male,35.77505032809795,0,1,91309,111.75731703026737,,S
8877,0,1,"Singleton, Mrs. Lauren",male,36.59242942055626,1,0,29081,2.5370331367348173,F146,S
8878,0,3,"Evans, Dr. Daniel",female,37.843699029007645,1,2,PC 235004,15.822682672260207,,C
8879,0,2,"Young, Mrs. Beverly",male,38.78816474396091,0,1,51005,13.741215770174406,,S
8880,0,1,"Collins, Mr. Rebecca",male,21.26689671140459,1,1,SOTON/O 189411,1.1893723575849673,C113,S
8881,0,1,"Deleon, Miss. Sandra",male,9.452836108743568,0,0,STON/O 182066,9.030114226703446,F35,C
8882,0,2,"Lester, Mr. Paula",female,17.770504226633097,1,0,59109,84.329162662927,A190,Q
8883,0,3,"Williams, Dr. Andrea",female,40.21889675666876,0,0,24750,1.9125196915731575,,S
8884,0,2,"Mann, Mr. James",female,13.188147686860276,0,0,CA 156003,1.175064122042779,,Q
8885,1,3,"Moses, Mr. Joshua",female,15.431450481616903,0,0,SC/Paris 776272,50.25899562310836,,S
8886,1,3,"Benitez, Master. Jason",male,15.353983989392566,0,0,35408,4.6563264885680455,,C
8887,1,2,"Arias, Dr. Kenneth",female,4.156357633594354,1,0,63979,23.227246120619967,F99,Q
8888,1,3,"Valenzuela, Miss. Tony",male,13.941938874154808,1,0,94229,0.10719252138154838,G183,S
8889,0,3,"Thornton, Miss. Oscar",female,44.00555678653138,2,0,STON/O 179268,22.500630690132496,,S
8890,0,1,"Carter, Mrs. Christopher",male,19.965294861982144,0,0,SOTON/O 585031,19.13934449807892,,S
8891,0,2,"Ward, Dr. Tommy",male,5.514865808239151,1,1,12854,47.42784429654485,,S
8892,1,3,"Cruz, Dr. Samantha",female,22.836986031195842,0,0,85858,34.56701403961575,,S
8893,1,3,"White, Miss. Frank",female,37.14766102251134,2,1,A/5 291410,56.741794914042956,F157,S
8894,0,3,"Fisher, Mrs. Susan",male,4.3691812916287205,0,0,SOTON/O 991141,137.33101108193318,,S
8895,0,2,"Davis, Mr. Connor",female,43.34634433672416,0,0,38041,79.27956402741718,,S
8896,0,3,"Rosales, Miss. Amanda",male,9.826268584972897,0,0,CA 481597,135.56582000182036,,S
8897,0,3,"Jones, Dr. Christopher",male,24.4632290541864,0,0,W.E.P. 969093,2.7875686808557005,,S
8898,0,3,"Simpson, Miss. Bradley",female,24.28428846006136,0,3,SC/Paris 209899,231.98287791504225,,S
8899,0,1,"Nelson, Master. Carol",male,22.139838505422627,0,1,A/5 974887,19.43478220929789,C198,S
8900,1,3,"Rose, Master. Samuel",female,29.09277622125868,1,0,SC/Paris 879690,16.19780275239574,G86,S
8901,0,2,"Johnson, Miss. Heidi",male,40.89984495567378,0,1,STON/O 135759,25.83561149872611,,S
8902,1,3,"Morris, Master. Michael",male,29.428777861755076,1,0,A/5 793559,76.46245598103889,,S
8903,1,3,"Johnston, Master. Toni",male,21.520568758694317,1,0,A/5 183136,154.2661694024158,,S
8904,1,3,"Dougherty, Miss. Mark",male,36.40288158665253,1,0,34593,40.39824437462105,,S
8905,0,1,"Weaver, Mr. Christina",male,32.90169220071508,0,2,A/5 927826,8.38469545774216,,Q
8906,1,2,"Mosley, Master. Amy",female,20.62695016102444,0,0,75394,12.04337871596811,,S
8907,1,3,"Park, Dr. William",female,30.59221990918112,0,0,77683,25.990925272551884,,S
8908,1,3,"Rowland, Dr. Christopher",female,19.46720495509375,1,0,SOTON/O 445920,22.766171661499776,,S
8909,0,3,"Garcia, Dr. Cheryl",female,17.8796578024428,1,0,CA 263524,13.608155864680263,,C
8910,1,2,"Ballard, Miss. Thomas",male,41.28121699809867,1,1,61892,94.93213007241842,,S
8911,1,3,"Jones, Mr. Jeffrey",male,36.25742329196818,1,0,W.E.P. 398666,16.43301294983318,,Q
8912,1,3,"Dickerson, Dr. Rebecca",male,40.785314893311664,1,1,31209,44.91678842464768,,S
8913,1,3,"Wilson, Mrs. Tracy",male,38.891799016121155,0,0,CA 308122,32.629325603171694,B184,S
8914,0,3,"Meyer, Master. Brian",female,17.578930373243264,2,0,72967,128.49722500933325,,S
8915,0,3,"Haney, Miss. Monique",male,44.0179470209351,0,1,STON/O 718821,49.56693415251775,,S
8916,0,3,"Schmidt, Master. John",male,25.83350045605309,0,0,45052,20.180351342301016,,S
8917,0,2,"Wilson, Mr. Daniel",male,43.00904952574103,0,0,65770,50.90119680567769,B183,S
8918,1,3,"James, Mr. Elizabeth",male,28.24836746040185,1,0,86968,19.2027863399984,,S
8919,0,3,"Delgado, Dr. Dominique",male,34.384283230310515,1,1,SOTON/O 658847,4.763337076268734,C12,C
8920,0,3,"White, Mrs. Amy",male,34.805191005258244,0,0,CA 354133,33.19940723162112,,C
8921,0,3,"Alvarez, Mrs. Peter",male,41.38480539398146,1,2,PC 746200,98.3764720013366,,C
8922,0,1,"Page, Dr. Kristina",male,7.116354305875806,0,1,W.E.P. 131381,119.94431078085009,G15,S
8923,0,3,"Huffman, Miss. Alexis",male,7.930432022068022,0,0,92095,39.23484667441998,A99,S
8924,1,1,"Gardner, Master. Nicole",female,39.40395211143047,0,0,CA 875978,60.119349243700256,E154,S
8925,0,2,"Krause, Dr. Jessica",female,34.989074509907084,0,1,23388,47.169139022553516,,S
8926,0,2,"Saunders, Miss. Jessica",female,19.140988925359302,0,1,49525,83.25409354889479,,S
8927,0,3,"Schultz, Mr. Gerald",male,35.100324726234376,1,0,76257,5.447495766602734,D143,S
8928,0,3,"Davis, Mr. Kenneth",male,10.288557058545386,1,0,W.E.P. 937443,25.655749167222986,,S
8929,0,1,"Bates, Mr. Brittney",female,75.70005315216613,1,0,24294,14.589908625886144,,Q
8930,1,3,"Hicks, Miss. Anita",male,48.3619994155912,2,0,58703,0.3298806037956025,,Q
8931,0,2,"Everett, Miss. Anna",male,38.712237483710226,1,0,PC 895596,88.57428888102389,G114,S
8932,0,3,"Taylor, Master. Margaret",male,31.058825189484814,0,0,24197,7.204239244883759,,C
8933,0,3,"Rodriguez, Mr. Sylvia",male,21.33780737272584,0,1,29080,19.531934810159832,,S
8934,1,3,"Graves, Dr. Ryan",male,11.657392649157767,0,0,CA 719532,100.82398079839481,C182,S
8935,0,1,"Watkins, Miss. Thomas",female,28.406483215148064,1,0,CA 685117,63.88411331501774,,C
8936,1,3,"Odom, Mrs. Cynthia",male,17.963351100268255,0,0,SC/Paris 827896,41.933308986918036,B71,S
8937,0,3,"Miller, Master. Kara",male,18.77981411885456,1,0,W.E.P. 996261,18.572574530098255,,S
8938,1,3,"Smith, Mr. Alexander",male,10.165407043156396,0,0,SOTON/O 240436,36.21354437282815,,C
8939,0,1,"Valenzuela, Dr. Elizabeth",male,33.49528272703547,1,0,SC/Paris 713287,2.894054871268207,,Q
8940,0,2,"Parks, Master. Gavin",male,24.722090918479488,2,1,SOTON/O 352905,64.96868147363952,,Q
8941,0,3,"Aguilar, Mr. Matthew",male,37.491002047562176,0,1,46904,13.545552123730229,F7,S
8942,0,1,"Smith, Dr. Trevor",male,36.39938311116703,0,0,CA 941036,32.61948291828688,,S
8943,1,2,"Lynch, Miss. William",female,33.212504821115274,0,0,27417,4.961728752715221,,S
8944,1,3,"Owens, Mrs. Nicholas",male,67.23216361275854,0,0,26320,62.02975931457405,E125,S
8945,0,2,"Mckinney, Mr. Sheryl",male,41.53187718991762,0,0,PC 968510,113.08719387336632,,Q
8946,1,3,"Gomez, Master. Sarah",male,12.352075850901425,0,0,23925,30.43445125399915,,S
8947,1,1,"Wiggins, Master. Grace",male,36.42231027090057,0,0,53784,4.3446861338394305,,Q
8948,1,3,"Vazquez, Dr. Ryan",male,29.24373759844115,0,0,STON/O 153092,145.08920771688412,,S
8949,0,3,"Nguyen, Master. Cynthia",male,11.218572008429462,0,0,W.E.P. 256433,29.624324011168067,,Q
8950,0,3,"Brock, Master. April",female,10.097139678927022,2,0,CA 618268,4.187532508112379,,C
8951,0,3,"Vasquez, Miss. Kathryn",male,36.344840841913964,0,1,W.E.P. 545009,10.439053953439254,,S
8952,1,1,"Watson, Mr. Matthew",female,39.76566548829991,0,0,74640,6.382844408211562,,Q
8953,0,3,"Leonard, Miss. Shawn",male,15.35239920945663,1,0,13596,11.002749810467936,,S
8954,0,3,"Gomez, Master. Erica",female,43.58233874472502,1,0,12990,8.467478381512306,F125,S
8955,0,2,"Greene, Mrs. Angela",male,33.988801555413964,2,0,W.E.P. 327969,128.11808740525882,,S
8956,0,3,"Clark, Mr. Peter",male,46.74202819719527,1,0,W.E.P. 520787,11.727563134704555,,S
8957,1,2,"Flores, Mrs. Suzanne",female,45.2546855767494,0,0,PC 928273,29.166828800311617,,S
8958,1,3,"Richardson, Master. Daniel",male,27.781883184358108,0,0,68483,65.44424581917238,D27,S
8959,0,2,"Herrera, Mr. Jason",male,52.89839622142932,0,0,SOTON/O 366418,56.50098842732526,G134,Q
8960,1,3,"Ramirez, Mrs. Lori",male,14.262374738313465,2,0,51529,156.71086890383052,,S
8961,0,3,"Chen, Mrs. Amanda",female,63.464123069309736,0,0,STON/O 155298,169.11323140045297,,S
8962,0,1,"Lamb, Dr. Lindsay",female,17.69700047319747,0,0,25607,42.279323860437955,,S
8963,0,3,"Shaw, Mr. Kim",female,29.327961756512476,1,0,54512,69.77764215335026,,S
8964,0,1,"Wood, Mrs. James",female,22.05936381942132,2,0,SOTON/O 119121,24.39170427073121,,S
8965,0,2,"Butler, Mr. Kara",male,24.72492616968365,0,1,46487,28.040207487791285,,S
8966,1,1,"Kelly, Dr. Maurice",male,70.92975127519549,0,0,17136,5.511474828896662,,Q
8967,0,1,"Johnson, Mr. Denise",male,23.52191037624491,0,0,89205,55.953945636710664,,S
8968,1,1,"Hardy, Mrs. Anthony",female,41.9155172121009,0,0,75574,15.777246133012993,,S
8969,0,3,"Pierce, Mrs. Michael",male,26.70435924199016,1,0,20986,4.1615436535864,,C
8970,0,3,"Sandoval, Dr. Devin",female,43.11170601422846,0,0,19565,5.1698386511366,D71,Q
8971,0,3,"Burke, Miss. Kristin",male,22.381766742806114,0,0,A/5 453463,64.07455042916199,,S
8972,0,2,"Cooper, Master. Jerry",female,33.5858493112284,1,0,70681,12.998622213841248,E178,S
8973,0,3,"Fernandez, Master. Christopher",male,38.80177620661839,1,0,CA 309868,73.48060358189502,C96,S
8974,0,3,"Chen, Mrs. Marcus",female,19.89463965328926,1,0,58847,118.18049040908774,,S
8975,0,2,"Reed, Mr. Bonnie",male,68.60816293915828,0,1,79813,20.840115493131677,,C
8976,0,3,"Hicks, Miss. Jeremy",male,39.53317460527317,0,0,SOTON/O 420781,78.96388537959568,,S
8977,0,3,"Fletcher, Dr. Kelsey",male,26.836406636756735,2,0,28551,27.996357475784283,,S
8978,1,3,"Rodriguez, Master. Rebecca",male,20.238716764090306,0,0,PC 327102,73.96802917315523,D50,S
8979,1,2,"Robertson, Miss. Haley",male,31.284122330777745,0,0,24881,18.316287581943953,,Q
8980,0,1,"Howard, Dr. Steven",female,12.976027851411427,2,0,A/5 308748,134.0366041904112,A86,Q
8981,1,3,"Daniel, Mrs. Amy",male,54.9521336938992,0,1,PC 446269,217.941209287331,F90,C
8982,1,3,"Moss, Dr. Amanda",male,36.03755281361513,0,0,PC 888732,24.400472413644376,,S
8983,1,1,"Simpson, Miss. Vanessa",male,28.768195056240472,2,2,SC/Paris 493821,11.09017276208532,E2,S
8984,0,2,"Atkins, Dr. Renee",male,44.64368996099398,1,1,SOTON/O 198905,57.81167789871496,,S
8985,0,3,"Santos, Mr. Jamie",female,19.898793106796454,2,0,SOTON/O 719171,43.80476060592169,C146,S
8986,1,3,"Mcpherson, Miss. Joel",female,13.816565789973879,1,1,SOTON/O 636708,238.19576004915447,D142,C
8987,0,3,"Russell, Master. Zachary",female,28.178136995797672,2,1,74770,83.45785041443385,,S
8988,1,1,"Martin, Master. Tammie",male,31.785611092574268,1,1,46128,90.1222083290769,,C
8989,1,2,"Goodwin, Mrs. Madeline",male,37.428206892298775,1,0,SC/Paris 911683,64.81910163734561,G30,S
8990,0,1,"Thornton, Miss. Stephen",male,9.332109169948826,1,0,A/5 304364,21.599876734424324,,C
8991,0,2,"Levy, Mr. Jennifer",male,23.61156437973075,0,0,60031,137.32067529525727,E189,S
8992,0,1,"Gomez, Master. Mitchell",female,0.42,0,1,W.E.P. 661208,31.337096496743715,,C
8993,0,3,"Hardin, Mr. Ryan",male,13.447111607314717,0,1,99688,25.494912857522635,,S
8994,0,3,"Blair, Miss. Tyler",male,40.01366147180567,1,0,32022,10.798147434030238,,S
8995,0,3,"Brown, Miss. Alicia",female,43.45436132004629,0,0,SC/Paris 408041,18.117194278517818,,S
8996,0,1,"Price, Mr. Donald",female,14.01193650561772,0,0,51327,0.11286097932217486,,S
8997,0,1,"Estes, Master. Katrina",male,25.45553631295874,0,0,PC 450173,53.92645664073379,,C
8998,1,2,"Jenkins, Mrs. Richard",female,30.358486171791917,0,2,PC 925949,46.50257190651691,,S
8999,0,2,"Osborne, Master. Christopher",male,45.093541943789546,1,0,CA 933256,25.794687378301596,,S
9000,1,3,"Romero, Dr. Paul",female,51.407328131237854,2,1,W.E.P. 845286,170.7251359140779,,S
9001,1,2,"Watson, Dr. Michael",male,32.14315157312232,2,2,51657,59.062676967975925,A189,Q
9002,0,1,"Spears, Miss. Donald",male,26.351366821848753,1,1,45411,13.900860266784617,E175,Q
9003,1,1,"Williams, Mrs. Aaron",male,9.788289478191118,0,1,STON/O 694507,23.797201435818664,,S
9004,0,1,"Fisher, Dr. Alexander",male,31.512969283854844,1,2,97036,36.262836646054254,D105,S
9005,1,3,"Ellis, Mr. John",male,59.04891502086372,0,0,SOTON/O 361092,39.41170689865942,,S
9006,0,2,"Miller, Master. Vanessa",female,48.062695699122465,1,0,14046,16.123018351508225,G158,S
9007,0,3,"Hansen, Mrs. Courtney",male,32.44801614762467,0,0,51535,14.34680281285081,,S
9008,0,3,"Castillo, Mrs. Kerri",female,34.247289321801546,1,1,PC 395779,17.792581386641054,,Q
9009,0,1,"George, Mrs. Nicholas",male,20.360770939671212,0,1,PC 502125,165.32112947940604,,S
9010,0,1,"Coleman, Miss. Matthew",male,25.000101197128686,2,1,A/5 850946,22.27726600046618,,C
9011,0,3,"Gutierrez, Miss. Maria",female,32.06638845818088,0,0,30104,23.431621328190687,,S
9012,0,3,"Garza, Mr. Cody",female,32.1088807644582,1,0,78633,63.6919125240828,E182,C
9013,0,2,"Collins, Mr. Kimberly",male,44.150499060642844,0,0,SC/Paris 489391,8.882167362368081,,C
9014,0,1,"Ross, Miss. Stephanie",male,43.46916105837815,0,0,97894,51.52383353585876,,C
9015,0,1,"Zhang, Dr. Michael",male,37.28793492295516,1,0,SC/Paris 660824,54.85017005728059,,S
9016,0,2,"Trujillo, Master. Charles",male,16.01195350520996,0,0,SC/Paris 827617,3.334504554310186,,S
9017,0,1,"Wilson, Master. Christopher",male,16.540185503454758,0,0,W.E.P. 361862,10.53266886000572,F34,S
9018,1,1,"Walker, Mrs. Christy",male,17.5695194160158,0,0,56692,31.41396709416653,,S
9019,0,2,"Wells, Mr. David",male,33.29728404889327,0,1,W.E.P. 965726,90.2171452844188,,S
9020,1,1,"Smith, Dr. Christopher",male,1.6315052334140177,0,0,35451,65.90249803315736,,S
9021,0,1,"Smith, Master. David",female,29.912148985495296,2,1,73669,103.35632277418479,,S
9022,1,3,"Baker, Mrs. Derek",male,49.72099803035791,0,1,W.E.P. 855969,95.19259172345677,B10,S
9023,0,3,"Nguyen, Mrs. Samuel",male,39.33556448552896,0,0,CA 472575,35.820996589627626,,C
9024,0,3,"Walters, Mr. Lisa",female,25.08981344675903,0,0,90047,48.680604634484396,,S
9025,0,2,"Hamilton, Master. Mary",female,20.224424207503077,0,0,78705,126.78837738724071,C100,S
9026,0,3,"Wilson, Master. Grant",male,41.280013986873556,1,0,SOTON/O 520417,67.56040417009956,,C
9027,0,1,"Reid, Dr. Jacqueline",female,34.28477512473182,3,1,30471,22.14874479378125,,C
9028,0,3,"Mcmillan, Mr. Dawn",female,26.54994566384163,0,0,SOTON/O 973144,21.56692800816578,,S
9029,1,1,"Moore, Mr. Eric",male,21.753567695314022,0,1,98803,22.834403737741766,,S
9030,0,1,"Little, Miss. Stephanie",male,31.06936185562184,0,0,58447,34.17996382256933,F183,S
9031,0,3,"Walker, Master. Adam",female,25.75748530418216,1,1,20077,22.50910945025197,,S
9032,1,3,"Rodriguez, Miss. Mark",male,40.98131397883401,0,0,18898,10.382523411620284,,S
9033,0,3,"Wyatt, Dr. Daniel",male,47.376367343702036,0,0,47539,45.183421318516295,A66,C
9034,1,2,"Orozco, Mrs. Lisa",female,10.858502410201972,1,1,SOTON/O 295144,101.70821983787188,B169,C
9035,0,2,"Ramos, Mr. Tyler",male,12.838525984596245,1,1,79999,33.91770328122453,,S
9036,1,2,"Sanders, Master. Katrina",male,48.87278662708224,1,1,55904,12.368532207694695,,C
9037,0,3,"Adams, Miss. Christine",male,32.321465197295375,0,0,A/5 761833,83.84580071617891,,C
9038,1,3,"Mckinney, Mrs. Amber",male,14.156891084956216,1,2,35782,70.47696516895108,,S
9039,1,3,"Nolan, Dr. Kathy",male,43.765522493248994,0,1,74216,60.23485719827519,,Q
9040,0,1,"Snow, Master. Regina",male,34.78359139844366,1,0,48156,56.15412455512189,,S
9041,0,3,"Paul, Master. Annette",female,60.8454406669485,1,0,W.E.P. 392192,76.22594301112434,,S
9042,0,2,"Evans, Mr. James",female,26.70577651828242,0,1,W.E.P. 274020,88.67523879183882,F105,C
9043,1,1,"Estes, Mr. Melissa",male,45.52185595896198,0,0,PC 639781,114.23872587350911,,S
9044,0,3,"Lopez, Miss. Donna",female,9.716317852141358,0,0,63377,47.071606893021894,,S
9045,0,3,"White, Miss. Aaron",male,49.544385702290015,0,0,PC 748357,25.01017883375741,,S
9046,0,1,"Gilbert, Dr. Sharon",male,43.21824081495616,0,1,62978,4.709834145421614,,C
9047,0,1,"Smith, Mrs. Alisha",male,52.460864073112816,0,0,15413,64.08165830680281,,C
9048,0,2,"Huang, Dr. Caroline",male,45.5481244451223,0,1,66887,7.61140231781783,,S
9049,1,2,"Matthews, Master. Ryan",male,28.61332539774051,0,1,STON/O 223953,101.44496115168364,,C
9050,0,2,"Garcia, Miss. Anthony",male,13.60422810348398,2,0,47490,26.033246590486225,,C
9051,1,1,"Berry, Dr. Diane",male,21.57125939490347,0,0,36024,104.42878826777724,,S
9052,0,1,"Nguyen, Dr. Mary",male,5.343894579226326,0,0,99046,36.539817969933615,,C
9053,0,3,"Stanton, Mr. Julie",female,17.10741356342806,2,0,STON/O 284674,30.209503339864153,,S
9054,0,3,"Davis, Dr. Vincent",female,35.96205888891805,1,1,39652,22.594042369029264,,C
9055,0,3,"Mckenzie, Mrs. Denise",female,29.331459696447393,0,1,W.E.P. 439803,3.165473676108485,A171,S
9056,1,3,"Davidson, Dr. James",male,26.869738038148903,0,1,SOTON/O 246317,0.5797458348370768,C198,S
9057,1,3,"Erickson, Mrs. Stephanie",male,18.89655917673503,0,0,14506,35.53392570311746,,S
9058,0,1,"Clayton, Mrs. Amanda",male,5.1864138479840065,1,0,A/5 811393,115.6861784225168,,S
9059,0,1,"Cannon, Master. Maurice",male,32.549163585321494,1,1,STON/O 957179,44.107765572732575,,S
9060,0,3,"Murphy, Dr. Linda",female,35.30824269456101,0,0,SC/Paris 589394,99.16217972944533,,S
9061,1,3,"Barajas, Miss. Colleen",male,16.11811015934598,0,0,STON/O 749765,415.55417213853474,,C
9062,1,3,"Stewart, Master. Wendy",male,22.53183621770792,0,0,41353,9.838272952697157,A104,C
9063,1,3,"Holt, Mr. Ronald",male,51.589868357252,1,0,70948,53.87824855116292,,Q
9064,0,2,"Bates, Dr. Eric",male,46.23297135003087,0,0,26761,26.97049574827723,F193,S
9065,0,1,"Powers, Master. Courtney",male,9.218056135794686,2,0,97826,11.71054974020931,,C
9066,0,1,"Jones, Mr. Nathan",male,28.815090578769418,1,2,W.E.P. 768129,13.78133231108749,,S
9067,0,1,"Foley, Master. Jordan",male,50.36937955321153,0,0,86467,14.028942557057583,F157,S
9068,0,1,"Franklin, Master. Mark",female,26.970106037694727,2,0,SOTON/O 693354,65.40220235729545,,S
9069,0,2,"White, Master. Christopher",male,26.234795362299717,0,1,A/5 104203,21.925402307434087,F125,S
9070,0,1,"Rios, Mrs. Amanda",female,45.29832677440307,0,0,90939,14.767858885190643,,S
9071,1,1,"Compton, Dr. Gabriel",female,43.81896941985302,0,0,A/5 928242,108.56058596829656,,Q
9072,1,2,"Harvey, Mr. Charles",female,43.0942468353284,1,0,77349,1.7474128877264086,,S
9073,0,2,"Scott, Dr. Lindsey",male,26.332213511562173,2,0,77568,66.51795540551159,,S
9074,0,3,"Gonzalez, Master. William",male,39.28043222785065,0,0,CA 823941,161.64459622867872,F198,S
9075,0,2,"Wheeler, Mrs. Travis",male,50.92643719537309,2,1,22638,49.12730663676984,,Q
9076,1,3,"Holt, Miss. Gregory",male,29.30176822143992,0,0,CA 519731,39.72168432396163,,S
9077,1,3,"Horton, Master. Seth",male,24.352265301608615,1,0,12276,3.1707754558178434,,S
9078,1,1,"Caldwell, Miss. Pamela",male,47.221016947254896,2,1,30123,34.95411904782781,,C
9079,1,1,"Smith, Mrs. Randall",female,58.636157240559726,0,0,72850,22.424174800851407,D33,S
9080,0,3,"Foster, Mrs. Amy",female,59.61006836992151,0,0,67615,75.27655666921486,B139,Q
9081,0,3,"Rodriguez, Miss. Daniel",male,24.756839003150695,0,1,STON/O 122960,83.5061911803618,,C
9082,0,3,"Price, Mrs. Joy",male,26.163436507043514,0,0,SC/Paris 985859,9.172256263369787,G134,Q
9083,0,1,"Mccullough, Miss. Rachel",female,15.591727336088306,0,0,57336,36.93276372703275,A136,S
9084,1,3,"Smith, Mrs. Lindsay",male,31.652732541807175,0,0,93018,98.28341623463862,,S
9085,0,3,"West, Miss. Raymond",male,14.962334959594765,1,0,SOTON/O 249179,48.978386950568435,,C
9086,0,3,"Moreno, Miss. Daniel",male,22.627131816095087,0,0,A/5 947882,32.78978270362579,,C
9087,0,1,"Cortez, Dr. Elizabeth",female,39.81581717427346,1,0,SC/Paris 261039,114.16931437972326,,S
9088,1,3,"Brown, Mrs. Matthew",male,35.45968374195155,1,0,65735,169.79243550372445,,C
9089,0,3,"Nunez, Dr. Amy",male,4.649901727661618,1,0,87729,13.411890771048387,,S
9090,0,3,"Mcdonald, Dr. Micheal",male,51.98409217584141,2,0,W.E.P. 373465,10.093334426786704,A64,S
9091,0,1,"Lopez, Miss. James",female,14.782054779875688,2,1,CA 520847,100.06101631756812,A101,S
9092,0,3,"Mendez, Master. Jennifer",female,16.546925065693948,0,0,96363,13.916265622692725,D140,C
9093,0,1,"Hall, Miss. Jeffrey",male,12.655089875297708,1,1,A/5 114635,94.14067037509432,A150,S
9094,1,1,"Wilson, Mrs. Daniel",female,20.742033260103874,0,0,61757,17.9186079324069,,Q
9095,0,3,"Meadows, Miss. Cassandra",male,17.444710698678414,2,0,PC 797035,0.9686549202900698,B117,Q
9096,1,2,"Ruiz, Mr. Jennifer",male,17.785931823355366,0,0,SC/Paris 405730,27.403807705690202,,S
9097,0,3,"Moody, Mrs. Nathan",female,0.42,1,0,PC 936463,2.060224278436027,,C
9098,0,3,"Singh, Master. Stacie",male,31.818983488753393,0,0,W.E.P. 491022,11.659137246237524,F160,C
9099,1,1,"Davis, Mr. Brittney",male,33.248912349417836,0,0,42861,32.63499211204993,,C
9100,0,3,"Bryant, Miss. Dana",male,61.42169433049094,1,1,22336,1.9627919112536016,,S
9101,0,3,"Moran, Miss. Shannon",female,36.80877396731785,1,0,CA 169566,1.6889439862676214,D97,C
9102,1,1,"Roberts, Master. Curtis",female,23.047753723945963,2,2,53944,8.42966004408393,,S
9103,0,3,"Gates, Miss. Jason",female,13.189990301372102,0,1,PC 199147,31.064915260910258,,S
9104,1,2,"Carroll, Master. Miguel",male,28.652129562810334,1,0,SOTON/O 541300,182.51553835965916,B96,C
9105,0,3,"Clark, Mr. Caitlyn",female,36.28212045149583,0,0,50043,4.903487512498412,,Q
9106,0,2,"Gonzalez, Master. Joseph",male,22.95311932953337,0,0,73321,48.63780220943404,,S
9107,0,2,"Taylor, Master. Maria",male,30.854224368880008,1,0,48158,34.36553505667842,,C
9108,1,1,"Wilson, Mrs. Scott",female,56.562957316823486,0,0,W.E.P. 556530,3.102029826171302,,S
9109,0,3,"Wheeler, Dr. Brian",male,24.622458221451716,2,0,12058,1.7369165453412498,E76,C
9110,1,3,"Kramer, Mrs. Jasmine",male,3.585142232905156,0,1,PC 385342,12.540905486700336,,S
9111,1,3,"Ross, Dr. Ana",male,42.22881502348009,2,1,STON/O 145024,57.7195884292099,,S
9112,0,2,"Collier, Mr. Sarah",male,34.400500241410754,0,0,PC 650258,164.02201780663438,F75,S
9113,0,3,"Valdez, Mr. Billy",male,6.074111842389215,0,1,SOTON/O 157097,40.60529078911656,,S
9114,0,2,"Bush, Miss. Maria",male,35.98701148186812,1,1,STON/O 103408,2.3426469204090727,F158,S
9115,0,2,"Ramos, Mrs. Charles",male,16.029910312071546,0,0,53289,14.918650589653595,B124,S
9116,0,3,"Finley, Miss. Andrea",male,36.17851363310169,0,0,PC 676647,142.64421595779436,,S
9117,0,2,"Smith, Miss. Denise",female,56.70168912886008,0,0,CA 300092,0.6299790139976341,,S
9118,1,1,"Munoz, Dr. Robert",male,27.522429319194902,2,1,SC/Paris 783507,46.096787656024944,,S
9119,1,3,"Stewart, Mrs. Michael",male,45.16579678651081,0,0,21596,9.856609507872745,E105,C
9120,1,3,"Jones, Mrs. Cole",female,12.801177550066718,1,0,23100,3.425244277384238,,S
9121,1,1,"Nunez, Miss. Annette",female,8.72813195127247,0,0,W.E.P. 998388,14.680730862072771,,S
9122,0,1,"Horton, Miss. Johnny",male,58.24318661353939,1,0,31333,138.221793218585,,C
9123,1,2,"Chapman, Miss. Andrea",male,34.30941018978872,1,1,STON/O 545982,71.72365297037359,,C
9124,1,3,"White, Dr. Kimberly",female,38.91337917625873,1,0,PC 775725,9.390029017925224,,S
9125,0,3,"Welch, Dr. Martin",male,46.128312239835275,0,1,34833,3.39804364698547,,S
9126,1,3,"Castro, Master. Bryan",female,22.610592662828594,0,0,A/5 564759,33.97662343079664,C31,S
9127,0,3,"Price, Mr. Allison",male,41.55162903667734,0,0,85559,2.704917188554878,,S
9128,0,2,"Morris, Mrs. James",male,39.42961827232344,1,0,92834,25.880736327207458,,S
9129,1,3,"Ortega, Mrs. Sarah",male,11.872732509046898,1,0,46142,80.53475326337703,F12,S
9130,1,2,"Stewart, Mr. Daniel",male,51.18179435977761,0,0,74005,34.723752571241434,B144,Q
9131,0,2,"Heath, Miss. Roy",female,48.29604722371346,0,0,43295,113.57404857475689,,S
9132,1,3,"Brown, Mrs. Michael",female,12.027958653471803,2,1,70146,78.33265440126127,,S
9133,0,2,"Meza, Mrs. James",female,32.80401018046513,1,0,STON/O 365168,40.51423802954767,,Q
9134,0,3,"Chang, Miss. Jesse",female,26.764883683218788,0,0,66040,78.12870397553404,,S
9135,1,2,"Brooks, Mrs. Miranda",female,49.856304578963126,0,0,87965,4.983647780518358,C53,S
9136,0,3,"Walls, Dr. Erin",female,10.251431914339449,0,0,81387,11.242356292423871,F3,C
9137,1,2,"Moore, Mr. Madison",female,80.0,1,0,SOTON/O 825110,60.26876842922578,,S
9138,0,1,"Perez, Dr. Gina",male,27.55722162879376,1,1,45430,0.2868196842803922,,S
9139,0,3,"Carroll, Dr. Michael",male,40.33823232653667,1,0,33889,0.234511881448706,D128,S
9140,0,3,"Rodriguez, Mrs. Mary",female,49.42497664803925,0,0,STON/O 222604,23.929332862295965,,S
9141,0,3,"Wolf, Dr. Erin",female,27.25600919561798,1,0,38604,100.89910124806045,,C
9142,0,3,"Gonzales, Master. Lori",female,28.3908136016661,1,1,17630,197.77231556766034,,S
9143,1,3,"Davies, Dr. Christopher",female,22.96036748653921,1,0,47255,52.46758704897605,,S
9144,0,3,"Richardson, Mrs. Jonathan",male,17.60348123416435,1,1,73025,150.0629996242888,,Q
9145,1,1,"Hernandez, Miss. Ruben",female,33.80602806909809,1,0,58548,94.08643298567661,,S
9146,0,1,"Yoder, Miss. Christopher",female,28.106266477550633,0,0,PC 532811,11.249893136067609,,S
9147,0,2,"Hutchinson, Mrs. Joseph",male,22.86876122344306,0,0,W.E.P. 222199,25.872027106114082,,C
9148,0,3,"Cline, Dr. Angelica",female,23.686504727528174,2,0,CA 210531,48.87794396703409,,S
9149,0,1,"Johnson, Mr. Christopher",male,38.067268354503994,1,0,12255,8.203209992864785,A73,S
9150,0,3,"Smith, Dr. Diana",female,18.83411058909238,1,1,PC 903178,18.77862343642488,B109,S
9151,0,3,"Mccoy, Dr. Julie",female,26.542493242508783,0,0,CA 279766,70.60898252056916,,C
9152,0,3,"Mitchell, Mr. Joshua",male,42.58134348504749,0,0,63987,21.129837389368134,D109,S
9153,0,1,"Sexton, Dr. Anthony",male,33.4611565809702,1,0,48042,130.13944837002487,C124,S
9154,0,2,"Keith, Dr. Emma",male,15.30617027097947,0,1,69507,26.109231198678568,F102,C
9155,0,3,"Olsen, Master. Joseph",male,29.66580503754242,1,0,86586,12.407681833193797,,S
9156,0,2,"Martin, Master. Stephanie",male,36.11830269600157,0,0,PC 615213,11.793630500266413,,S
9157,1,2,"Burton, Mrs. Martin",male,43.849810677307396,2,1,47781,58.11192755325932,D59,S
9158,0,1,"Marks, Dr. Nicholas",female,19.42469866557139,0,0,65627,22.95530734552303,D104,S
9159,1,1,"Stephens, Miss. Norma",male,22.180583882184116,0,0,91625,13.541375217712027,G53,S
9160,0,1,"May, Miss. Dawn",male,20.26776015791725,1,0,56090,59.18668535239425,B159,C
9161,1,3,"Allison, Mrs. Sarah",female,20.96271720851496,0,0,88305,27.35698048209563,C96,S
9162,1,3,"Holt, Master. Joanna",female,35.67006601975961,0,0,SC/Paris 112641,93.53774272546852,,C
9163,1,3,"Bonilla, Mrs. Daniel",female,38.32284781837109,1,1,82769,39.8119780688242,,C
9164,0,1,"Underwood, Mrs. Joseph",male,44.71264890036316,1,0,SC/Paris 420357,179.09373092068975,,Q
9165,1,3,"Whitehead, Miss. Thomas",male,28.723551272939236,1,0,SOTON/O 720231,23.456548096648298,,C
9166,1,3,"Johnson, Master. Michael",male,10.32547863308735,0,0,SOTON/O 152740,16.571555428827196,B178,S
9167,1,1,"Moran, Master. Sarah",male,39.37258230240448,1,0,91340,51.71896631113215,G76,S
9168,0,2,"Ortiz, Dr. Alyssa",female,32.22801149770618,0,0,PC 493799,61.61253592280875,C112,C
9169,0,1,"Burton, Mrs. Brian",male,30.839572710424044,0,0,65367,0.8557043671008886,A27,Q
9170,0,3,"Young, Dr. Misty",female,12.03235116364289,1,1,22063,55.33975575823994,,C
9171,0,3,"Brown, Mr. Steven",male,27.258297909525226,2,1,71182,9.984848333446044,,S
9172,1,3,"Jackson, Miss. Matthew",male,13.28883299423994,0,0,CA 550021,159.54235202909126,,S
9173,0,1,"Copeland, Mr. Caroline",male,36.74750983824063,0,0,64116,42.901889128596785,D106,C
9174,0,3,"Ford, Mr. David",female,23.98148359814624,0,1,SC/Paris 257000,6.77036625928317,F176,S
9175,0,1,"Hendrix, Mr. Danielle",male,22.726518450896187,0,0,46498,2.7079408083799272,F69,C
9176,0,2,"Bush, Master. Brian",male,8.479823236753553,0,0,PC 459173,105.84823219282215,,S
9177,0,3,"Ellis, Dr. Kevin",male,44.379342175576596,0,0,SC/Paris 719835,95.0644347105413,,S
9178,1,1,"Kelly, Dr. Joseph",male,26.380095162789022,0,2,A/5 479606,28.466452533278307,,S
9179,0,3,"Green, Mrs. Robert",male,31.217730784728605,0,1,CA 960155,4.578358760562699,E32,S
9180,0,3,"Soto, Mrs. Alicia",male,19.703138730304232,0,0,10217,24.713374959690668,,S
9181,0,3,"Mack, Mrs. Denise",male,6.89194916046684,1,0,STON/O 415449,71.46625965755106,,S
9182,0,2,"Smith, Mr. Catherine",female,22.557241765518448,1,1,19753,54.160684582274676,,S
9183,0,3,"Vargas, Miss. Mackenzie",male,24.79842127118201,1,0,34886,100.18526243637726,,S
9184,1,3,"Combs, Miss. Michael",male,34.0986402928078,1,0,37255,69.55371423694004,,S
9185,1,3,"Nelson, Miss. Angela",male,25.02954624755215,1,1,18126,20.033941877320075,B28,Q
9186,1,3,"Mays, Dr. Lucas",male,19.943115964238093,0,1,99139,20.861694640945704,,S
9187,1,3,"Lewis, Master. Autumn",male,8.953248440007325,0,0,37873,52.171458337709765,,S
9188,0,3,"Miller, Miss. Lisa",female,30.67834893591848,0,0,STON/O 733824,18.565699369750067,,S
9189,1,1,"Reyes, Miss. Cassidy",female,18.848157287207858,0,1,17028,101.11908226774662,A19,C
9190,1,3,"Dodson, Master. Sierra",male,48.49129147271978,1,1,PC 163380,19.852666009025633,,Q
9191,1,3,"Powell, Mrs. Mark",male,32.10205325873343,0,0,15489,33.56273030075508,B121,S
9192,0,3,"Mills, Dr. Deborah",male,37.86943976046187,1,0,PC 661390,2.209486395388668,G90,S
9193,1,3,"Byrd, Dr. Chelsea",male,26.5169586719516,0,0,SOTON/O 318428,6.283288337967799,C196,S
9194,1,2,"Rodriguez, Master. Katie",female,32.81792405675076,1,0,46659,7.072183517660606,,S
9195,1,3,"Cooper, Mr. Greg",male,17.529985579216454,1,1,30267,21.089672509082316,F8,S
9196,0,3,"White, Dr. Michael",male,13.50493644062552,2,0,SOTON/O 715447,6.200341023763114,,C
9197,1,1,"Myers, Mr. Jennifer",female,30.21183508287979,1,0,50008,30.54225094735999,,S
9198,1,2,"Reyes, Mrs. Danielle",male,37.985483172815066,0,0,SOTON/O 835205,15.677691036899667,,Q
9199,1,3,"Horn, Dr. Jessica",male,2.7586352191379184,1,1,SC/Paris 610514,15.904059721463895,,C
9200,0,1,"Simpson, Dr. Sherry",female,23.012551128743425,0,0,79403,29.48454622020505,,S
9201,1,1,"Snyder, Mrs. Shane",female,55.78970951043749,0,0,56149,96.15254891751755,,S
9202,0,2,"Levine, Miss. David",female,36.70918572337937,0,2,W.E.P. 109683,71.71759737681113,,S
9203,0,3,"Blackburn, Miss. Kelly",male,51.52704447166697,0,1,W.E.P. 815325,107.5901749751336,,S
9204,0,1,"Hanson, Mrs. Charles",male,21.123370674959816,0,0,PC 210335,231.14412837917348,,C
9205,1,2,"Matthews, Master. Mary",male,23.58931929007784,0,2,36853,0.5582077121941288,C190,S
9206,0,3,"Page, Mr. Michael",male,43.53426648482311,0,0,PC 643991,58.96532347207265,A140,C
9207,0,3,"Jackson, Master. Mark",male,38.72928497529656,0,0,CA 718488,6.381984815484998,,S
9208,1,3,"Mcdonald, Master. Jessica",female,28.67861593516441,1,1,29088,138.09146228060519,G94,S
9209,1,2,"Harris, Dr. Angela",male,12.324778670240935,1,0,STON/O 970088,12.863837599245837,,S
9210,0,3,"Wallace, Mr. Randy",male,46.195927471176745,0,0,22094,21.535726899651774,G78,S
9211,1,1,"Holmes, Master. Anne",male,65.14319406538796,1,0,37460,193.28838402582255,,C
9212,1,3,"Miller, Miss. Thomas",female,7.993873363845456,1,1,10284,100.94269253144688,,C
9213,0,3,"Moon, Master. Steven",female,49.65066809649214,0,1,W.E.P. 436625,2.417940024614835,,S
9214,0,2,"Avila, Miss. Jennifer",female,23.443784002796804,0,2,STON/O 543808,2.400017697045068,,S
9215,0,3,"Patel, Miss. Daniel",male,25.331438885465904,0,1,54074,85.41901855286905,,C
9216,0,1,"Black, Mr. Amy",male,33.77495282553667,0,0,52668,3.648539940021051,,C
9217,0,3,"Gordon, Dr. Alyssa",male,13.12267409204004,0,2,77427,95.43753242062067,C7,S
9218,1,2,"Key, Miss. Melissa",female,29.480061770778608,2,0,W.E.P. 686845,129.26117311347375,,C
9219,1,3,"Young, Mrs. Nicolas",male,7.442449210769624,2,0,PC 187752,1.2062911151703337,B17,S
9220,0,1,"Mathis, Dr. Allison",male,36.665154856894866,0,0,A/5 177418,12.423504808744612,,S
9221,0,1,"Williams, Mrs. Matthew",male,61.27210853148436,0,0,PC 997661,1.1731524307101666,,S
9222,0,3,"Booker, Miss. Jonathan",male,21.046559151708728,1,1,72956,3.781090702542352,,C
9223,0,3,"Benson, Miss. Robin",male,27.637593263916038,1,0,50706,38.18628198416327,,C
9224,0,3,"Simmons, Mr. Jeffrey",male,28.327305534981523,0,0,50913,65.4970460857679,,S
9225,1,2,"Rhodes, Mrs. James",male,43.810560315874035,3,0,STON/O 462583,32.64574429961663,,S
9226,1,1,"Rios, Master. Lisa",male,35.678013166725215,1,1,STON/O 376503,24.3835203486092,,C
9227,0,3,"Meadows, Master. Jeremiah",male,42.884844144927,0,1,STON/O 494786,11.578942008514264,D9,S
9228,1,3,"Andrews, Dr. Melanie",female,22.91270530716678,0,0,77958,13.497091565659522,,S
9229,0,1,"Becker, Dr. Rebecca",male,36.06996606747715,0,1,17364,43.661122551348484,,S
9230,1,3,"Anthony, Miss. Kyle",female,0.42,0,0,SC/Paris 958723,96.81532468631619,,S
9231,0,2,"Nunez, Mrs. Jacob",male,39.34447600784641,0,0,32374,25.923587466769533,A1,S
9232,0,1,"Jones, Mr. Joseph",male,12.95090207686632,0,0,CA 839307,140.36118012814958,,S
9233,1,2,"Hernandez, Mr. Andrew",male,25.413685659001043,0,0,STON/O 467950,2.6763089535219593,,S
9234,0,3,"Petersen, Dr. Todd",female,40.43351552101887,1,0,33334,88.36620912963726,,C
9235,1,3,"Bentley, Master. Ryan",male,8.494742343321292,0,0,SC/Paris 304664,20.67591925721373,B124,S
9236,0,3,"Sullivan, Miss. Kayla",male,45.25205917510836,0,0,90514,101.53920982191715,C97,S
9237,0,3,"Rollins, Miss. James",male,28.25973264195786,0,0,STON/O 822576,125.92315106779517,G16,S
9238,0,1,"Ferguson, Master. Steven",male,50.34361680802134,2,0,W.E.P. 194243,60.266758803236485,,S
9239,0,3,"Blair, Mrs. Mark",male,17.360181773498987,0,0,25426,21.929374395040337,G13,S
9240,1,3,"Scott, Master. Dakota",male,4.6209718591427205,0,1,19756,30.526257024159364,,Q
9241,0,3,"Cisneros, Dr. Patrick",male,29.594745985267465,2,1,48479,40.123130458528465,C3,Q
9242,1,1,"Hicks, Master. Gary",male,38.21906494986139,1,1,STON/O 673318,31.002263312245887,,S
9243,1,3,"Ross, Miss. Kimberly",female,39.3931171433431,1,2,14872,78.30809193229089,,S
9244,1,3,"Gates, Mr. Edward",male,14.103166097018697,0,0,STON/O 148263,73.8171437865674,,S
9245,0,3,"Edwards, Mrs. Rachel",male,7.255137018321246,0,0,44275,0.6368092475057917,,S
9246,1,3,"Gilbert, Dr. Richard",female,25.627464365378096,0,0,60706,8.223799737231177,,S
9247,0,3,"Cook, Mr. Danielle",male,37.23021586665827,2,0,77704,22.592378941349992,,S
9248,0,1,"Higgins, Master. Katherine",male,36.52101494948849,0,0,A/5 592562,55.80190734920348,,S
9249,0,3,"Stout, Mr. Allison",male,52.009768710610025,0,0,CA 777302,13.04862786724906,C147,S
9250,0,3,"Christensen, Mrs. Jared",male,24.771627180156162,0,0,73547,19.488646726285847,D46,S
9251,0,3,"Cardenas, Mrs. Angela",male,4.171449864854356,0,0,STON/O 493255,31.00227230016261,D178,C
9252,1,2,"Collins, Mrs. Mary",female,46.7533301359793,0,0,A/5 782086,44.52572061974976,C141,S
9253,0,2,"Smith, Miss. Carol",male,32.73273439755056,1,0,STON/O 850551,116.03564649562101,,S
9254,0,3,"Navarro, Mrs. Steven",male,33.95063074701275,0,0,48698,81.64367682388254,,S
9255,1,1,"Roman, Dr. Jennifer",female,40.73926548949217,2,0,SOTON/O 651101,22.25325826739944,B151,C
9256,0,2,"Bowman, Master. Sarah",female,47.69101026516126,0,1,40924,73.0474175582557,,C
9257,0,3,"Farrell, Dr. Kelly",male,29.677720221897165,0,0,W.E.P. 360731,89.38578005333923,,S
9258,0,1,"Zimmerman, Master. Daniel",female,46.47172286659297,1,0,91265,36.942533411231686,E20,S
9259,1,1,"Campbell, Miss. Cindy",male,37.729907697984984,1,1,CA 912132,17.551851133279996,F120,C
9260,0,1,"Lynch, Miss. Jennifer",female,20.821846521688016,0,0,59148,143.29844413320475,E55,S
9261,0,2,"Reyes, Dr. Susan",female,26.73466138964084,2,0,CA 279291,163.84188422151254,,S
9262,0,3,"Jacobs, Mrs. James",male,38.63441632757908,1,0,A/5 462675,12.718245271034093,C35,S
9263,1,1,"Beard, Miss. Steven",male,20.076453300585463,0,0,29468,76.87123933855435,,S
9264,1,1,"Smith, Master. Stefanie",male,42.410427429910335,0,0,CA 624698,2.132571815882776,,S
9265,1,3,"Rasmussen, Master. Rachel",male,32.214569011860895,0,1,87000,0.11947482846109592,,S
9266,0,3,"Oneal, Dr. Noah",male,35.342655347397454,1,0,PC 475961,21.660313522534334,,S
9267,0,1,"Maynard, Dr. Stacey",female,50.167074529702134,0,0,87248,31.044902473203056,,C
9268,0,3,"Leach, Mrs. Ronald",male,34.991936286066775,1,0,95612,39.519982820754535,,S
9269,0,3,"Clark, Mrs. Cindy",male,30.999765954814382,0,0,51315,23.76202704327919,E125,S
9270,0,3,"Todd, Dr. Rachel",female,28.843761516486286,2,0,STON/O 614800,6.894065169346147,,S
9271,0,3,"Perkins, Mr. Richard",male,28.11480256306961,1,0,W.E.P. 344009,21.140090943284,,C
9272,0,3,"Nielsen, Mr. Russell",male,34.3721910988505,0,0,43374,86.24967585867226,,S
9273,1,1,"Richmond, Master. Christopher",male,49.086521777629805,0,0,31407,20.451820547505886,,S
9274,0,1,"Gonzalez, Mrs. Jessica",male,21.435132355321635,1,0,11699,44.861626731231695,,S
9275,1,2,"Larson, Mr. Sarah",male,20.375600058606516,1,0,CA 904100,57.10888176080889,B172,S
9276,0,2,"Odom, Mrs. Cody",female,47.99055853277241,1,0,68404,65.91999178823698,B49,S
9277,0,3,"Tate, Master. Hannah",male,22.073942841980248,1,1,W.E.P. 654358,33.47026858228877,D144,S
9278,0,3,"Martin, Miss. James",female,33.02532812893786,1,0,STON/O 940513,6.717282066813021,,S
9279,0,1,"Mitchell, Dr. Sharon",female,21.71483549257788,0,0,W.E.P. 295070,115.38401695110609,D101,C
9280,0,2,"Smith, Mrs. Rhonda",male,6.487217583009574,0,0,66959,15.076127536317237,,S
9281,0,2,"Richardson, Master. David",male,32.77515270608746,0,0,54465,20.69673541348524,,C
9282,1,3,"Keller, Mr. Kelly",male,45.612350516364714,0,3,CA 319611,74.31199108964547,G63,S
9283,1,3,"Jones, Master. Nathan",female,29.131232074901853,2,0,61875,72.0953888746205,B181,S
9284,0,3,"Silva, Mrs. Brian",male,9.256780114412809,1,0,78596,113.35408975574639,G158,C
9285,1,3,"Allen, Master. Jason",male,31.526988162705816,2,1,49725,1.716539183452874,F83,S
9286,1,3,"Johnson, Dr. Daniel",male,19.416680558964508,0,0,86955,103.77671894562492,B159,S
9287,0,3,"Delgado, Master. Michael",female,0.42,0,0,68955,78.56508991056258,,S
9288,1,1,"Briggs, Master. Ronald",male,28.867627895870434,0,0,STON/O 848196,37.23200228089895,C85,S
9289,0,3,"Sanchez, Dr. Jasmine",female,37.24757871443246,1,0,69700,8.687074617507653,,S
9290,0,3,"Perez, Master. Kayla",male,46.48787669384683,0,0,61443,39.37220133758949,,S
9291,0,3,"Cook, Mrs. Victor",male,54.59596635946997,3,0,15262,10.780063601397403,,S
9292,0,3,"Clark, Mr. Stephanie",male,39.11309948341113,0,0,SC/Paris 273459,167.5590799537691,,S
9293,0,3,"Bernard, Mr. Patrick",female,43.069943720478314,0,0,56089,61.68937943295567,D11,C
9294,0,3,"Buckley, Mr. Mary",female,12.016083698907067,1,0,14745,45.34624970211316,,S
9295,1,3,"Lopez, Dr. Joel",male,52.70556122164756,0,1,82834,83.92965153038014,,S
9296,1,1,"Mann, Dr. Jeffrey",female,47.74304254200171,1,1,W.E.P. 701110,38.01215126533741,,S
9297,1,3,"Harrington, Dr. Christina",male,24.860383210468676,0,0,77430,3.1075929218587617,G64,Q
9298,1,3,"Martinez, Mrs. Donald",male,39.5432417540298,1,0,41994,14.989728445269485,,S
9299,1,2,"Reid, Miss. Michael",male,38.13495456828054,1,0,51537,200.0087109314696,,S
9300,0,3,"Lee, Mrs. Christopher",male,50.58298914770551,0,0,24251,95.1277316430298,,S
9301,0,3,"Edwards, Mr. Tammy",male,27.884491189761622,0,0,21893,131.17040016529523,,S
9302,0,3,"Davis, Mr. Gregory",male,19.55274307219984,0,0,W.E.P. 808022,5.147671381609844,,Q
9303,1,3,"Moses, Miss. Paul",male,23.140022824741187,3,0,SOTON/O 493490,14.250839345695205,,S
9304,0,2,"Olson, Dr. Raven",male,42.55514376709414,0,0,A/5 409969,3.266432092562508,,C
9305,1,3,"Carey, Mr. Andre",male,3.121814258007319,0,1,W.E.P. 786971,86.34477735484339,C154,S
9306,0,3,"Hudson, Mrs. Jerry",male,0.42,0,0,90632,9.551994472413226,G59,S
9307,0,2,"Williams, Master. Susan",male,42.519486097551706,0,0,PC 227117,26.386106442063813,C163,S
9308,1,1,"Anderson, Miss. Debbie",male,33.84727649817419,0,0,W.E.P. 215829,15.701439683452046,,C
9309,0,3,"Michael, Master. Ebony",female,30.258486708244483,0,0,W.E.P. 184496,133.21898863268916,,S
9310,0,3,"Brady, Miss. Tiffany",male,11.722347208161612,0,0,PC 369382,46.87319033292487,D107,S
9311,0,3,"Hardy, Miss. Alexander",male,6.06154329566597,2,0,CA 857617,80.34812357898339,,S
9312,0,3,"Bennett, Mrs. Kristin",female,21.1165928310254,0,0,SC/Paris 439844,46.082895442970134,,S
9313,1,1,"Long, Mr. Christian",male,35.063731391175544,1,0,54401,47.408518525053445,,C
9314,0,2,"Wallace, Dr. Brandon",male,21.799420021259127,0,0,41197,24.13727732708362,,S
9315,0,2,"Nolan, Mr. Sharon",female,42.60140280338831,1,1,SOTON/O 213201,13.65611647513055,,S
9316,0,3,"Rodriguez, Master. David",male,16.643169211715914,1,1,STON/O 940484,21.415220024911395,,C
9317,1,1,"Holmes, Mr. Nancy",male,22.729168975765823,0,0,PC 697308,17.46795367421301,B161,C
9318,0,3,"Stewart, Master. Michael",male,39.84481476558117,0,0,81800,58.757323544674556,,S
9319,1,3,"Johnson, Dr. Charlene",male,24.723189769216074,2,1,81205,27.457902091304014,B165,S
9320,1,3,"Mueller, Dr. Lisa",male,25.417100555483653,1,1,STON/O 695992,39.9435911275561,,S
9321,0,3,"Jackson, Miss. Andrew",female,20.991161648916624,0,0,CA 488299,73.68889086782103,,S
9322,1,3,"Meadows, Mr. Donald",female,18.394829628760128,1,0,A/5 644216,15.500140015353193,,Q
9323,0,2,"Ramos, Mrs. Justin",male,34.95848295454694,0,0,69756,27.551975673811064,,S
9324,0,1,"Gillespie, Mrs. Mark",female,36.77188812502475,0,0,68623,36.64507087377571,,S
9325,0,1,"Hanson, Dr. Wayne",male,33.180078125717955,0,0,79331,2.765444775134166,D32,S
9326,1,3,"Burke, Dr. Edward",male,21.373429522251826,2,0,SOTON/O 160799,8.25473898498995,,S
9327,1,1,"Sims, Master. Mark",male,27.17911340121278,0,0,PC 235548,3.280854854769037,E102,S
9328,0,3,"Patel, Mr. Jeffery",male,52.34308696789647,1,1,CA 788087,69.76811620101957,,S
9329,0,1,"Butler, Master. Jessica",female,10.104832720606062,0,0,60641,17.827211159546167,,Q
9330,1,2,"Vega, Miss. Catherine",male,56.402477926000955,0,0,A/5 873451,27.460435143286745,C53,C
9331,1,1,"Humphrey, Mr. Bryce",female,31.396077845645657,0,0,64621,55.78656639246836,,S
9332,1,3,"Byrd, Dr. Roger",male,27.478230540328944,0,0,CA 319487,169.7650438064198,F90,C
9333,0,3,"Duke, Dr. Carlos",male,43.34729674322348,0,0,CA 877480,83.31247964485937,B185,S
9334,1,3,"Jarvis, Mr. Theresa",male,1.0582750331828485,1,0,CA 957775,2.976864159299981,F14,S
9335,0,3,"Reynolds, Miss. Christopher",female,49.32447404411651,0,0,SOTON/O 189899,18.24499989001456,,S
9336,0,3,"Durham, Master. James",male,56.00816160527734,0,2,45279,2.516120000942096,E5,S
9337,1,3,"Perez, Miss. Melissa",male,45.231620144427396,0,1,79268,3.1825892583947364,,S
9338,1,3,"Johnson, Mrs. Katie",male,0.5680048352499654,0,1,W.E.P. 676051,6.817111907373295,,S
9339,0,3,"Hendrix, Mr. Jose",female,40.69834916920675,1,1,STON/O 381728,19.362732214130464,F130,C
9340,0,3,"Carroll, Dr. Mary",female,53.04397981226157,1,1,14549,13.165682302909316,,S
9341,1,3,"Escobar, Mrs. Katherine",male,51.59848302830058,0,0,SC/Paris 839346,21.706710708133873,,S
9342,0,3,"Thomas, Miss. Peggy",female,10.28675053883049,1,0,CA 198389,86.30139636783606,D57,S
9343,1,3,"Ferguson, Miss. Robert",male,44.22899564244209,0,0,17983,79.89633749106858,B196,S
9344,1,3,"Dixon, Dr. Brianna",male,55.13798563890806,0,0,PC 831492,21.596015604451775,,S
9345,0,1,"English, Mrs. George",male,30.41252006104427,3,0,37768,53.91420235915811,,S
9346,1,3,"Browning, Miss. Shelby",male,9.662182880943913,2,0,48954,23.313624188810888,,Q
9347,1,1,"Snyder, Master. Shirley",male,41.60113629814907,2,0,SC/Paris 210975,24.3845180448716,,S
9348,1,3,"Martin, Master. Robert",female,44.7540115611245,0,0,A/5 338050,56.3077695165652,,S
9349,1,3,"Sherman, Master. Eric",male,28.051085699437365,0,0,W.E.P. 602029,24.251533434052337,C143,S
9350,1,3,"Walker, Mrs. Shari",female,13.32987161790646,1,2,82766,39.843204139358996,,S
9351,0,1,"Stephens, Dr. Courtney",female,43.746209176506284,0,0,81982,6.121150198777845,,S
9352,0,1,"Hill, Mr. Stephen",female,19.236675881295387,0,0,36581,38.697606637483325,E4,Q
9353,1,1,"Patterson, Master. Kaitlyn",male,35.56285417154419,2,1,14264,67.73967986297804,,C
9354,0,2,"Davis, Dr. Patricia",male,51.81432897018124,0,0,SOTON/O 195651,109.62897383527729,,S
9355,0,3,"Delgado, Miss. Samantha",male,6.776826642671725,1,0,68720,7.9649557133654225,,S
9356,1,3,"Orozco, Mr. Scott",female,42.708695971569554,0,2,77716,26.441916764120233,,C
9357,1,3,"Fisher, Miss. Cheryl",male,27.107851575522794,1,1,SOTON/O 728124,33.29455387844747,B183,S
9358,0,3,"Klein, Mrs. Jerry",male,27.47085402421595,1,0,58683,117.5950738065865,,S
9359,1,2,"Harvey, Mrs. Robin",female,37.20043008345958,0,0,22598,14.880452955157363,F42,S
9360,1,1,"Massey, Mrs. Grace",female,19.200623560201798,0,0,STON/O 412643,9.055894121639433,F190,S
9361,0,1,"Washington, Dr. Erica",male,13.549732082999,0,0,A/5 825308,7.6278933187199405,,Q
9362,1,3,"Reed, Miss. Rebecca",male,5.021273191570511,1,0,SC/Paris 207186,8.413807989399547,,Q
9363,0,3,"Weiss, Mrs. Kevin",male,47.244677931869006,1,0,STON/O 391504,101.82834761052781,F60,S
9364,0,3,"Morrison, Mrs. Angelica",female,24.79658940847451,2,0,18103,48.35384277009149,,S
9365,0,2,"Morales, Mrs. Stephen",male,37.979165773003125,0,1,PC 153277,27.299130614614548,D155,Q
9366,0,2,"Perez, Miss. Michael",male,23.20955095165683,0,1,W.E.P. 271265,100.7718725539817,,S
9367,0,3,"Gibson, Mrs. Laura",male,13.735352952750617,0,0,W.E.P. 590649,17.693140094550138,,S
9368,1,1,"Jones, Mr. Deanna",male,39.132376539147955,1,0,19485,131.45751357904118,,S
9369,1,3,"Buckley, Miss. Amber",male,34.59147603214751,0,0,99534,71.11823508598339,,S
9370,0,2,"Parker, Mrs. Nicholas",female,26.683411844176035,2,0,PC 564022,1.0397049418917423,,S
9371,1,1,"Cooper, Miss. Joseph",female,34.226544888180555,1,0,95910,31.053717678375115,C72,S
9372,0,3,"Morton, Master. Travis",male,16.553216212583955,0,0,27384,92.40599868614171,,Q
9373,0,2,"Miller, Mr. Sara",male,44.84839684377436,0,0,SC/Paris 619201,25.221006721270005,F1,C
9374,1,3,"Moore, Miss. Anna",male,48.09352493948265,0,0,53269,217.69615602010788,,S
9375,0,3,"Fletcher, Mr. Angela",male,40.630263998716885,0,0,83859,93.7305865861182,,S
9376,0,3,"Coleman, Dr. Anna",male,24.79219937268862,0,1,SOTON/O 497001,69.92869298168726,E85,C
9377,1,3,"Gilbert, Mrs. Diana",male,30.83085512556773,0,1,SC/Paris 246682,7.280639846567319,,Q
9378,0,3,"Johnson, Dr. Valerie",female,51.96371027388668,0,1,14583,5.7069709054258295,E99,S
9379,1,2,"Sims, Dr. Jacob",male,47.936327046556485,0,1,CA 957450,51.24804424001367,,Q
9380,0,3,"Bradley, Dr. Jeremy",female,57.91416726712215,2,2,SOTON/O 376154,54.150526141086054,F163,C
9381,0,3,"Blake, Miss. Christine",female,19.072736053615564,0,0,66230,7.980159120363808,E157,S
9382,0,1,"Castro, Mr. Jose",female,17.817028024180146,1,0,11843,96.19553790146658,,S
9383,0,3,"Gray, Mrs. Yvonne",female,31.88118402614953,1,0,CA 854770,103.46692503539398,,S
9384,0,3,"Bender, Miss. Joseph",female,35.696540602148204,0,0,A/5 147871,26.94340197368804,F16,S
9385,0,3,"Hicks, Mrs. Paul",male,28.007951689166124,1,0,SOTON/O 703243,46.79033480742013,,S
9386,1,3,"Moody, Mr. Dustin",male,24.54441801030432,0,0,92693,35.74262796726887,,S
9387,1,2,"Johnson, Dr. Hannah",male,47.743532559607814,2,0,56915,1.8157023280210582,E176,S
9388,0,3,"Collins, Master. Sarah",female,28.72975073234004,2,0,60360,4.738261810053206,F79,Q
9389,0,2,"Leon, Mrs. Megan",male,12.987040149143464,0,0,CA 704581,75.6555958046164,,S
9390,0,2,"Kim, Miss. Sharon",female,14.604352782902655,0,0,SOTON/O 119881,33.50220423979121,,S
9391,1,3,"Stephens, Dr. Christopher",male,33.45890055186902,0,0,66604,47.19614529135354,,C
9392,1,3,"Weaver, Mrs. Marc",male,72.03713478876362,1,0,CA 417355,47.44934820952541,,Q
9393,0,1,"Brooks, Miss. Amanda",male,16.3367875875675,0,0,82185,23.871132861256914,,S
9394,1,3,"Serrano, Mrs. Thomas",female,25.591763038577163,0,0,W.E.P. 775995,1.492692220102068,G72,S
9395,0,3,"Jacobs, Master. Alexander",male,63.667266853724556,0,0,A/5 617984,77.30195984290644,A197,C
9396,0,3,"Klein, Miss. Audrey",male,23.220069782261433,0,0,50717,31.59696507939555,,S
9397,0,3,"Barker, Miss. Wendy",male,36.37645177779967,0,2,SC/Paris 963800,7.477632695645137,,S
9398,0,3,"Harrison, Miss. Frank",male,56.26275011627723,2,0,SOTON/O 771680,1.0650251221226312,,S
9399,0,2,"Le, Mr. Matthew",male,16.679298467346488,2,0,W.E.P. 280606,0.8838144517976947,,C
9400,0,2,"Poole, Mrs. Nathan",male,25.670356891698148,1,0,CA 196226,1.695793655152352,D153,S
9401,1,3,"Richardson, Mr. Breanna",male,23.218876929116433,0,1,74901,8.422329083137162,D22,S
9402,0,3,"Hayes, Mrs. Michelle",male,8.749464918459317,1,1,74676,13.163526800851292,,S
9403,0,3,"Suarez, Master. Andrew",female,51.97112323964077,0,1,71919,14.194027546870746,,Q
9404,0,3,"Leonard, Mrs. Robert",female,21.80433926142188,0,0,20680,50.001056822324266,,S
9405,0,3,"Koch, Dr. Michelle",male,17.73256053849351,0,0,78417,13.824855451761922,,S
9406,0,2,"Wallace, Master. Richard",male,23.777925567014094,1,0,W.E.P. 734192,56.03633096474495,,C
9407,0,1,"Washington, Miss. Jonathan",male,43.003639672157476,1,0,47775,86.67853847581227,,S
9408,0,2,"Rivas, Miss. Jason",female,31.580509518110333,0,2,70515,24.289553957383102,F89,S
9409,0,3,"Mckinney, Master. Brian",male,18.916671723974908,0,0,A/5 996630,63.355085459591486,,C
9410,0,2,"Beck, Mr. Scott",male,35.72809782881073,2,0,99308,5.497898058710288,E81,C
9411,0,3,"Porter, Miss. Abigail",male,41.376325768480015,2,1,CA 720435,19.869219398123526,,S
9412,1,1,"Miller, Mrs. Miranda",male,29.667295769361402,0,0,CA 621646,57.3855531751574,G11,S
9413,1,3,"Conley, Miss. Juan",male,26.713346995880766,1,0,PC 645734,134.2545697247065,A77,S
9414,0,2,"Kim, Miss. Kayla",female,44.22226313735108,0,0,STON/O 295836,47.79744516988275,,Q
9415,0,3,"Walsh, Mrs. Lynn",male,27.49140654881182,0,0,A/5 954324,22.614995102001917,,Q
9416,0,2,"Watkins, Miss. Blake",male,52.51468108806033,0,0,CA 734510,18.821308418762772,,S
9417,0,2,"Tran, Mrs. Lisa",male,19.393111790735635,0,1,CA 376472,24.841999176653605,,S
9418,0,3,"Juarez, Miss. Jason",female,19.067211479348913,1,0,80139,52.90703029042554,,S
9419,0,1,"Brown, Dr. Theodore",male,17.346845078819157,1,1,STON/O 630322,19.799814058375397,,S
9420,0,3,"Cox, Mrs. Hunter",male,26.656149606340243,0,0,22822,31.743720486494027,G106,S
9421,1,3,"Moody, Miss. Katherine",female,30.03505685912846,0,0,87503,71.14806309855942,,Q
9422,0,3,"Levy, Mr. Tanner",female,11.441097265980602,1,1,STON/O 998116,13.575912827777087,,C
9423,0,3,"Blevins, Dr. Ronnie",male,31.354601750798597,0,0,18378,63.028929168265634,,S
9424,0,1,"Alexander, Dr. Taylor",male,37.91495862200338,0,0,54346,71.6607008855976,,S
9425,1,3,"Simon, Mr. Logan",male,9.483118232897588,0,1,W.E.P. 503560,99.63556387656755,A77,S
9426,1,3,"Wilson, Dr. Sara",female,22.7036000306676,0,0,23773,1.2079757252944079,,C
9427,0,1,"Howard, Mrs. Michael",male,37.94480019996572,1,0,CA 428054,6.038452180869805,,S
9428,1,2,"Mitchell, Dr. Kelly",male,14.748130277737113,1,0,87133,154.8744671908166,,S
9429,0,2,"Thompson, Master. Tara",male,25.57630069321152,0,0,27217,6.721240577811163,D78,S
9430,1,3,"Mills, Miss. Ricky",male,45.23456996507316,0,0,W.E.P. 975504,33.458800592103884,D28,Q
9431,1,3,"Ross, Dr. Rodney",male,55.13255868376426,0,1,SOTON/O 578805,9.133052073139062,,Q
9432,0,1,"Hill, Miss. Jacqueline",female,36.15881295748778,0,0,A/5 495798,83.5358710431434,,S
9433,1,2,"Cervantes, Miss. David",male,27.630453998413408,2,0,10489,5.0741392508795125,,Q
9434,0,2,"Brown, Mrs. Janet",female,22.980427711099814,1,0,29398,4.475278279097367,B171,C
9435,0,3,"Nichols, Mrs. Andrea",male,42.75055738280167,1,1,SC/Paris 902595,35.12990923538106,,S
9436,0,3,"Robles, Dr. Kimberly",female,45.86768958761938,1,0,32267,13.60220511488196,,S
9437,1,2,"Brown, Master. Jill",female,13.809898840352925,1,0,STON/O 726367,54.16985274771153,,S
9438,0,1,"Nixon, Master. Debra",male,42.74597542321506,0,0,70510,57.72701145632134,,S
9439,0,3,"Stone, Mrs. Lauren",male,21.501351775832905,0,0,CA 273485,44.100334121026854,E86,S
9440,1,3,"Rodriguez, Mrs. Christopher",male,17.9662191646686,0,0,W.E.P. 680059,89.97983154450161,,Q
9441,0,3,"Trevino, Mr. Brenda",male,27.84898115029401,0,0,SC/Paris 684580,59.75911960662027,A185,S
9442,0,3,"Holt, Miss. Matthew",male,43.88258539587311,0,0,81538,10.383004565098455,,S
9443,0,1,"Dillon, Miss. Laura",male,34.33167454775541,0,1,W.E.P. 811280,4.082602244844366,,S
9444,0,1,"Wilson, Miss. Scott",female,33.95264330707143,0,0,67368,68.86924191035206,,S
9445,0,1,"Bell, Mr. Andrew",female,34.934183155995534,1,0,CA 178250,67.35782285639938,,S
9446,0,2,"Jimenez, Miss. Barbara",male,36.54721226166505,0,0,80483,94.96373731170024,,S
9447,1,3,"Briggs, Master. Christopher",female,28.40188295462949,0,0,A/5 156674,11.304001202769893,F118,S
9448,1,3,"Campbell, Miss. Larry",female,38.846442715487804,0,0,78735,12.625268501004527,,Q
9449,0,1,"Bradford, Mrs. Justin",male,20.7644492563495,1,0,CA 909387,42.98030931702452,E187,S
9450,0,2,"Marks, Mr. Stephanie",male,39.1141071132374,1,0,67565,8.457592110889724,C160,C
9451,0,2,"Williams, Dr. Kim",male,41.99779486967584,0,0,74644,17.5728436554972,,Q
9452,1,3,"Montes, Mrs. Adrienne",male,39.787912323937704,2,1,83092,83.6803414205344,E87,S
9453,0,2,"Bishop, Mr. Jose",male,40.51440364371738,2,0,30823,20.33921535694338,,S
9454,0,2,"Carlson, Miss. James",male,36.50811896322203,1,0,A/5 579476,0.5696689457433431,,S
9455,1,3,"Mason, Miss. Julie",female,46.4282008147966,0,0,47476,52.60929222046231,,S
9456,0,2,"Hogan, Master. Leslie",male,0.42,1,1,SOTON/O 358920,9.958302429943187,,C
9457,0,1,"Lynch, Miss. Bobby",male,41.95244340591226,0,0,PC 312075,10.8973785667041,,S
9458,1,1,"Johnson, Miss. Barbara",female,57.65640538021026,0,0,71069,0.8333882655808367,E143,C
9459,1,2,"Green, Miss. Megan",female,21.293463350575983,1,1,22454,43.141294391281605,,S
9460,0,1,"Harris, Miss. Matthew",male,19.72778198292495,0,1,11047,41.26587573031667,,S
9461,1,2,"Hernandez, Master. James",female,48.008466181633246,0,1,CA 491952,5.070413140833286,,Q
9462,0,3,"Hall, Master. Peter",male,17.025649247290048,0,0,54395,2.587335059628917,,S
9463,1,3,"Herman, Miss. Jessica",male,20.665859623943664,0,0,SC/Paris 347686,33.749262973164505,D173,S
9464,0,3,"Simpson, Master. Leah",male,32.37927927576915,2,0,52084,76.00052683970611,,S
9465,1,3,"Taylor, Master. Ryan",male,18.81468305785715,0,1,69316,153.6762282357341,,S
9466,1,2,"Weaver, Mrs. Helen",male,42.25034302790983,0,0,STON/O 847556,3.9064024445839647,,S
9467,1,3,"Gilbert, Dr. Mike",male,18.928770288399484,0,0,PC 609236,61.57954372180807,B39,S
9468,1,2,"Hodges, Dr. Andrew",male,35.04886686789353,1,0,CA 978162,10.625449887832115,,Q
9469,0,2,"Lewis, Dr. Matthew",female,33.98275448195108,0,1,89314,1.7283207178062001,C27,S
9470,0,2,"Simmons, Master. Todd",male,53.29443301371858,0,2,58570,20.381225586791214,F54,S
9471,0,1,"Lane, Dr. Debra",male,46.3142261281402,1,0,PC 769404,42.65186961069785,G86,S
9472,1,3,"Wood, Mrs. Leon",female,22.586614419648846,0,1,45518,45.98382469145311,C134,S
9473,1,1,"Foster, Dr. Heather",male,12.29710630938856,1,0,STON/O 885115,2.5226783886896134,,S
9474,0,2,"Collins, Miss. Joseph",male,41.7315637876841,1,0,A/5 698226,131.4137690106598,,S
9475,1,2,"Adams, Master. Michael",male,20.852528313453426,0,0,82231,2.806747848811535,A37,S
9476,1,1,"Howell, Miss. Mary",female,25.300525669347483,0,0,SOTON/O 585656,12.243382974739013,G157,S
9477,1,1,"Mathews, Mr. Angela",female,15.162412339109094,0,0,13189,28.32613728536952,,S
9478,1,1,"Caldwell, Master. Paul",female,39.506167031015664,2,2,A/5 106088,145.6176872938588,C196,Q
9479,0,2,"Carpenter, Miss. Ryan",male,20.949096369874887,0,0,61604,236.83498726155938,E148,S
9480,0,3,"Boyle, Mr. Robert",female,29.50941636376096,0,0,A/5 136994,0.017591512931424993,,S
9481,0,2,"Mcdonald, Mrs. David",male,29.726957077505478,0,0,41407,12.713379034463939,,S
9482,0,1,"Thompson, Miss. Denise",male,32.56984867879475,2,1,A/5 922948,34.79259538457789,E164,S
9483,0,3,"Nunez, Dr. Mark",male,39.26293902407507,0,2,STON/O 409326,59.27319190044141,,C
9484,1,3,"Vasquez, Mrs. Sara",female,26.600514793480905,1,0,A/5 417667,53.46426809013442,,Q
9485,1,1,"Williams, Mrs. Crystal",male,19.620013853588404,0,0,72294,14.484928786838505,,S
9486,1,2,"Hoffman, Mr. Troy",male,3.966375127423749,0,0,A/5 668280,11.002019142652333,,S
9487,0,3,"Hale, Miss. James",female,31.436814811147382,0,1,W.E.P. 659376,0.7188376502742118,C155,S
9488,0,1,"Moore, Dr. David",female,27.8020134313476,0,0,W.E.P. 868106,92.53087162695407,E37,Q
9489,0,3,"Garcia, Master. Alice",male,20.05338037830611,0,1,63991,23.80486986149604,G164,S
9490,0,1,"Smith, Master. Melanie",male,30.875734470135505,0,0,PC 262860,99.88046811495059,,S
9491,0,3,"Guerrero, Miss. Matthew",female,41.9837574166084,0,0,88640,19.55636543095395,,S
9492,0,3,"James, Miss. Geoffrey",female,45.56643318926051,0,0,W.E.P. 667440,70.53648192912222,,Q
9493,0,3,"Bennett, Mr. Teresa",male,8.50807614205852,0,1,94243,3.6103153973238418,F27,Q
9494,0,2,"Garcia, Master. Tami",male,24.94794178578531,0,0,PC 649819,83.41715042455425,G87,C
9495,1,2,"Powell, Dr. Donald",male,43.45435297357798,0,0,A/5 598889,110.82603528778927,,C
9496,0,2,"Jackson, Dr. Kendra",male,52.34457448332233,0,0,PC 889100,15.386099574906135,D19,S
9497,0,3,"Baker, Dr. Kathleen",male,18.55830885578216,1,1,39712,7.649689649965221,,S
9498,0,3,"Baker, Mr. Hunter",male,49.29652100925608,0,0,A/5 261373,10.916809453043841,,S
9499,1,2,"Cruz, Dr. Brenda",male,11.098652048715337,0,0,STON/O 267946,101.16615398000508,,C
9500,0,3,"Jones, Dr. Erica",male,46.07598388367923,1,0,33258,16.858025569085473,,S
9501,0,1,"Taylor, Master. Lisa",female,26.055411349125215,0,0,A/5 808416,13.156270109206039,B184,S
9502,1,2,"Brown, Dr. Heather",male,51.879525719012506,1,0,19450,192.88398964833954,,C
9503,0,3,"Cowan, Miss. Lisa",male,23.503562972425886,2,0,A/5 262926,55.43481516863169,B96,C
9504,1,2,"Hernandez, Miss. Jennifer",female,25.661529825355256,0,1,A/5 893734,89.25658694540415,,S
9505,0,2,"Allen, Mrs. Johnny",male,28.132503191146128,0,0,W.E.P. 560360,68.72908289549272,,Q
9506,0,1,"Lewis, Mr. Gina",male,8.481297833879491,1,0,W.E.P. 184614,23.42133670264161,,Q
9507,0,3,"Carr, Master. Mary",male,5.32538260937876,0,0,PC 162073,99.29624287500518,,C
9508,0,3,"Fernandez, Mrs. Connor",female,37.142158702569965,0,1,STON/O 130714,44.3571186421992,,S
9509,0,3,"Roberts, Mrs. Theodore",female,43.838472862947,0,0,94849,53.55908804047361,,C
9510,0,3,"Williams, Mr. Robert",male,38.50608503977544,0,1,89741,19.732049829765167,,C
9511,0,3,"Bennett, Mr. Brian",female,12.44434140150068,0,1,CA 814733,198.59895526141818,,C
9512,0,2,"Snyder, Mrs. Brittany",male,36.72264243100859,0,0,17461,96.4139806090136,,C
9513,0,3,"Arnold, Dr. Jessica",female,16.137144368148142,0,0,73135,8.015153647396971,C189,C
9514,1,3,"Farrell, Miss. Marissa",female,35.70713791513131,1,0,W.E.P. 566616,11.400087884245265,,S
9515,1,3,"Case, Mrs. Hector",male,45.838188032834125,0,0,CA 681117,69.0322579861205,,Q
9516,0,3,"Ferguson, Mr. Kevin",female,35.14453594669026,1,0,80094,1.3044573553496985,,C
9517,0,3,"Williams, Mrs. Steven",male,50.55947463138705,0,0,62805,20.432290030104745,,C
9518,1,1,"Jacobson, Miss. Emily",male,27.90017540106157,1,0,63388,38.01977856079721,A64,C
9519,0,1,"Mccall, Master. Joseph",female,26.96690950173889,0,0,35722,11.465067044501284,C118,S
9520,0,3,"Meyers, Miss. Heather",male,30.94291816893093,1,1,A/5 661381,103.23794402102897,,S
9521,0,3,"Williams, Master. Nicole",male,11.203024826817618,1,0,W.E.P. 529533,110.03219012656737,,S
9522,0,3,"Rice, Mr. Darryl",female,24.35868494136035,1,0,CA 512303,157.14917885750486,C27,S
9523,1,2,"Zavala, Master. Carrie",female,25.58813562363909,0,0,PC 221096,7.910580996602652,,C
9524,1,2,"Kent, Dr. Pamela",female,26.024000793983667,1,0,CA 226378,4.130374799749732,B58,C
9525,0,3,"King, Mrs. Melissa",male,33.75607634028778,1,0,76187,40.607179801709336,,S
9526,0,3,"Parker, Mrs. Beth",male,9.275392322473927,0,0,81932,78.61503841031183,,Q
9527,1,3,"Mccann, Dr. Krystal",female,13.96140422595299,1,0,23790,17.199099596027178,,S
9528,0,2,"Miranda, Miss. Michael",male,45.8489743529386,0,0,SC/Paris 362377,13.785802093629432,,S
9529,1,3,"Carson, Mr. Andre",female,1.898524863106669,0,1,77596,36.461600789215815,,S
9530,1,3,"Barber, Dr. Christopher",female,38.62919496421981,1,0,STON/O 232344,32.894402573538045,,C
9531,0,3,"Jones, Mrs. Autumn",female,24.770164468832434,1,0,32051,32.653074496585134,,S
9532,1,1,"Sullivan, Master. Regina",male,32.24171474328833,0,0,28141,25.98297618698916,C13,S
9533,0,2,"Sanders, Miss. Joel",male,51.81338299467515,1,1,59426,64.92471456796495,G60,S
9534,1,3,"Campbell, Miss. James",female,28.16344099788548,0,0,46833,47.68544867457073,E40,C
9535,0,1,"Campbell, Dr. Ashley",male,38.75543207708077,0,1,12204,33.45349736038064,,S
9536,0,3,"Tyler, Mrs. Caroline",female,30.819937547546818,0,0,PC 742340,63.773528856315934,E157,C
9537,1,3,"Morgan, Mrs. Zachary",female,28.468733623453733,1,0,73560,15.169986921945034,C96,Q
9538,1,3,"Hammond, Mr. Joseph",male,26.735545830234923,0,1,29228,111.20569281478248,G55,S
9539,0,2,"Long, Mr. Monique",female,39.814816879087175,0,0,76102,24.23902707344814,,Q
9540,0,1,"Moran, Dr. Mary",male,19.75757387430123,2,0,SC/Paris 207852,19.844549037441364,,C
9541,0,3,"Salazar, Dr. John",male,14.151675360282315,0,0,W.E.P. 226552,39.07433049265965,,C
9542,0,3,"Howe, Mrs. Jennifer",male,31.042649628035225,0,0,CA 420466,15.763586619514932,,S
9543,0,1,"Robertson, Dr. Victoria",female,32.69897605023893,0,0,SOTON/O 784541,15.649322186870174,,C
9544,0,1,"Vance, Miss. Amber",male,4.461785684414558,0,0,A/5 541078,4.053704940296107,,S
9545,0,3,"Green, Master. Christian",male,29.85317599945071,0,0,48820,52.768883853214696,,S
9546,0,1,"Padilla, Mrs. Rhonda",male,12.823723102996848,2,0,48326,121.93763481027058,E77,S
9547,0,3,"Leblanc, Miss. Michael",male,38.77580350426948,0,0,SC/Paris 378680,57.800983475775325,E69,S
9548,0,2,"Rios, Master. Kurt",male,4.748412017447137,0,0,99793,41.936105713655586,,S
9549,0,3,"Lawrence, Mrs. Lauren",male,56.951061618083244,0,0,SOTON/O 377777,62.203055906093184,,S
9550,1,3,"Davis, Mrs. Eugene",female,25.265222167098415,1,1,89307,169.73717878855913,,C
9551,0,3,"Smith, Mrs. Ashley",male,17.890532721177628,1,0,A/5 646551,20.510849686644153,,S
9552,1,1,"Ross, Miss. Madeline",male,26.038385554845295,1,0,STON/O 793511,28.166557869969168,F153,S
9553,1,3,"English, Mrs. Greg",male,37.78779202087448,0,0,PC 527857,16.85891381643291,,S
9554,1,2,"Liu, Dr. Andrew",female,42.46658124928912,2,1,40606,0.8431216362410633,,S
9555,1,3,"Pratt, Dr. Rodney",male,26.159641659652284,0,0,73902,21.341578829139195,,S
9556,1,3,"Evans, Miss. Jessica",female,9.858334192629336,0,0,SC/Paris 998677,3.7154679516021463,F196,S
9557,0,3,"Saunders, Miss. Christopher",female,13.02784012928947,0,0,44134,97.73701853463544,A13,C
9558,0,1,"White, Mrs. Tammy",female,34.00942778237043,0,0,SC/Paris 528867,62.870295425673795,,S
9559,1,3,"Whitney, Dr. Debbie",female,43.822579813146326,1,0,STON/O 327464,18.122537393636726,,S
9560,0,2,"Hinton, Mrs. Timothy",male,45.644653522177656,1,0,20803,19.87072954294356,,S
9561,1,2,"Porter, Master. Mary",female,32.353296055750945,0,0,93970,42.152393844651684,,C
9562,0,1,"Mills, Mrs. Corey",male,43.54219392653992,0,0,42257,79.9822800581658,,S
9563,1,1,"Medina, Dr. Kathy",female,56.772889046288014,0,1,70732,63.41797501647988,,S
9564,0,1,"Anderson, Miss. Craig",female,46.66486797830809,1,1,44442,1.462076214412455,A29,Q
9565,0,2,"Butler, Master. Michelle",female,42.9085306196612,0,0,38308,76.92475699583699,F140,C
9566,0,3,"Williams, Dr. Hailey",male,18.70819943670802,1,0,W.E.P. 323138,106.57204299225145,,S
9567,1,2,"Ramirez, Miss. Gregory",male,43.476674685992045,0,1,W.E.P. 215037,4.709479844129924,,S
9568,1,3,"Myers, Mr. Amy",male,36.45725469044246,0,0,A/5 950958,73.49678483331373,,S
9569,0,1,"Bradford, Master. Kyle",male,39.10903879713994,2,0,A/5 486186,14.499509044384437,,S
9570,1,3,"Carlson, Mrs. Annette",male,47.65548790522317,1,0,SC/Paris 765922,9.54037669226621,C87,S
9571,0,3,"Martin, Miss. Andrew",male,35.01980987715467,0,0,74434,39.24958734004207,,Q
9572,0,3,"Gonzalez, Mrs. Jason",female,28.564351370739516,2,0,10443,40.223144807814045,,S
9573,0,3,"Hood, Mrs. Stephen",male,15.02187869274712,0,0,W.E.P. 941743,31.82670453441052,A12,S
9574,0,3,"Cantu, Miss. Juan",male,25.848771552965452,0,0,32434,116.03906919881608,,S
9575,0,3,"Thompson, Mr. Garrett",male,32.97993174027758,0,0,10121,13.828244158434746,,S
9576,0,1,"Riley, Master. Erin",female,33.8866707625554,0,0,PC 594475,46.13352171397159,,S
9577,1,3,"Nixon, Mr. Adam",female,33.414268181384536,0,1,76649,26.370385216471504,G175,S
9578,1,1,"Jenkins, Dr. Selena",male,43.43313803665461,1,0,W.E.P. 911201,103.48604615493164,A137,C
9579,0,2,"Hernandez, Mr. Justin",male,42.1151058030397,0,0,82986,7.125155350336372,,C
9580,0,1,"Downs, Mr. Eric",male,29.13076461960764,1,0,39251,4.327770992287669,,Q
9581,0,3,"Stevenson, Mr. Andrew",female,18.138330495616728,0,0,W.E.P. 557791,246.40807921068966,,S
9582,0,3,"Robles, Mrs. Michael",male,35.367011114886004,1,0,47497,43.04322838914888,,S
9583,0,3,"Weaver, Mrs. Curtis",male,61.44872566661637,0,0,CA 850948,121.48784762146494,G194,C
9584,0,3,"Bruce, Miss. William",male,34.49739885390662,1,0,39116,26.230774133492996,D75,S
9585,1,1,"Reed, Mrs. Carlos",male,25.857064666774924,1,0,29242,46.35435066716284,,S
9586,1,3,"Rose, Miss. Elizabeth",female,37.50170613454025,0,0,38245,59.223191780300034,D6,C
9587,0,3,"Orr, Mr. Sara",male,38.340307622657825,0,1,PC 631347,213.84000747577986,D54,C
9588,0,3,"Anderson, Mrs. Katie",male,38.185108405680865,1,0,STON/O 176689,5.980776716700844,,C
9589,0,3,"Wiley, Mrs. Joseph",male,49.22032273063981,1,0,26848,6.664045984086664,D180,S
9590,1,3,"Graves, Dr. Stephen",female,35.40530139734859,1,1,A/5 219229,37.033273754714116,,S
9591,0,3,"Sanchez, Master. Melissa",male,48.555771295744876,0,0,88207,2.8708735281450086,,S
9592,0,1,"Jones, Master. Melvin",female,33.22327759232515,0,1,95485,65.00212447294471,,S
9593,1,1,"Davis, Mr. Shelly",male,51.17497574512423,0,0,W.E.P. 520153,234.18635837970413,,S
9594,0,1,"Perez, Mr. Kevin",female,46.89429274035446,0,0,STON/O 572452,83.41583151053695,F61,S
9595,0,2,"Maldonado, Master. James",female,42.90519176174061,1,0,SOTON/O 868568,15.449292004999931,,S
9596,0,3,"Rodriguez, Miss. Brittany",male,41.048600300680604,0,1,SOTON/O 499194,80.36235117898522,,S
9597,0,3,"Hernandez, Miss. Amanda",male,62.22124747898585,1,0,30948,49.42644697626597,,Q
9598,0,2,"Bullock, Master. Marisa",male,45.07264624133005,0,1,99683,6.358711519852861,,S
9599,0,3,"Lopez, Dr. Ashley",female,18.10956193525683,0,0,69404,41.7267995825797,,C
9600,0,3,"Martin, Mrs. James",male,33.44260772055649,0,0,CA 878629,113.54298647701242,C16,S
9601,0,1,"Rogers, Dr. Nicole",male,26.293965244818335,2,0,CA 534292,17.11908873636512,,S
9602,1,1,"Mitchell, Dr. Tina",male,58.9026684351713,0,0,STON/O 985014,53.80940741694962,,S
9603,0,3,"Coleman, Dr. Derrick",male,47.520125834336405,0,1,PC 800334,2.1226626655324243,C163,S
9604,0,3,"Sanchez, Mrs. Robin",male,58.4473143446952,0,0,STON/O 676003,89.85326680411917,,C
9605,1,3,"Erickson, Miss. Sheri",female,19.360076604713047,0,2,CA 775807,11.529646237693008,,S
9606,1,2,"Clements, Miss. Stephen",female,45.423445499699476,0,0,STON/O 781704,46.90448515444814,E125,S
9607,1,3,"Stanley, Miss. Marissa",male,10.896594237495549,1,1,W.E.P. 187084,37.137194894981974,,S
9608,0,2,"Whitehead, Dr. Janet",male,7.710147322068245,0,0,43673,39.7180721773602,F25,S
9609,0,3,"Contreras, Mr. Elizabeth",female,24.442614145362683,0,0,PC 367578,14.633845488906541,D190,Q
9610,1,3,"Hill, Dr. Matthew",female,51.17325192493987,0,0,CA 482485,40.94822077659972,,S
9611,1,1,"Faulkner, Mr. Beth",male,16.103389426645233,0,0,PC 774899,46.15964448058661,,S
9612,0,1,"Bailey, Mrs. Taylor",male,29.76463414447459,1,0,SOTON/O 477539,27.70899056314611,D164,S
9613,1,1,"Shepard, Master. Madeline",male,46.643800154882406,0,0,SC/Paris 447160,50.15415846227036,,S
9614,0,2,"Hall, Dr. Rita",female,41.849784256230244,0,0,90079,10.633295790200496,,S
9615,1,3,"Ray, Miss. Ross",male,61.026612101980035,0,0,30182,35.93302061003828,,S
9616,1,1,"Brown, Mr. Peter",male,30.04720789093805,0,0,78261,63.080373801129554,,S
9617,1,3,"Andrews, Miss. Patricia",male,23.817186375170653,0,1,51645,22.942971627498725,,C
9618,1,2,"King, Dr. Thomas",male,14.67726486489432,0,1,42531,26.47887945071321,,S
9619,1,3,"Warner, Mrs. Sarah",male,24.8480008383564,0,0,STON/O 320855,8.968534432893142,,S
9620,0,3,"White, Mrs. Brandon",male,14.549614571397338,1,0,SC/Paris 574608,47.914148977940656,B132,S
9621,0,3,"Hurley, Mr. Amanda",male,4.849766081265397,3,1,48990,6.59202432304806,C12,Q
9622,0,3,"Russo, Miss. Leah",female,57.48749613878923,1,2,SC/Paris 487803,34.7382443806274,,C
9623,0,2,"Boyer, Master. Brandon",male,30.684695189855496,0,1,67945,11.812770183641225,D2,C
9624,1,3,"Ramirez, Mr. Derrick",male,66.2805361972078,1,0,84818,10.7915459485183,A169,S
9625,0,1,"Wilson, Mrs. Joseph",male,18.249961886585226,0,0,PC 492726,5.0368700671404945,,Q
9626,0,2,"Chambers, Mr. Curtis",male,23.99667947814386,0,0,W.E.P. 452097,22.111476445880104,,S
9627,0,1,"Bass, Mrs. Susan",male,19.14483383540053,0,0,W.E.P. 459288,101.02491747413853,G164,S
9628,1,3,"Bryant, Dr. Francisco",female,21.0294150901013,1,0,STON/O 843141,46.4324650246925,,S
9629,0,3,"Walters, Dr. Carol",male,42.23045241893221,2,0,W.E.P. 344054,75.50437333298844,,S
9630,0,3,"Jackson, Dr. William",female,37.92853552770124,1,0,SOTON/O 936817,6.084137457196053,,C
9631,0,2,"West, Mrs. Jacob",female,42.25573195584867,0,0,24885,18.793928228142196,,S
9632,1,1,"Robinson, Dr. Michelle",female,48.791802290127166,0,0,CA 328946,24.601346248870847,C134,S
9633,0,3,"Simmons, Dr. Shawn",female,45.50297061834477,1,0,70279,98.30889312731838,F101,S
9634,1,3,"Rogers, Master. Maria",male,15.881143577812184,1,0,95760,54.59151009166383,,C
9635,0,2,"Ramsey, Master. Danielle",male,22.666540108633626,0,3,78765,33.71415836336273,,C
9636,0,3,"Alvarado, Miss. Julia",female,31.700759341002925,0,0,91142,17.868195617692795,,C
9637,1,1,"Davis, Mr. Stephen",male,80.0,0,0,79766,71.34532266324275,,Q
9638,0,1,"Williams, Master. April",male,40.813601989839256,2,1,50855,109.60751458299534,,S
9639,0,2,"Clark, Mr. Anthony",male,31.493643317695053,0,0,A/5 812861,38.481168874049835,A195,C
9640,0,1,"Lopez, Mr. Linda",male,39.42584610444052,0,0,CA 302347,2.2198844005881226,D186,C
9641,0,2,"Anderson, Mr. Joyce",male,21.556403238248034,1,0,W.E.P. 141406,15.862522556914115,,Q
9642,0,3,"Mckee, Miss. Andrew",female,33.673957154032266,1,0,SOTON/O 553380,68.48303642929918,,S
9643,0,3,"Sanchez, Mr. Bonnie",male,43.365270587341016,0,0,SOTON/O 433557,24.518661421451462,,S
9644,0,3,"Williams, Mrs. Alan",female,29.594060416421225,2,0,23891,49.16393867877686,,Q
9645,0,3,"Richardson, Master. Richard",male,19.408254443339374,0,0,W.E.P. 229746,37.171707176815424,,C
9646,1,3,"Manning, Mrs. John",male,28.90976326248431,2,0,23375,119.14478326846196,,C
9647,1,1,"Haney, Mrs. Ann",male,25.525927479653433,0,0,94282,18.336386717090182,,S
9648,0,3,"Solomon, Mrs. Daniel",male,11.00021612460744,0,0,13863,29.53480209520127,F87,S
9649,0,3,"Cox, Mr. Anthony",male,21.99826975730349,0,1,73753,3.3486614009296667,E95,S
9650,0,1,"Tucker, Mr. Melissa",female,10.50062099137378,0,0,74510,81.72810593931543,,S
9651,0,2,"Butler, Mr. Charles",male,12.684871533055656,0,0,PC 941501,19.71305509583235,G78,Q
9652,0,3,"Green, Dr. Norma",male,14.026777169869423,0,0,78969,63.99483047952928,G65,Q
9653,0,3,"Brewer, Mr. Brandi",male,43.34831817516206,1,1,49054,0.1518092469291686,,S
9654,0,2,"Miller, Master. Colleen",male,50.84831088703301,2,0,23057,101.03345866363121,D188,S
9655,0,3,"King, Mr. April",male,8.494884521464826,0,0,W.E.P. 195122,178.7061880930574,,C
9656,0,3,"Smith, Master. Melissa",male,52.12257132784285,0,1,SC/Paris 307745,31.74021136200701,,C
9657,1,2,"Rodriguez, Master. Sherry",female,14.227681578552353,1,1,STON/O 650162,32.94736899804296,D26,Q
9658,0,3,"Mcfarland, Miss. David",female,40.45632131561301,0,0,A/5 338983,47.903261419778445,,S
9659,1,3,"Newton, Dr. Rebecca",male,33.619819990728274,1,0,CA 787124,184.6674975628511,,S
9660,1,3,"Jones, Mr. Alicia",female,38.90192162597995,0,0,STON/O 539008,40.88787102509911,,C
9661,0,3,"Chapman, Mrs. Juan",male,13.679597260646528,0,1,49692,3.836248615188654,,S
9662,0,1,"West, Mr. Jennifer",female,4.626998042590518,1,0,80658,41.639914894292026,C197,C
9663,0,1,"Sanders, Mr. Laura",female,18.759282258144,0,0,84117,27.15433794722797,,S
9664,0,2,"Owens, Master. Andrew",female,35.9761610994492,0,0,STON/O 209414,71.53516143410606,,C
9665,0,3,"Rodriguez, Miss. Ryan",male,57.396658456802044,0,2,SOTON/O 143623,18.072786346722054,,S
9666,1,3,"Rojas, Mrs. Jessica",male,15.583869632394887,1,0,68942,129.15793725318437,,S
9667,0,3,"Anderson, Mr. Tina",male,28.616275186923655,0,0,65629,80.4908889681193,,Q
9668,0,1,"Anderson, Mrs. Michael",female,19.512891220865335,2,0,W.E.P. 136740,19.768336500773227,,S
9669,1,1,"Tucker, Mrs. Shannon",female,29.758833441131184,0,0,CA 406747,21.692483956086836,A154,S
9670,1,3,"Stein, Master. Suzanne",male,2.9690049455847323,0,1,A/5 362929,36.471574451181155,B21,Q
9671,0,3,"Richardson, Master. Rebecca",female,50.97260669545862,1,0,78457,5.245428900278016,,S
9672,1,3,"Barnes, Miss. Jonathan",female,30.33650509600828,0,1,67921,58.578230809373345,A126,S
9673,0,3,"Larsen, Master. David",male,42.84031929580519,1,0,15669,46.971102296937914,,Q
9674,0,3,"Fuller, Miss. Rebecca",female,26.749171672832492,1,1,92275,19.188052346773468,,Q
9675,0,1,"Harvey, Miss. Suzanne",male,32.66879306577721,0,0,56039,50.811915875524285,,S
9676,0,2,"Bauer, Miss. Mark",male,45.80421489705445,1,1,16932,5.170552833525303,,S
9677,1,3,"Church, Miss. Anthony",male,31.844035523319143,1,2,27887,151.88123045278238,,S
9678,0,3,"Robinson, Miss. Johnny",male,32.34788853761637,1,0,62825,3.465987386014903,,S
9679,0,1,"Miller, Master. Lawrence",female,18.884825403243017,0,2,31185,19.937326863067753,,S
9680,0,3,"Jones, Dr. Lydia",male,22.518070136492604,1,1,48145,176.2247598824581,,S
9681,0,3,"Howell, Mrs. Ryan",male,15.820581070226904,0,0,22284,25.404367192570266,,S
9682,0,2,"Sullivan, Master. Eric",male,19.667753761284686,0,0,37959,108.4033093042617,,S
9683,0,3,"Munoz, Mr. Jaime",male,47.51720754649834,1,0,69695,8.178877321695499,,C
9684,1,3,"Proctor, Dr. Thomas",male,55.320530340099936,1,0,62455,3.4534125695117766,,S
9685,0,1,"Jensen, Master. Harry",male,12.538151615188525,0,0,20504,5.724114792139439,G166,S
9686,0,3,"Wilson, Master. Matthew",male,35.532404990514856,1,0,SOTON/O 514141,178.87138454950372,,S
9687,0,3,"Harris, Mr. Francisco",female,25.552320537193783,1,0,A/5 663954,4.648375408796082,A162,C
9688,0,2,"Tran, Dr. Amber",female,49.55755993402068,2,1,84637,52.73983450524159,,S
9689,0,3,"Wilson, Master. Aaron",male,31.888043054490872,0,0,SC/Paris 252288,29.044484188507173,C83,Q
9690,1,2,"Gonzalez, Dr. April",female,29.895340133627844,0,1,65933,98.59121744352132,D121,C
9691,1,1,"Lambert, Mrs. Monica",female,19.573229629763702,0,0,20357,17.42914806166921,A150,Q
9692,0,1,"Schmidt, Mr. David",female,8.555079452706195,1,0,73187,1.4669240824072316,E36,C
9693,0,1,"Garcia, Master. Jessica",female,40.65313875849283,1,1,38521,69.03552657015395,,Q
9694,1,2,"Munoz, Mr. William",female,34.94170004652021,0,0,SOTON/O 380206,44.42871925215013,E101,S
9695,0,3,"Thomas, Mrs. Jamie",male,35.28421796728601,0,1,93970,28.502521326180624,F131,S
9696,0,1,"Paul, Master. Jasmine",male,21.609420562779626,0,0,A/5 989876,19.505381839804745,,S
9697,0,3,"Holmes, Mr. Donna",female,27.95924176285947,0,0,21985,114.8484610874042,,S
9698,1,3,"Higgins, Miss. Christopher",male,41.07499380559017,0,0,19705,6.494024614982689,A11,Q
9699,0,2,"Hendricks, Mrs. Nathan",female,43.749576816235574,2,0,A/5 736033,7.6199662272664215,,S
9700,1,3,"Anderson, Dr. Michele",male,13.501397377140577,0,0,W.E.P. 998558,0.747000124461008,,Q
9701,1,3,"Avila, Dr. Christina",male,21.133127012980438,2,0,19890,3.7665530477442846,,S
9702,0,3,"Allen, Mr. Keith",male,10.54163209099,1,0,79125,97.34424926776202,D188,S
9703,1,2,"Hebert, Mr. Karen",male,32.81770177630711,0,1,SC/Paris 973544,78.90902118658413,C152,C
9704,1,3,"Wallace, Mrs. Alan",female,42.3807363694452,0,0,95733,5.402744324318993,D31,S
9705,0,3,"Rogers, Dr. Ashlee",male,26.097982761308135,1,0,45715,75.66443488206356,B75,S
9706,0,2,"Gonzalez, Mr. John",female,20.720007166004,0,0,65192,51.228524363759085,,C
9707,0,2,"Morgan, Miss. Ronald",male,25.305774046725922,2,0,CA 659846,24.509100107766304,,S
9708,0,3,"Bradford, Miss. Michael",female,62.28838640967082,1,0,31527,4.398116085031908,E86,S
9709,0,1,"Rogers, Master. Kelly",female,46.68699339892967,0,0,PC 750758,46.10936887500417,,Q
9710,0,3,"Lawson, Master. Robin",male,40.233960418215254,0,0,31747,91.52785670218722,,Q
9711,0,2,"Murray, Mrs. Terri",female,34.48095053815741,0,0,85641,27.297559603279243,,S
9712,1,1,"Adams, Mr. Jonathan",male,29.821619495333323,2,0,80360,27.616039718356184,,C
9713,0,3,"Lee, Mrs. Mike",female,17.307149702664688,0,0,STON/O 783923,87.63168144397312,,S
9714,0,1,"Moore, Mrs. Misty",male,15.136334059687554,1,0,CA 692668,11.823680802544262,,C
9715,0,2,"Ingram, Miss. Heather",female,22.04925052881504,0,0,49338,9.46541123685309,D70,S
9716,0,1,"Cunningham, Mr. Jeffery",female,16.647081682771528,0,0,PC 178723,59.46737061081706,,S
9717,0,1,"Jimenez, Dr. Jordan",male,21.490618531722163,1,0,53635,53.42330692846387,,S
9718,0,3,"Miller, Miss. Matthew",male,28.573461234325915,0,0,51865,121.59277440808766,,C
9719,0,3,"Lynn, Mr. Robert",male,29.645777760118584,0,0,SOTON/O 873910,20.34229917939546,,S
9720,1,1,"Ball, Dr. Ashley",male,21.31466214461736,1,1,CA 286389,11.282395136944723,,S
9721,1,3,"Sosa, Dr. Meredith",male,36.93293376496287,1,0,PC 690688,28.00338593116412,A158,S
9722,0,2,"Branch, Master. Chris",male,27.353910789922633,1,0,CA 681002,24.208397787695922,,S
9723,1,3,"Hughes, Dr. Jessica",male,33.00578083649452,0,0,W.E.P. 378402,139.10763344459886,,S
9724,1,2,"Calhoun, Miss. Jaime",male,19.57573461092996,0,1,72959,124.81235750028912,,S
9725,0,2,"Jones, Master. Adrienne",female,39.70021576314011,1,0,17571,27.943895228801413,,S
9726,1,3,"Walter, Mrs. Ashley",female,22.51215459647782,1,0,60078,26.593539298504286,,S
9727,1,1,"Boyd, Mrs. Thomas",female,52.51975931434119,0,0,79930,29.438708538554405,,S
9728,0,1,"Reed, Dr. Brian",male,26.850121042723657,0,1,28502,65.63277648708656,,C
9729,0,3,"Simmons, Dr. Eric",male,28.674423139076666,0,0,STON/O 645350,39.93206206104988,,Q
9730,0,3,"Richards, Miss. Anna",male,38.31023880879118,1,0,A/5 770715,16.97855809997618,,Q
9731,0,3,"Sawyer, Dr. Taylor",female,41.36590270836981,0,0,31119,73.20838843190184,,S
9732,1,3,"Roberts, Mr. Erica",male,42.87431152267864,2,0,W.E.P. 857700,117.081378293207,,S
9733,0,3,"Ramsey, Miss. David",male,54.85823246219558,1,1,A/5 858250,63.249468367574835,,C
9734,1,2,"Mercado, Mrs. Tony",male,39.26639732765648,1,1,CA 768040,10.824058445723358,,S
9735,1,2,"Scott, Master. John",female,29.062189156173986,0,0,PC 983305,78.45646623280373,G192,S
9736,0,3,"Campbell, Dr. John",female,22.58495718437456,0,1,PC 925276,225.2714212329556,,S
9737,1,3,"Mccoy, Dr. Lori",male,28.126404035204505,0,0,SC/Paris 972023,57.78376249764523,,Q
9738,0,3,"Norton, Master. Beth",male,50.77623086600437,0,0,CA 169395,13.97816969620991,,S
9739,0,3,"Conway, Master. Deborah",female,10.58247175768684,0,0,94748,0.2781526871055746,,S
9740,1,2,"Johnson, Miss. Daniel",male,18.533886369572684,5,0,79883,24.339681733590176,,S
9741,0,2,"Olsen, Miss. Crystal",female,26.93418559053013,0,0,PC 495245,31.76751287291984,,C
9742,0,2,"Ramirez, Master. Bruce",female,18.347583426345643,0,0,A/5 566787,120.2056847513076,G187,S
9743,1,3,"Bryant, Master. Virginia",female,24.277192212209926,1,0,86927,48.33707963405503,,S
9744,1,3,"Castillo, Dr. Natasha",male,55.287283536851156,0,0,69343,16.537810112183355,,S
9745,0,3,"Jennings, Dr. Kimberly",female,25.826697445180567,0,1,77643,58.83902270494266,C118,S
9746,1,3,"Ruiz, Dr. Daniel",female,35.76307991228123,0,0,36706,4.8359651322907125,,S
9747,1,3,"Griffith, Mr. Suzanne",male,6.785244100059707,0,1,STON/O 719464,12.003741743951421,,S
9748,0,3,"Blackburn, Mr. Matthew",male,14.565878229541513,1,0,66020,68.22481110906527,,S
9749,0,3,"Phelps, Mrs. Matthew",female,43.05757053470801,2,0,A/5 429746,17.636269092443783,,S
9750,1,3,"Curry, Miss. Steve",male,53.35239813962845,2,0,58393,1.5818344699529543,,S
9751,0,3,"Schneider, Mr. Latasha",female,33.099748362039335,1,0,64909,34.3352026754067,,S
9752,0,1,"Romero, Miss. Jonathan",male,25.715772368544684,1,0,28774,53.65454269120736,,S
9753,0,1,"Hays, Dr. Tonya",female,36.94626283244333,1,0,53127,77.79966487369009,,Q
9754,1,3,"Anderson, Master. Joel",male,0.42,1,0,PC 974774,18.266464678371907,,C
9755,0,3,"Wilson, Dr. Connor",female,33.2076988092526,0,0,CA 541173,27.63232450864112,E27,S
9756,0,2,"Huynh, Master. John",male,15.35445159849498,2,0,SOTON/O 547752,40.65978981287843,,C
9757,0,1,"Fields, Master. Jacob",female,41.11730175113659,0,0,32934,3.880312128870405,G3,S
9758,1,3,"Phillips, Mrs. David",male,0.42,2,0,12187,11.010123808176669,,S
9759,0,3,"Reed, Miss. Erika",male,21.202736337270075,1,0,A/5 623976,23.04261100577705,C69,Q
9760,0,2,"Marshall, Master. Jeffrey",male,29.42633826648807,1,0,91535,15.542566156725904,D83,S
9761,1,3,"Peterson, Mr. Paul",female,19.334923438616645,0,0,SC/Paris 491388,31.351926457863154,,C
9762,0,3,"Bray, Mr. Molly",male,24.743218397366007,1,0,38896,52.59595507164434,,S
9763,1,3,"Smith, Dr. Virginia",female,42.662080909471115,1,0,PC 635794,38.79231031826167,B63,C
9764,1,2,"Moreno, Dr. Peter",female,29.65705579675839,0,0,STON/O 615476,74.4071029293052,E25,S
9765,1,2,"Cannon, Mrs. Emily",female,16.97186873049595,0,0,26863,49.2219302293565,,C
9766,0,2,"Murphy, Mrs. Joann",female,43.165600924109086,0,0,54737,17.25934706149249,A165,C
9767,1,2,"Knight, Dr. Elizabeth",male,33.51373216699628,0,0,28439,6.389912189132355,,S
9768,1,1,"Daniels, Mrs. Joan",female,34.094824714189954,0,0,19765,51.03964999384043,,S
9769,1,3,"Ray, Master. Michael",female,17.504845646806544,1,0,81865,11.909845980838249,,C
9770,0,2,"Lutz, Dr. Benjamin",male,0.42,1,0,69924,19.185080025637546,,S
9771,1,3,"Joseph, Mrs. John",male,17.31416273301079,0,0,43069,79.28662721591571,,S
9772,0,3,"Malone, Mr. Cathy",male,15.889839907503234,0,0,W.E.P. 583905,12.417552490699947,,S
9773,0,1,"Klein, Mrs. Lindsay",male,21.413842599469895,0,0,55883,38.59169885452684,,S
9774,0,3,"Nelson, Dr. Andre",male,18.21402067610773,0,0,SC/Paris 496919,4.981319642220184,D5,Q
9775,1,3,"Stephens, Mr. William",male,31.577779126657525,1,0,91651,26.938925354362425,,S
9776,0,3,"Whitney, Master. Martha",female,42.332284594639844,0,0,CA 915037,196.29871073744522,,Q
9777,0,2,"Sutton, Miss. Mary",male,45.06625998294031,0,0,85221,154.37354502417972,B194,S
9778,1,3,"Williams, Mrs. Lindsay",female,41.720966017090795,0,0,75287,146.4918911774441,,S
9779,0,2,"Jones, Mrs. Chad",male,17.433250338636135,1,0,W.E.P. 346920,45.21335683595248,,S
9780,0,3,"Garner, Miss. Joseph",male,30.824611106477743,0,1,21137,17.45613350431498,,S
9781,0,1,"Calderon, Miss. Daniel",male,51.91232187438074,0,0,A/5 580630,21.921499939108074,,S
9782,0,3,"Reilly, Dr. John",female,7.813719338379265,1,0,23796,11.536388868543495,G160,S
9783,1,2,"Adams, Master. Adrian",male,48.87522062195183,0,1,41359,5.1347568900989815,,C
9784,1,1,"Miles, Dr. Meagan",male,16.05455329054449,0,1,49217,9.247357811553334,,C
9785,0,3,"Kirk, Mr. Julie",male,34.11271402617716,1,0,51833,31.486218450748392,,S
9786,1,3,"Dougherty, Dr. James",male,35.778991637566406,0,0,STON/O 730758,1.37011953932073,,S
9787,0,2,"Sanchez, Miss. Elizabeth",male,32.65878251197259,1,0,SC/Paris 114672,140.00516756614545,,S
9788,0,1,"Keller, Master. Christina",female,61.1986205188361,1,0,31940,41.233802638357275,,S
9789,0,3,"Taylor, Dr. Jeffrey",female,25.788353393401906,0,0,94118,9.528994110161122,,S
9790,0,3,"Scott, Mr. Veronica",male,7.047169751069017,1,0,A/5 197229,26.921887525560965,,C
9791,0,1,"Dominguez, Miss. Michael",female,34.990258945375835,1,0,CA 859068,23.603232638374347,,S
9792,0,3,"Brown, Mrs. Stacey",male,27.619440213857565,0,1,71551,90.19659576764553,,S
9793,0,3,"Sullivan, Miss. Daniel",female,37.76721691506841,0,0,A/5 573244,6.419793337814367,G183,S
9794,0,1,"Knapp, Mr. Nancy",male,42.34933338623226,0,0,24673,28.094600113184416,,S
9795,0,3,"Green, Dr. Jennifer",female,29.528344596137522,0,0,PC 808925,62.12010496656353,,S
9796,0,3,"Allen, Dr. Haley",female,36.10834602899217,0,0,12156,23.35550539463325,G102,S
9797,1,3,"Henry, Dr. Gabriela",female,32.019331051318424,1,1,37512,22.126636207601347,,S
9798,1,1,"Tucker, Mrs. Daniel",male,55.08642421704596,1,0,PC 290433,20.808988915902688,,S
9799,0,3,"Anderson, Mr. Jocelyn",female,24.812135459852687,0,0,18679,71.77638967156913,B53,S
9800,1,2,"Anderson, Master. Jimmy",female,20.381017227861918,1,0,STON/O 217507,6.352125170680316,,Q
9801,1,3,"Compton, Mrs. Taylor",female,42.330232643557196,0,0,W.E.P. 683368,97.14224727669428,A143,C
9802,0,1,"Curry, Miss. Joyce",male,16.991482585201968,1,0,48351,3.676133703757112,C65,S
9803,0,3,"Adams, Mr. Nicholas",male,35.490209278155646,1,0,CA 467424,19.209950889869937,,S
9804,1,3,"Brewer, Mr. Mitchell",male,27.625751848631843,0,0,PC 741443,24.636691518158766,,S
9805,0,2,"Greene, Master. David",male,28.581510416412936,0,0,95820,25.00983875420511,,Q
9806,1,3,"Henry, Mr. Tiffany",female,64.12226473614237,2,0,PC 597588,10.39269951828615,,S
9807,1,3,"Leach, Miss. Andrew",female,47.27721442891128,0,0,SC/Paris 667475,46.21095943249319,,S
9808,1,1,"Williams, Mrs. Jerry",male,44.30211346647204,0,1,PC 939102,30.217649601083245,E120,S
9809,1,3,"Booth, Miss. Russell",female,37.427988966677624,0,0,SC/Paris 318187,41.91711071244633,G107,S
9810,0,3,"Garcia, Miss. Elizabeth",male,20.318802299837543,0,0,88614,47.714533890753884,,S
9811,0,1,"James, Mr. Aaron",male,33.66074361432809,0,0,64270,10.618598955452358,,S
9812,1,3,"Shepherd, Mrs. Edward",male,38.16654021160138,0,0,28981,126.46883771992354,A133,C
9813,0,3,"Freeman, Master. Samantha",female,32.785796021951164,0,1,85297,88.62561632204113,F87,C
9814,1,2,"Armstrong, Miss. Carla",female,31.326504582815456,1,0,A/5 588039,88.1307522965629,F157,Q
9815,1,3,"Green, Dr. Scott",male,24.43570981694833,0,0,48309,37.927374325472776,,S
9816,1,2,"Banks, Mrs. Pamela",female,33.828421095537955,0,0,64484,85.75488315959582,G189,S
9817,0,3,"Jones, Mr. Heather",male,22.642001079650626,2,0,49875,49.37389621549405,,Q
9818,0,3,"Walker, Miss. David",male,39.84792451394165,0,0,W.E.P. 634965,29.942322308984544,,S
9819,0,2,"Wilson, Miss. Aaron",male,1.7792031837930864,2,0,PC 678740,69.80927370188232,,S
9820,0,3,"Kelley, Miss. Susan",male,49.02240993029919,2,0,29658,45.80743776079342,,S
9821,1,3,"Fuller, Miss. Justin",female,11.636677373849547,0,0,CA 733696,0.10078339678723378,E165,S
9822,1,2,"Davis, Miss. Susan",female,15.058429663026201,0,0,52402,290.50375714012955,,S
9823,1,3,"Wilson, Miss. James",male,35.72395859870351,0,0,A/5 107228,28.092878642272503,F118,S
9824,0,3,"Smith, Master. Angela",male,37.559185624965274,0,0,STON/O 596523,42.399835635188694,G114,C
9825,0,3,"Nash, Dr. Zachary",male,59.095891669661164,1,1,PC 271318,26.038401978218683,B185,S
9826,1,3,"Burgess, Master. Mark",male,34.14798341032776,0,0,SOTON/O 764103,5.284828099144687,,C
9827,0,2,"Harris, Master. Jessica",male,29.433633276100323,0,1,29987,89.79139302014599,,S
9828,0,2,"Hebert, Miss. Mikayla",male,32.67819129959954,0,0,SC/Paris 992881,57.37258930940433,,C
9829,1,3,"Curry, Miss. Erin",female,52.26682865802889,1,2,PC 393543,88.1632200069166,,S
9830,1,3,"Andersen, Miss. Daniel",male,63.941599869301314,0,0,SC/Paris 622180,33.077207004961835,,C
9831,0,3,"Obrien, Mrs. Kevin",male,27.412795815274205,0,0,W.E.P. 708546,78.4405152031069,,S
9832,1,2,"Nguyen, Mr. Haley",female,37.598813826409575,0,0,96355,79.90496219147528,,C
9833,0,3,"Franklin, Mr. Tony",male,28.958551417062626,1,1,38011,20.495970731490086,,C
9834,1,3,"Hoffman, Dr. Teresa",male,28.68027122244588,0,0,A/5 509068,0.2040747331103425,,S
9835,0,2,"White, Master. Amanda",male,56.30670873410674,0,1,A/5 602960,98.22978322128452,,S
9836,0,1,"Greene, Master. Alexa",male,17.039755865911147,0,0,49478,10.20586292337849,,S
9837,1,3,"Harmon, Dr. Sabrina",male,0.42,0,0,SOTON/O 637097,101.51856364662515,C66,S
9838,0,2,"Wood, Dr. Taylor",male,34.444221026651746,1,2,PC 908889,48.15587004575414,,C
9839,1,1,"Simmons, Mrs. Tommy",female,46.814091402669035,0,0,STON/O 575490,50.357637006943904,,C
9840,1,3,"Barnes, Dr. Lauren",female,33.07855276751443,0,0,52913,14.19900461260157,,S
9841,1,3,"Harding, Dr. Robert",female,37.030849716912165,0,0,PC 955665,25.75909636867017,,S
9842,1,3,"Smith, Dr. Elizabeth",male,40.533507335776505,0,0,11690,18.705002706385635,,S
9843,0,3,"Baxter, Miss. Amanda",male,31.552755027734477,0,0,SC/Paris 606234,10.557567603378779,,S
9844,1,3,"Fox, Mrs. Kerry",male,37.78830672827655,0,0,SC/Paris 626856,64.45952616029953,,S
9845,0,3,"Williams, Miss. Amy",male,37.554566581151235,0,0,A/5 408014,5.037633504711086,,S
9846,0,1,"Combs, Mrs. Ronald",male,2.579535638647176,1,0,26055,35.86860488713127,,S
9847,1,1,"Carlson, Mr. Kenneth",male,31.59413651221708,0,0,12615,38.394443696281066,,S
9848,0,1,"Rodriguez, Master. Samantha",male,7.9810403385670305,0,2,W.E.P. 847811,155.48590910627533,,S
9849,0,1,"Johnson, Master. Brandon",male,29.46559892849609,1,1,21205,101.77777630153322,F64,Q
9850,0,2,"Strickland, Mr. Amanda",male,23.06606671624792,0,0,94850,33.833065962463785,,Q
9851,1,2,"Owens, Dr. Crystal",male,44.47615756114959,0,0,PC 670776,92.95348322623789,,S
9852,1,2,"Brown, Mr. Leslie",male,33.42177862893996,2,1,A/5 309495,78.17012458375808,B38,S
9853,0,1,"Campbell, Mrs. Brittany",male,36.624699845235206,0,0,PC 729668,1.41464690624945,,S
9854,0,3,"Parsons, Mr. John",male,27.31968994852849,1,0,68532,127.64027109344056,G187,S
9855,1,2,"Molina, Master. Carolyn",male,44.73053767648908,0,1,50424,58.222344880425744,,S
9856,0,3,"Atkinson, Master. Kimberly",male,7.637445232681728,2,1,SC/Paris 793218,55.72982041535802,B178,S
9857,0,1,"Valencia, Dr. Eric",male,17.462965670301248,1,2,32570,62.49760617518715,,Q
9858,0,3,"Baker, Mr. Heather",male,48.00829970252324,0,1,76619,12.729251868120626,,S
9859,0,3,"Potts, Dr. Heather",female,23.900921012149418,0,0,36567,1.4803187686821528,,S
9860,0,3,"Sanchez, Miss. Michael",male,0.42,0,1,A/5 424641,13.188082427723938,,C
9861,1,3,"Jimenez, Mrs. Veronica",male,50.336977872594396,2,2,STON/O 829406,79.13442994690423,,S
9862,0,3,"Erickson, Dr. Katie",male,45.07710499903717,1,1,59292,45.480053697883754,,S
9863,1,1,"Green, Master. Valerie",male,39.953571692550256,0,0,60094,22.414345862775072,,S
9864,1,3,"Howard, Mrs. Cory",male,31.321684097323836,0,1,49231,13.82189394191737,,S
9865,1,3,"Ramirez, Miss. David",female,53.250458254221755,3,1,75472,80.42980412214796,,C
9866,0,3,"Gross, Mr. Nicole",female,47.62065800687502,0,0,CA 199606,30.61240126321391,,C
9867,0,2,"Mueller, Miss. Michael",male,51.66998496308814,1,0,CA 500691,47.30454480597696,D2,S
9868,0,3,"Reynolds, Mr. Stephanie",male,39.73700672626123,1,0,93265,0.6325289407016513,C32,S
9869,1,3,"Davis, Mr. Kristi",male,31.719141917515145,0,0,92108,28.09998228614893,,S
9870,0,3,"Perkins, Dr. Michael",male,24.411691805792813,0,0,67641,0.7777408292398327,E176,S
9871,0,3,"Mcdowell, Mrs. Kelsey",female,12.235066205477796,0,0,64598,77.42380563275948,,Q
9872,0,1,"Gill, Mrs. Linda",male,37.02863861652882,0,0,SOTON/O 599036,14.334228168353903,,C
9873,0,2,"Lopez, Miss. Ryan",male,38.195002687138455,1,0,CA 365643,9.143428363832681,,C
9874,0,2,"Smith, Master. Corey",male,25.103061353297466,0,1,STON/O 839205,130.45151717717113,D20,Q
9875,0,2,"Carter, Miss. Ruben",male,38.59153439363287,1,0,82961,0.908588208455443,,Q
9876,0,1,"Becker, Miss. Spencer",female,25.34951035761199,0,0,22748,11.021175033157455,,S
9877,0,1,"Cortez, Dr. Gail",female,42.14398767885745,0,1,A/5 707305,13.753726742042687,B71,S
9878,0,2,"Allen, Master. Elizabeth",female,17.650497896001937,1,0,CA 837235,86.52492393116744,,Q
9879,1,3,"Thompson, Dr. Monica",male,15.228438509878174,1,0,CA 769408,61.90818118355001,,S
9880,0,1,"Jackson, Mrs. Brendan",male,26.631897818938935,1,1,81696,171.1851444539519,B199,S
9881,0,3,"Dominguez, Dr. Jose",female,41.602995537032015,1,1,SOTON/O 795702,59.348774935488734,G168,S
9882,0,3,"Daniels, Miss. Vincent",female,13.777003494773673,1,0,STON/O 734777,13.480251172166133,D134,S
9883,0,3,"Jordan, Mrs. Joseph",male,44.69561826612873,1,0,53215,9.126243216558558,F190,S
9884,1,1,"Patterson, Dr. Lori",female,7.003766118607025,0,1,10530,70.40772058257099,,S
9885,0,3,"Hernandez, Mr. Scott",male,26.54555774167993,0,0,33211,115.58299062405335,,C
9886,1,3,"King, Miss. Amber",male,10.21693422056303,0,0,21643,121.33538066671947,F196,S
9887,1,3,"Williams, Miss. Gerald",male,0.42,1,0,91265,73.72277326987326,D167,S
9888,1,3,"Hickman, Dr. Robert",male,35.13032526685355,0,1,26688,79.08289291418123,B196,C
9889,0,3,"Alexander, Master. Robin",female,27.510644479164394,0,0,A/5 271391,54.290100358167216,,S
9890,0,3,"Benson, Mr. Curtis",male,10.440614940373155,2,0,33490,66.55757349163967,B183,S
9891,1,1,"Lawrence, Dr. Chase",female,22.767405988213085,1,1,59486,6.1677030971746785,,S
9892,0,1,"Garcia, Miss. Joe",male,36.18555317701039,1,0,62713,19.964782995040732,,S
9893,1,3,"Gonzalez, Miss. Ryan",male,24.845904662151632,1,0,A/5 860580,30.633580698262225,,S
9894,1,1,"Garcia, Miss. Laura",female,27.21846438204242,1,0,34543,54.5803048798753,,S
9895,1,1,"Harmon, Dr. Alicia",male,24.421608015477297,1,0,40241,27.036903159494656,,S
9896,0,3,"Levine, Mrs. Ronald",female,21.847770159980566,0,0,PC 294109,23.500023141669338,,S
9897,1,2,"Nelson, Master. Natasha",male,21.665278153596915,1,1,35173,41.45945507213837,B164,S
9898,1,3,"White, Dr. Lisa",male,21.254236871859703,0,0,SC/Paris 747908,25.079162399456166,,S
9899,1,3,"Mccoy, Dr. Christina",male,19.455999734976963,0,2,A/5 820891,3.765329986605343,G52,S
9900,0,2,"Lopez, Miss. Kayla",female,15.757875632328764,0,0,54227,174.36527894430625,,S
9901,0,1,"Stephens, Master. Melinda",male,24.684027551950393,0,0,PC 649969,130.2941268834232,,C
9902,0,1,"Jefferson, Miss. Lauren",female,21.04101006740776,1,0,21708,1.989499769350355,,S
9903,0,1,"Duke, Mr. Billy",female,14.996219172780295,0,1,A/5 559267,37.664687912746444,,S
9904,0,1,"Roberson, Mr. Michael",male,40.72420517499734,0,1,15957,62.37429040329353,,C
9905,1,1,"Alvarez, Miss. Richard",female,47.256903606834015,0,0,26344,47.06284450094378,,S
9906,0,2,"Russell, Mr. Michael",male,29.9985611555524,2,0,SC/Paris 669909,21.800337439593175,,S
9907,1,2,"Mccarthy, Mr. Dennis",male,30.930621831031747,1,0,CA 978316,81.29748776546494,,S
9908,0,3,"Keller, Miss. Eric",male,20.304104477825632,0,1,50206,47.692772332027126,D168,C
9909,0,3,"Thomas, Mr. John",male,44.938438995073966,0,0,64147,13.65151709289858,D175,S
9910,0,3,"Garcia, Mrs. Amy",male,54.33453561106876,0,0,SOTON/O 490970,47.23871799083516,,Q
9911,0,3,"Nolan, Miss. Michaela",male,27.706886393640737,0,0,88168,16.05651608592714,,S
9912,1,1,"Brown, Mrs. Donald",male,22.699748602504698,1,0,STON/O 864641,45.298440381014984,,S
9913,0,3,"James, Dr. Mark",female,34.780653723367834,0,0,SOTON/O 340321,72.26367936113056,,S
9914,0,2,"Tran, Mrs. Brandon",male,31.805034616537444,0,0,A/5 452715,18.01579601062108,,S
9915,0,1,"Leonard, Dr. William",female,22.997823343597947,1,2,PC 337975,16.600632898373938,F24,S
9916,1,3,"Hancock, Master. Bryan",male,36.59674166245291,1,1,53410,64.85971029527339,,C
9917,0,2,"Armstrong, Mr. Michele",female,43.134206503458564,0,1,43840,35.50144882256682,,C
9918,0,1,"Velez, Master. Amanda",male,18.998542381453085,0,0,39542,7.471459369727375,,S
9919,0,3,"Tran, Mr. Erin",male,65.58847571601845,1,0,35471,39.44937145655331,,C
9920,0,3,"Christensen, Dr. Eileen",male,8.53880980063041,0,2,84329,54.41464414642457,,S
9921,0,2,"Sanchez, Miss. Daniel",male,18.076329831227387,0,0,PC 368951,33.796387266619924,,S
9922,1,2,"Harrison, Mr. Zachary",male,33.275552424233084,0,0,PC 946368,48.92975384339129,,S
9923,0,3,"Garcia, Mrs. Bryan",female,61.456223657271686,1,0,84120,22.69504675232582,,Q
9924,0,3,"Horton, Dr. Ricky",female,22.123730316471253,0,0,45948,105.11051928063569,,S
9925,0,1,"Simon, Mrs. Lauren",female,15.079551623661784,1,1,PC 662128,13.719502919520169,C81,S
9926,0,3,"Bennett, Mr. Gabrielle",male,37.68938069800244,2,0,15293,16.518712924936644,,C
9927,0,3,"Cummings, Dr. Monica",male,26.519678291947006,1,1,SC/Paris 542006,74.28581264975466,A42,S
9928,1,2,"Hughes, Mrs. Mary",female,39.31357972936205,0,0,CA 139005,2.9799857823403175,A178,S
9929,1,3,"Hill, Dr. Samantha",male,29.009072301394124,0,2,36292,218.62439460561006,,S
9930,1,3,"Turner, Dr. Candice",female,17.999668410180618,1,0,73521,49.57971210308059,,C
9931,1,2,"Green, Mr. Rebecca",male,62.88426358579922,0,0,81734,82.36863760162598,,S
9932,0,3,"Jones, Mr. Maurice",female,0.42,0,2,14304,43.84675333176284,,S
9933,0,1,"White, Master. Robin",female,55.483342504896804,1,0,W.E.P. 610149,77.16611645045303,,C
9934,0,3,"Monroe, Miss. Andrew",female,43.06566665927498,0,0,A/5 128764,28.475696735382535,,Q
9935,0,3,"Small, Mr. Sarah",male,19.561749918618993,0,0,W.E.P. 985838,42.9887248510882,,S
9936,0,2,"Hart, Miss. Latoya",male,56.213881467672714,0,0,A/5 781864,54.22429555745176,,Q
9937,0,3,"Moore, Miss. Keith",female,10.800131210580354,0,0,STON/O 988667,116.10292994103044,,C
9938,1,3,"Crosby, Dr. Randy",female,44.113553468105344,0,0,CA 577990,1.769576626552702,G41,S
9939,1,2,"Owens, Mr. Richard",male,0.8429684173404581,0,0,SOTON/O 319242,5.765497925583673,,C
9940,1,1,"Smith, Miss. Bradley",male,13.957705298414748,0,3,A/5 875068,58.663470737354885,,C
9941,1,1,"Singh, Master. Gwendolyn",female,13.922934440929719,2,0,16574,21.10735655481348,,C
9942,0,3,"Boone, Mrs. Lisa",male,19.490806753996814,0,1,87232,56.618431598471474,,Q
9943,0,3,"Bowers, Miss. Jennifer",female,30.162135615301214,0,1,A/5 663248,12.921536488676269,,C
9944,1,3,"Scott, Mrs. Charles",female,18.436330902485793,0,0,86644,49.47790065020302,,C
9945,0,2,"Pena, Master. Arthur",female,1.49024667623096,0,0,88756,32.51541852987187,,S
9946,0,3,"Henry, Mrs. Darius",male,36.4883107618095,1,0,CA 551989,6.55776746965934,E48,Q
9947,0,2,"Wallace, Master. Tina",male,30.685312920984707,1,0,74397,132.5554632934535,,S
9948,0,1,"Serrano, Mr. Katie",male,35.72498277257452,0,0,95274,78.55848694879855,,S
9949,0,3,"Butler, Mr. Cynthia",female,32.40685072972368,1,1,87607,75.95128661167546,B72,S
9950,0,3,"Soto, Miss. Brittney",male,43.35929394779232,0,1,PC 652950,59.688760543536254,E126,S
9951,0,3,"Gomez, Dr. Peter",male,28.943247055744553,0,0,STON/O 234362,1.0789710227112437,,S
9952,1,3,"Hall, Mr. Taylor",male,44.17528888734434,0,0,PC 464209,35.12173865947301,,S
9953,0,3,"Herman, Mr. Theresa",male,19.14024692658281,1,1,PC 360826,69.5072151618581,,S
9954,0,3,"Mccarthy, Mr. Kathryn",female,19.93861468925606,1,0,W.E.P. 477792,12.215104694784236,A131,S
9955,0,1,"Small, Mr. Rebecca",female,49.2645515355747,0,0,STON/O 514902,47.75974433230204,C3,S
9956,0,3,"Martinez, Master. Julie",female,48.979361215182045,0,0,87590,132.5949793649931,A55,S
9957,1,3,"Hudson, Miss. Anne",male,38.03238999893166,1,0,SOTON/O 359453,69.904545110162,,S
9958,1,3,"Ho, Master. James",female,17.552489219962695,0,0,SOTON/O 976775,39.663747273192,,C
9959,1,2,"Howe, Mr. Aaron",male,16.42514590585941,1,0,W.E.P. 369197,18.547699191906958,B4,S
9960,0,3,"Navarro, Master. Tiffany",male,48.592895473057794,1,0,27488,50.604084482088574,,C
9961,0,3,"Ali, Dr. Jessica",male,47.81730898609423,1,0,W.E.P. 551259,62.658814214384805,,S
9962,0,1,"Jones, Dr. John",male,29.10988899261825,0,1,W.E.P. 226864,50.77381100627891,,S
9963,0,3,"Graham, Mr. Rhonda",male,62.78638897757794,0,0,CA 633338,70.41037792206689,,C
9964,0,3,"Meyer, Miss. Lauren",male,36.424601007245954,0,0,87815,16.372953956312667,,S
9965,0,1,"Bell, Mrs. Donna",male,14.499208763564324,0,0,63766,35.44463687847523,D145,S
9966,0,1,"Burnett, Miss. Michael",male,26.141164604649518,2,0,61038,39.77800148647173,,S
9967,1,3,"Brock, Dr. Sean",male,30.076588092075234,3,0,W.E.P. 387919,4.709215923683514,B3,S
9968,0,2,"Anderson, Dr. Sheila",female,31.20958091448759,0,1,PC 217250,9.712284459230206,D61,S
9969,1,3,"Schneider, Miss. David",male,47.500045049923905,1,0,STON/O 465910,18.309044290211943,,S
9970,0,3,"Daniels, Mr. Linda",male,16.611955222698974,0,0,84981,2.4467057952345814,,S
9971,0,2,"Orozco, Master. Olivia",male,11.358827812428963,1,0,80660,13.302782040673373,C5,S
9972,1,3,"Lewis, Dr. Arthur",female,38.43253156207133,0,0,17526,36.92361788789489,,S
9973,1,3,"Bennett, Dr. Zachary",male,22.902216875038047,0,0,73208,39.016466405836105,,S
9974,0,3,"Griffin, Mrs. Elizabeth",female,63.92908572853554,0,0,35381,14.345929429423087,,S
9975,0,3,"Bauer, Master. Christina",male,43.205085340658854,0,0,W.E.P. 388571,146.39267267226555,,S
9976,0,3,"Snyder, Miss. Kyle",male,22.64444966723664,1,0,A/5 320873,31.477319422668998,,Q
9977,0,1,"Ryan, Dr. Miranda",male,46.97995234297889,1,1,SOTON/O 226098,50.70569179632452,,S
9978,1,2,"Hansen, Master. Alexander",female,40.225751131162085,0,0,62332,1.5416436280848331,,S
9979,1,1,"Lambert, Miss. Chad",male,38.8717600644859,0,0,CA 213362,25.473172858626032,G117,C
9980,1,2,"Coleman, Master. Kelsey",male,28.288584957761103,1,0,25074,39.05613602544219,,S
9981,0,3,"Howard, Mrs. Brian",male,35.88631192293852,1,1,CA 712514,18.71680714169834,,S
9982,0,3,"Beard, Dr. Valerie",male,0.5585893917026965,0,0,STON/O 830646,9.399197290358412,,S
9983,0,3,"Cochran, Dr. Kristin",female,48.43925165910871,2,0,W.E.P. 179419,11.228885283080507,F17,S
9984,1,2,"Lopez, Mrs. Melissa",female,0.42,0,0,87591,31.41950577122398,C150,C
9985,1,2,"Wallace, Mrs. Richard",male,23.810276683637188,0,0,W.E.P. 715239,3.6831893274943344,,C
9986,0,3,"Smith, Mr. Elizabeth",male,7.660052255283524,0,0,59037,13.358754115244054,,Q
9987,0,2,"Hawkins, Miss. Juan",male,22.988084022758674,0,1,94920,63.56601002304141,D88,C
9988,0,3,"Mckee, Dr. Andrea",male,28.962358186230524,2,0,74412,12.087029813184818,B83,S
9989,0,1,"Ochoa, Master. Lisa",male,13.24489052517304,2,1,CA 649020,6.217818605863347,,S
9990,1,3,"Parrish, Mrs. Cody",male,0.42,0,1,99573,4.373909788451543,,S
9991,0,3,"Deleon, Mr. Matthew",male,32.89892013797481,0,0,PC 144705,224.27276592874725,,S
9992,0,3,"Hill, Mrs. Jose",female,59.21015694839054,2,0,SOTON/O 108910,4.543455505337956,,Q
9993,0,1,"Miller, Mrs. Daniel",male,25.082077664099906,0,0,61873,28.413775151594272,,S
9994,1,3,"Harmon, Dr. Nathaniel",male,43.4306333871612,0,0,80315,35.77702042834033,,C
9995,0,3,"Cohen, Miss. Edward",male,51.06138772579641,0,0,25153,167.01820117929066,,C
9996,1,3,"Hartman, Dr. Rachel",female,3.399469056358825,0,0,98318,110.86591542916744,,S
9997,1,1,"Obrien, Master. Jennifer",female,23.598147879303507,1,1,33335,13.569362453356257,,S
9998,1,2,"Velasquez, Mrs. Elizabeth",male,12.13060143635678,1,0,10227,4.42523471026479,,S
9999,0,2,"Pacheco, Master. Stephanie",male,18.712121468305703,0,1,W.E.P. 116552,28.80618516064178,,S
10000,0,1,"Lopez, Master. Patricia",male,53.82816381605281,0,1,CA 165204,5.318857035901852,,S
